timestamp,object,message
2026-06-24T07:49:50.875Z,backend,Hit:1 http://deb.debian.org/debian trixie InRelease
2026-06-24T07:49:50.875Z,backend,Hit:1 http://deb.debian.org/debian trixie InRelease
2026-06-24T07:49:50.885Z,backend,Get:2 http://deb.debian.org/debian trixie-updates InRelease [47.3 kB]
2026-06-24T07:49:50.885Z,backend,Get:2 http://deb.debian.org/debian trixie-updates InRelease [47.3 kB]
2026-06-24T07:49:50.927Z,backend,Hit:3 http://deb.debian.org/debian-security trixie-security InRelease
2026-06-24T07:49:50.927Z,backend,Hit:3 http://deb.debian.org/debian-security trixie-security InRelease
2026-06-24T07:49:50.942Z,backend,Get:4 http://deb.debian.org/debian trixie/main amd64 Packages [9671 kB]
2026-06-24T07:49:50.942Z,backend,Get:4 http://deb.debian.org/debian trixie/main amd64 Packages [9671 kB]
2026-06-24T07:49:51.441Z,backend,Get:5 http://deb.debian.org/debian trixie-updates/main amd64 Packages [5412 B]
2026-06-24T07:49:51.441Z,backend,Get:5 http://deb.debian.org/debian trixie-updates/main amd64 Packages [5412 B]
2026-06-24T07:49:51.460Z,backend,Get:6 http://deb.debian.org/debian-security trixie-security/main amd64 Packages [222 kB]
2026-06-24T07:49:51.460Z,backend,Get:6 http://deb.debian.org/debian-security trixie-security/main amd64 Packages [222 kB]
2026-06-24T07:49:52.444Z,backend,Fetched 9946 kB in 2s (5868 kB/s)
2026-06-24T07:49:52.444Z,backend,Reading package lists...
2026-06-24T07:49:52.444Z,backend,Fetched 9946 kB in 2s (5868 kB/s)
2026-06-24T07:49:52.444Z,backend,Reading package lists...
2026-06-24T07:49:53.413Z,backend,
2026-06-24T07:49:53.413Z,backend,
2026-06-24T07:49:53.437Z,backend,Reading package lists...
2026-06-24T07:49:53.437Z,backend,Reading package lists...
2026-06-24T07:49:54.418Z,backend,
2026-06-24T07:49:54.418Z,backend,
2026-06-24T07:49:54.436Z,backend,Building dependency tree...
2026-06-24T07:49:54.436Z,backend,Building dependency tree...
2026-06-24T07:49:54.678Z,backend,
2026-06-24T07:49:54.678Z,backend,Reading state information...
2026-06-24T07:49:54.678Z,backend,
2026-06-24T07:49:54.678Z,backend,Reading state information...
2026-06-24T07:49:54.679Z,backend,
2026-06-24T07:49:54.679Z,backend,
2026-06-24T07:49:55.053Z,backend,The following additional packages will be installed:
2026-06-24T07:49:55.053Z,backend,binutils binutils-common binutils-x86-64-linux-gnu cpp cpp-14
2026-06-24T07:49:55.053Z,backend,cpp-14-x86-64-linux-gnu cpp-x86-64-linux-gnu gcc-14 gcc-14-x86-64-linux-gnu
2026-06-24T07:49:55.053Z,backend,The following additional packages will be installed:
2026-06-24T07:49:55.053Z,backend,binutils binutils-common binutils-x86-64-linux-gnu cpp cpp-14
2026-06-24T07:49:55.053Z,backend,cpp-14-x86-64-linux-gnu cpp-x86-64-linux-gnu gcc-14 gcc-14-x86-64-linux-gnu
2026-06-24T07:49:55.054Z,backend,gcc-x86-64-linux-gnu libasan8 libatomic1 libbinutils libcc1-0 libcom-err2
2026-06-24T07:49:55.054Z,backend,libctf-nobfd0 libctf0 libgcc-14-dev libgomp1 libgprofng0 libgssapi-krb5-2
2026-06-24T07:49:55.054Z,backend,libhwasan0 libisl23 libitm1 libjansson4 libk5crypto3 libkeyutils1 libkrb5-3
2026-06-24T07:49:55.054Z,backend,gcc-x86-64-linux-gnu libasan8 libatomic1 libbinutils libcc1-0 libcom-err2
2026-06-24T07:49:55.054Z,backend,libctf-nobfd0 libctf0 libgcc-14-dev libgomp1 libgprofng0 libgssapi-krb5-2
2026-06-24T07:49:55.054Z,backend,libhwasan0 libisl23 libitm1 libjansson4 libk5crypto3 libkeyutils1 libkrb5-3
2026-06-24T07:49:55.057Z,backend,libkrb5support0 libldap2 liblsan0 libmpc3 libmpfr6 libpq5 libquadmath0
2026-06-24T07:49:55.057Z,backend,libkrb5support0 libldap2 liblsan0 libmpc3 libmpfr6 libpq5 libquadmath0
2026-06-24T07:49:55.058Z,backend,libsasl2-2 libsasl2-modules-db libsframe1 libssl-dev libtsan2 libubsan1
2026-06-24T07:49:55.058Z,backend,libsasl2-2 libsasl2-modules-db libsframe1 libssl-dev libtsan2 libubsan1
2026-06-24T07:49:55.062Z,backend,Suggested packages:
2026-06-24T07:49:55.062Z,backend,binutils-doc gprofng-gui binutils-gold cpp-doc gcc-14-locales cpp-14-doc
2026-06-24T07:49:55.062Z,backend,gcc-multilib make manpages-dev autoconf automake libtool flex bison gdb
2026-06-24T07:49:55.062Z,backend,gcc-doc gcc-14-multilib gcc-14-doc gdb-x86-64-linux-gnu krb5-doc krb5-user
2026-06-24T07:49:55.062Z,backend,postgresql-doc-17 libssl-doc
2026-06-24T07:49:55.062Z,backend,Recommended packages:
2026-06-24T07:49:55.062Z,backend,libc6-dev | libc-dev libc6-dev libc-dev krb5-locales libldap-common
2026-06-24T07:49:55.062Z,backend,libsasl2-modules
2026-06-24T07:49:55.062Z,backend,Suggested packages:
2026-06-24T07:49:55.062Z,backend,binutils-doc gprofng-gui binutils-gold cpp-doc gcc-14-locales cpp-14-doc
2026-06-24T07:49:55.062Z,backend,gcc-multilib make manpages-dev autoconf automake libtool flex bison gdb
2026-06-24T07:49:55.062Z,backend,gcc-doc gcc-14-multilib gcc-14-doc gdb-x86-64-linux-gnu krb5-doc krb5-user
2026-06-24T07:49:55.062Z,backend,postgresql-doc-17 libssl-doc
2026-06-24T07:49:55.062Z,backend,Recommended packages:
2026-06-24T07:49:55.062Z,backend,libc6-dev | libc-dev libc6-dev libc-dev krb5-locales libldap-common
2026-06-24T07:49:55.062Z,backend,libsasl2-modules
2026-06-24T07:49:55.199Z,backend,The following NEW packages will be installed:
2026-06-24T07:49:55.199Z,backend,binutils binutils-common binutils-x86-64-linux-gnu cpp cpp-14
2026-06-24T07:49:55.199Z,backend,cpp-14-x86-64-linux-gnu cpp-x86-64-linux-gnu gcc gcc-14
2026-06-24T07:49:55.199Z,backend,gcc-14-x86-64-linux-gnu gcc-x86-64-linux-gnu libasan8 libatomic1 libbinutils
2026-06-24T07:49:55.199Z,backend,The following NEW packages will be installed:
2026-06-24T07:49:55.199Z,backend,binutils binutils-common binutils-x86-64-linux-gnu cpp cpp-14
2026-06-24T07:49:55.199Z,backend,cpp-14-x86-64-linux-gnu cpp-x86-64-linux-gnu gcc gcc-14
2026-06-24T07:49:55.199Z,backend,gcc-14-x86-64-linux-gnu gcc-x86-64-linux-gnu libasan8 libatomic1 libbinutils
2026-06-24T07:49:55.200Z,backend,libcc1-0 libcom-err2 libctf-nobfd0 libctf0 libgcc-14-dev libgomp1
2026-06-24T07:49:55.200Z,backend,libgprofng0 libgssapi-krb5-2 libhwasan0 libisl23 libitm1 libjansson4
2026-06-24T07:49:55.200Z,backend,libk5crypto3 libkeyutils1 libkrb5-3 libkrb5support0 libldap2 liblsan0
2026-06-24T07:49:55.200Z,backend,libcc1-0 libcom-err2 libctf-nobfd0 libctf0 libgcc-14-dev libgomp1
2026-06-24T07:49:55.200Z,backend,libgprofng0 libgssapi-krb5-2 libhwasan0 libisl23 libitm1 libjansson4
2026-06-24T07:49:55.200Z,backend,libk5crypto3 libkeyutils1 libkrb5-3 libkrb5support0 libldap2 liblsan0
2026-06-24T07:49:55.201Z,backend,libmpc3 libmpfr6 libpq-dev libpq5 libquadmath0 libsasl2-2
2026-06-24T07:49:55.201Z,backend,libmpc3 libmpfr6 libpq-dev libpq5 libquadmath0 libsasl2-2
2026-06-24T07:49:55.202Z,backend,libsasl2-modules-db libsframe1 libssl-dev libtsan2 libubsan1
2026-06-24T07:49:55.202Z,backend,libsasl2-modules-db libsframe1 libssl-dev libtsan2 libubsan1
2026-06-24T07:49:55.278Z,backend,"0 upgraded, 43 newly installed, 0 to remove and 0 not upgraded."
2026-06-24T07:49:55.278Z,backend,Need to get 56.1 MB of archives.
2026-06-24T07:49:55.278Z,backend,"After this operation, 213 MB of additional disk space will be used."
2026-06-24T07:49:55.278Z,backend,Get:1 http://deb.debian.org/debian trixie/main amd64 libsframe1 amd64 2.44-3 [78.4 kB]
2026-06-24T07:49:55.278Z,backend,"0 upgraded, 43 newly installed, 0 to remove and 0 not upgraded."
2026-06-24T07:49:55.278Z,backend,Need to get 56.1 MB of archives.
2026-06-24T07:49:55.278Z,backend,"After this operation, 213 MB of additional disk space will be used."
2026-06-24T07:49:55.278Z,backend,Get:1 http://deb.debian.org/debian trixie/main amd64 libsframe1 amd64 2.44-3 [78.4 kB]
2026-06-24T07:49:55.315Z,backend,Get:2 http://deb.debian.org/debian trixie/main amd64 binutils-common amd64 2.44-3 [2509 kB]
2026-06-24T07:49:55.315Z,backend,Get:2 http://deb.debian.org/debian trixie/main amd64 binutils-common amd64 2.44-3 [2509 kB]
2026-06-24T07:49:55.454Z,backend,Get:3 http://deb.debian.org/debian trixie/main amd64 libbinutils amd64 2.44-3 [534 kB]
2026-06-24T07:49:55.454Z,backend,Get:3 http://deb.debian.org/debian trixie/main amd64 libbinutils amd64 2.44-3 [534 kB]
2026-06-24T07:49:55.479Z,backend,Get:4 http://deb.debian.org/debian trixie/main amd64 libgprofng0 amd64 2.44-3 [808 kB]
2026-06-24T07:49:55.479Z,backend,Get:4 http://deb.debian.org/debian trixie/main amd64 libgprofng0 amd64 2.44-3 [808 kB]
2026-06-24T07:49:55.528Z,backend,Get:5 http://deb.debian.org/debian trixie/main amd64 libctf-nobfd0 amd64 2.44-3 [156 kB]
2026-06-24T07:49:55.528Z,backend,Get:5 http://deb.debian.org/debian trixie/main amd64 libctf-nobfd0 amd64 2.44-3 [156 kB]
2026-06-24T07:49:55.535Z,backend,Get:6 http://deb.debian.org/debian trixie/main amd64 libctf0 amd64 2.44-3 [88.6 kB]
2026-06-24T07:49:55.535Z,backend,Get:6 http://deb.debian.org/debian trixie/main amd64 libctf0 amd64 2.44-3 [88.6 kB]
2026-06-24T07:49:55.538Z,backend,Get:7 http://deb.debian.org/debian trixie/main amd64 libjansson4 amd64 2.14-2+b3 [39.8 kB]
2026-06-24T07:49:55.538Z,backend,Get:7 http://deb.debian.org/debian trixie/main amd64 libjansson4 amd64 2.14-2+b3 [39.8 kB]
2026-06-24T07:49:55.541Z,backend,Get:8 http://deb.debian.org/debian trixie/main amd64 binutils-x86-64-linux-gnu amd64 2.44-3 [1014 kB]
2026-06-24T07:49:55.541Z,backend,Get:8 http://deb.debian.org/debian trixie/main amd64 binutils-x86-64-linux-gnu amd64 2.44-3 [1014 kB]
2026-06-24T07:49:55.582Z,backend,Get:9 http://deb.debian.org/debian trixie/main amd64 binutils amd64 2.44-3 [265 kB]
2026-06-24T07:49:55.582Z,backend,Get:9 http://deb.debian.org/debian trixie/main amd64 binutils amd64 2.44-3 [265 kB]
2026-06-24T07:49:55.601Z,backend,Get:10 http://deb.debian.org/debian trixie/main amd64 libisl23 amd64 0.27-1 [659 kB]
2026-06-24T07:49:55.601Z,backend,Get:10 http://deb.debian.org/debian trixie/main amd64 libisl23 amd64 0.27-1 [659 kB]
2026-06-24T07:49:55.631Z,backend,Get:11 http://deb.debian.org/debian trixie/main amd64 libmpfr6 amd64 4.2.2-1 [729 kB]
2026-06-24T07:49:55.631Z,backend,Get:11 http://deb.debian.org/debian trixie/main amd64 libmpfr6 amd64 4.2.2-1 [729 kB]
2026-06-24T07:49:55.668Z,backend,Get:12 http://deb.debian.org/debian trixie/main amd64 libmpc3 amd64 1.3.1-1+b3 [52.2 kB]
2026-06-24T07:49:55.668Z,backend,Get:12 http://deb.debian.org/debian trixie/main amd64 libmpc3 amd64 1.3.1-1+b3 [52.2 kB]
2026-06-24T07:49:55.671Z,backend,Get:13 http://deb.debian.org/debian trixie/main amd64 cpp-14-x86-64-linux-gnu amd64 14.2.0-19 [11.0 MB]
2026-06-24T07:49:55.671Z,backend,Get:13 http://deb.debian.org/debian trixie/main amd64 cpp-14-x86-64-linux-gnu amd64 14.2.0-19 [11.0 MB]
2026-06-24T07:49:56.145Z,backend,Get:14 http://deb.debian.org/debian trixie/main amd64 cpp-14 amd64 14.2.0-19 [1280 B]
2026-06-24T07:49:56.145Z,backend,Get:15 http://deb.debian.org/debian trixie/main amd64 cpp-x86-64-linux-gnu amd64 4:14.2.0-1 [4840 B]
2026-06-24T07:49:56.145Z,backend,Get:14 http://deb.debian.org/debian trixie/main amd64 cpp-14 amd64 14.2.0-19 [1280 B]
2026-06-24T07:49:56.145Z,backend,Get:15 http://deb.debian.org/debian trixie/main amd64 cpp-x86-64-linux-gnu amd64 4:14.2.0-1 [4840 B]
2026-06-24T07:49:56.146Z,backend,Get:16 http://deb.debian.org/debian trixie/main amd64 cpp amd64 4:14.2.0-1 [1568 B]
2026-06-24T07:49:56.146Z,backend,Get:16 http://deb.debian.org/debian trixie/main amd64 cpp amd64 4:14.2.0-1 [1568 B]
2026-06-24T07:49:56.147Z,backend,Get:17 http://deb.debian.org/debian trixie/main amd64 libcc1-0 amd64 14.2.0-19 [42.8 kB]
2026-06-24T07:49:56.147Z,backend,Get:18 http://deb.debian.org/debian trixie/main amd64 libgomp1 amd64 14.2.0-19 [137 kB]
2026-06-24T07:49:56.147Z,backend,Get:17 http://deb.debian.org/debian trixie/main amd64 libcc1-0 amd64 14.2.0-19 [42.8 kB]
2026-06-24T07:49:56.147Z,backend,Get:18 http://deb.debian.org/debian trixie/main amd64 libgomp1 amd64 14.2.0-19 [137 kB]
2026-06-24T07:49:56.152Z,backend,Get:19 http://deb.debian.org/debian trixie/main amd64 libitm1 amd64 14.2.0-19 [26.0 kB]
2026-06-24T07:49:56.152Z,backend,Get:19 http://deb.debian.org/debian trixie/main amd64 libitm1 amd64 14.2.0-19 [26.0 kB]
2026-06-24T07:49:56.153Z,backend,Get:20 http://deb.debian.org/debian trixie/main amd64 libatomic1 amd64 14.2.0-19 [9308 B]
2026-06-24T07:49:56.153Z,backend,Get:20 http://deb.debian.org/debian trixie/main amd64 libatomic1 amd64 14.2.0-19 [9308 B]
2026-06-24T07:49:56.154Z,backend,Get:21 http://deb.debian.org/debian trixie/main amd64 libasan8 amd64 14.2.0-19 [2725 kB]
2026-06-24T07:49:56.154Z,backend,Get:21 http://deb.debian.org/debian trixie/main amd64 libasan8 amd64 14.2.0-19 [2725 kB]
2026-06-24T07:49:56.247Z,backend,Get:22 http://deb.debian.org/debian trixie/main amd64 liblsan0 amd64 14.2.0-19 [1204 kB]
2026-06-24T07:49:56.247Z,backend,Get:22 http://deb.debian.org/debian trixie/main amd64 liblsan0 amd64 14.2.0-19 [1204 kB]
2026-06-24T07:49:56.312Z,backend,Get:23 http://deb.debian.org/debian trixie/main amd64 libtsan2 amd64 14.2.0-19 [2460 kB]
2026-06-24T07:49:56.312Z,backend,Get:23 http://deb.debian.org/debian trixie/main amd64 libtsan2 amd64 14.2.0-19 [2460 kB]
2026-06-24T07:49:56.420Z,backend,Get:24 http://deb.debian.org/debian trixie/main amd64 libubsan1 amd64 14.2.0-19 [1074 kB]
2026-06-24T07:49:56.420Z,backend,Get:24 http://deb.debian.org/debian trixie/main amd64 libubsan1 amd64 14.2.0-19 [1074 kB]
2026-06-24T07:49:56.471Z,backend,Get:25 http://deb.debian.org/debian trixie/main amd64 libhwasan0 amd64 14.2.0-19 [1488 kB]
2026-06-24T07:49:56.471Z,backend,Get:25 http://deb.debian.org/debian trixie/main amd64 libhwasan0 amd64 14.2.0-19 [1488 kB]
2026-06-24T07:49:56.531Z,backend,Get:26 http://deb.debian.org/debian trixie/main amd64 libquadmath0 amd64 14.2.0-19 [145 kB]
2026-06-24T07:49:56.531Z,backend,Get:26 http://deb.debian.org/debian trixie/main amd64 libquadmath0 amd64 14.2.0-19 [145 kB]
2026-06-24T07:49:56.538Z,backend,Get:27 http://deb.debian.org/debian trixie/main amd64 libgcc-14-dev amd64 14.2.0-19 [2672 kB]
2026-06-24T07:49:56.538Z,backend,Get:27 http://deb.debian.org/debian trixie/main amd64 libgcc-14-dev amd64 14.2.0-19 [2672 kB]
2026-06-24T07:49:56.650Z,backend,Get:28 http://deb.debian.org/debian trixie/main amd64 gcc-14-x86-64-linux-gnu amd64 14.2.0-19 [21.4 MB]
2026-06-24T07:49:56.650Z,backend,Get:28 http://deb.debian.org/debian trixie/main amd64 gcc-14-x86-64-linux-gnu amd64 14.2.0-19 [21.4 MB]
2026-06-24T07:49:57.729Z,backend,Get:29 http://deb.debian.org/debian trixie/main amd64 gcc-14 amd64 14.2.0-19 [540 kB]
2026-06-24T07:49:57.729Z,backend,Get:29 http://deb.debian.org/debian trixie/main amd64 gcc-14 amd64 14.2.0-19 [540 kB]
2026-06-24T07:49:57.755Z,backend,Get:30 http://deb.debian.org/debian trixie/main amd64 gcc-x86-64-linux-gnu amd64 4:14.2.0-1 [1436 B]
2026-06-24T07:49:57.755Z,backend,Get:31 http://deb.debian.org/debian trixie/main amd64 gcc amd64 4:14.2.0-1 [5136 B]
2026-06-24T07:49:57.755Z,backend,Get:30 http://deb.debian.org/debian trixie/main amd64 gcc-x86-64-linux-gnu amd64 4:14.2.0-1 [1436 B]
2026-06-24T07:49:57.755Z,backend,Get:31 http://deb.debian.org/debian trixie/main amd64 gcc amd64 4:14.2.0-1 [5136 B]
2026-06-24T07:49:57.756Z,backend,Get:32 http://deb.debian.org/debian trixie/main amd64 libcom-err2 amd64 1.47.2-3+b11 [25.0 kB]
2026-06-24T07:49:57.756Z,backend,Get:32 http://deb.debian.org/debian trixie/main amd64 libcom-err2 amd64 1.47.2-3+b11 [25.0 kB]
2026-06-24T07:49:57.758Z,backend,Get:33 http://deb.debian.org/debian-security trixie-security/main amd64 libkrb5support0 amd64 1.21.3-5+deb13u1 [33.1 kB]
2026-06-24T07:49:57.758Z,backend,Get:33 http://deb.debian.org/debian-security trixie-security/main amd64 libkrb5support0 amd64 1.21.3-5+deb13u1 [33.1 kB]
2026-06-24T07:49:57.762Z,backend,Get:34 http://deb.debian.org/debian-security trixie-security/main amd64 libk5crypto3 amd64 1.21.3-5+deb13u1 [81.2 kB]
2026-06-24T07:49:57.762Z,backend,Get:34 http://deb.debian.org/debian-security trixie-security/main amd64 libk5crypto3 amd64 1.21.3-5+deb13u1 [81.2 kB]
2026-06-24T07:49:57.769Z,backend,Get:35 http://deb.debian.org/debian trixie/main amd64 libkeyutils1 amd64 1.6.3-6 [9456 B]
2026-06-24T07:49:57.769Z,backend,Get:36 http://deb.debian.org/debian-security trixie-security/main amd64 libkrb5-3 amd64 1.21.3-5+deb13u1 [326 kB]
2026-06-24T07:49:57.769Z,backend,Get:35 http://deb.debian.org/debian trixie/main amd64 libkeyutils1 amd64 1.6.3-6 [9456 B]
2026-06-24T07:49:57.769Z,backend,Get:36 http://deb.debian.org/debian-security trixie-security/main amd64 libkrb5-3 amd64 1.21.3-5+deb13u1 [326 kB]
2026-06-24T07:49:57.789Z,backend,Get:37 http://deb.debian.org/debian-security trixie-security/main amd64 libgssapi-krb5-2 amd64 1.21.3-5+deb13u1 [138 kB]
2026-06-24T07:49:57.789Z,backend,Get:37 http://deb.debian.org/debian-security trixie-security/main amd64 libgssapi-krb5-2 amd64 1.21.3-5+deb13u1 [138 kB]
2026-06-24T07:49:57.801Z,backend,Get:38 http://deb.debian.org/debian trixie/main amd64 libsasl2-modules-db amd64 2.1.28+dfsg1-9 [19.8 kB]
2026-06-24T07:49:57.801Z,backend,Get:38 http://deb.debian.org/debian trixie/main amd64 libsasl2-modules-db amd64 2.1.28+dfsg1-9 [19.8 kB]
2026-06-24T07:49:57.803Z,backend,Get:39 http://deb.debian.org/debian trixie/main amd64 libsasl2-2 amd64 2.1.28+dfsg1-9 [57.5 kB]
2026-06-24T07:49:57.803Z,backend,Get:39 http://deb.debian.org/debian trixie/main amd64 libsasl2-2 amd64 2.1.28+dfsg1-9 [57.5 kB]
2026-06-24T07:49:57.809Z,backend,Get:40 http://deb.debian.org/debian trixie/main amd64 libldap2 amd64 2.6.10+dfsg-1 [194 kB]
2026-06-24T07:49:57.809Z,backend,Get:40 http://deb.debian.org/debian trixie/main amd64 libldap2 amd64 2.6.10+dfsg-1 [194 kB]
2026-06-24T07:49:57.824Z,backend,Get:41 http://deb.debian.org/debian-security trixie-security/main amd64 libpq5 amd64 17.10-0+deb13u1 [230 kB]
2026-06-24T07:49:57.824Z,backend,Get:41 http://deb.debian.org/debian-security trixie-security/main amd64 libpq5 amd64 17.10-0+deb13u1 [230 kB]
2026-06-24T07:49:57.850Z,backend,Get:42 http://deb.debian.org/debian-security trixie-security/main amd64 libssl-dev amd64 3.5.6-1~deb13u2 [2959 kB]
2026-06-24T07:49:57.850Z,backend,Get:42 http://deb.debian.org/debian-security trixie-security/main amd64 libssl-dev amd64 3.5.6-1~deb13u2 [2959 kB]
2026-06-24T07:49:58.007Z,backend,Get:43 http://deb.debian.org/debian-security trixie-security/main amd64 libpq-dev amd64 17.10-0+deb13u1 [154 kB]
2026-06-24T07:49:58.007Z,backend,Get:43 http://deb.debian.org/debian-security trixie-security/main amd64 libpq-dev amd64 17.10-0+deb13u1 [154 kB]
2026-06-24T07:49:58.237Z,backend,debconf: unable to initialize frontend: Dialog
2026-06-24T07:49:58.237Z,backend,"debconf: (TERM is not set, so the dialog frontend is not usable.)"
2026-06-24T07:49:58.237Z,backend,debconf: falling back to frontend: Readline
2026-06-24T07:49:58.237Z,backend,debconf: unable to initialize frontend: Dialog
2026-06-24T07:49:58.237Z,backend,"debconf: (TERM is not set, so the dialog frontend is not usable.)"
2026-06-24T07:49:58.237Z,backend,debconf: falling back to frontend: Readline
2026-06-24T07:49:58.238Z,backend,debconf: unable to initialize frontend: Readline
2026-06-24T07:49:58.238Z,backend,"debconf: (Can't locate Term/ReadLine.pm in @INC (you may need to install the Term::ReadLine module) (@INC entries checked: /etc/perl /usr/local/lib/x86_64-linux-gnu/perl/5.40.1 /usr/local/share/perl/5.40.1 /usr/lib/x86_64-linux-gnu/perl5/5.40 /usr/share/perl5 /usr/lib/x86_64-linux-gnu/perl-base /usr/lib/x86_64-linux-gnu/perl/5.40 /usr/share/perl/5.40 /usr/local/lib/site_perl) at /usr/share/perl5/Debconf/FrontEnd/Readline.pm line 8, <STDIN> line 43.)"
2026-06-24T07:49:58.238Z,backend,debconf: falling back to frontend: Teletype
2026-06-24T07:49:58.238Z,backend,debconf: unable to initialize frontend: Readline
2026-06-24T07:49:58.238Z,backend,"debconf: (Can't locate Term/ReadLine.pm in @INC (you may need to install the Term::ReadLine module) (@INC entries checked: /etc/perl /usr/local/lib/x86_64-linux-gnu/perl/5.40.1 /usr/local/share/perl/5.40.1 /usr/lib/x86_64-linux-gnu/perl5/5.40 /usr/share/perl5 /usr/lib/x86_64-linux-gnu/perl-base /usr/lib/x86_64-linux-gnu/perl/5.40 /usr/share/perl/5.40 /usr/local/lib/site_perl) at /usr/share/perl5/Debconf/FrontEnd/Readline.pm line 8, <STDIN> line 43.)"
2026-06-24T07:49:58.238Z,backend,debconf: falling back to frontend: Teletype
2026-06-24T07:49:58.246Z,backend,debconf: unable to initialize frontend: Teletype
2026-06-24T07:49:58.246Z,backend,debconf: (This frontend requires a controlling tty.)
2026-06-24T07:49:58.246Z,backend,debconf: falling back to frontend: Noninteractive
2026-06-24T07:49:58.246Z,backend,debconf: unable to initialize frontend: Teletype
2026-06-24T07:49:58.246Z,backend,debconf: (This frontend requires a controlling tty.)
2026-06-24T07:49:58.246Z,backend,debconf: falling back to frontend: Noninteractive
2026-06-24T07:50:00.401Z,backend,Fetched 56.1 MB in 3s (20.1 MB/s)
2026-06-24T07:50:00.401Z,backend,Fetched 56.1 MB in 3s (20.1 MB/s)
2026-06-24T07:50:00.437Z,backend,Selecting previously unselected package libsframe1:amd64.
2026-06-24T07:50:00.437Z,backend,(Reading database ...
2026-06-24T07:50:00.437Z,backend,Selecting previously unselected package libsframe1:amd64.
2026-06-24T07:50:00.437Z,backend,(Reading database ...
2026-06-24T07:50:00.438Z,backend,"(Reading database ... 5%(Reading database ... 10%(Reading database ... 15%(Reading database ... 20%(Reading database ... 25%(Reading database ..."
2026-06-24T07:50:00.438Z,backend,"(Reading database ... 5%(Reading database ... 10%(Reading database ... 15%(Reading database ... 20%(Reading database ... 25%(Reading database ..."
2026-06-24T07:50:00.439Z,backend,"30%(Reading database ... 35%(Reading database ... 40%(Reading database ... 45%(Reading database ... 50%(Reading database ... 55%(Reading database ... 60%(Reading database ... 65%(Reading database ... 70%"
2026-06-24T07:50:00.439Z,backend,
2026-06-24T07:50:00.439Z,backend,"30%(Reading database ... 35%(Reading database ... 40%(Reading database ... 45%(Reading database ... 50%(Reading database ... 55%(Reading database ... 60%(Reading database ... 65%(Reading database ... 70%"
2026-06-24T07:50:00.439Z,backend,
2026-06-24T07:50:00.442Z,backend,(Reading database ... 75%
2026-06-24T07:50:00.442Z,backend,(Reading database ... 80%
2026-06-24T07:50:00.442Z,backend,(Reading database ... 75%
2026-06-24T07:50:00.442Z,backend,(Reading database ... 80%
2026-06-24T07:50:00.443Z,backend,(Reading database ... 85%
2026-06-24T07:50:00.443Z,backend,(Reading database ... 90%
2026-06-24T07:50:00.443Z,backend,(Reading database ... 95%
2026-06-24T07:50:00.443Z,backend,(Reading database ... 85%
2026-06-24T07:50:00.443Z,backend,(Reading database ... 90%
2026-06-24T07:50:00.443Z,backend,(Reading database ... 95%
2026-06-24T07:50:00.444Z,backend,"(Reading database ... 100%(Reading database ... 5645 files and directories currently installed.)"
2026-06-24T07:50:00.444Z,backend,"(Reading database ... 100%(Reading database ... 5645 files and directories currently installed.)"
2026-06-24T07:50:00.445Z,backend,Preparing to unpack .../00-libsframe1_2.44-3_amd64.deb ...
2026-06-24T07:50:00.445Z,backend,Preparing to unpack .../00-libsframe1_2.44-3_amd64.deb ...
2026-06-24T07:50:00.463Z,backend,Unpacking libsframe1:amd64 (2.44-3) ...
2026-06-24T07:50:00.463Z,backend,Unpacking libsframe1:amd64 (2.44-3) ...
2026-06-24T07:50:00.514Z,backend,Selecting previously unselected package binutils-common:amd64.
2026-06-24T07:50:00.514Z,backend,Selecting previously unselected package binutils-common:amd64.
2026-06-24T07:50:00.515Z,backend,Preparing to unpack .../01-binutils-common_2.44-3_amd64.deb ...
2026-06-24T07:50:00.515Z,backend,Preparing to unpack .../01-binutils-common_2.44-3_amd64.deb ...
2026-06-24T07:50:00.523Z,backend,Unpacking binutils-common:amd64 (2.44-3) ...
2026-06-24T07:50:00.523Z,backend,Unpacking binutils-common:amd64 (2.44-3) ...
2026-06-24T07:50:00.733Z,backend,Selecting previously unselected package libbinutils:amd64.
2026-06-24T07:50:00.733Z,backend,Selecting previously unselected package libbinutils:amd64.
2026-06-24T07:50:00.734Z,backend,Preparing to unpack .../02-libbinutils_2.44-3_amd64.deb ...
2026-06-24T07:50:00.734Z,backend,Preparing to unpack .../02-libbinutils_2.44-3_amd64.deb ...
2026-06-24T07:50:00.739Z,backend,Unpacking libbinutils:amd64 (2.44-3) ...
2026-06-24T07:50:00.739Z,backend,Unpacking libbinutils:amd64 (2.44-3) ...
2026-06-24T07:50:00.836Z,backend,Selecting previously unselected package libgprofng0:amd64.
2026-06-24T07:50:00.836Z,backend,Selecting previously unselected package libgprofng0:amd64.
2026-06-24T07:50:00.837Z,backend,Preparing to unpack .../03-libgprofng0_2.44-3_amd64.deb ...
2026-06-24T07:50:00.837Z,backend,Preparing to unpack .../03-libgprofng0_2.44-3_amd64.deb ...
2026-06-24T07:50:00.852Z,backend,Unpacking libgprofng0:amd64 (2.44-3) ...
2026-06-24T07:50:00.852Z,backend,Unpacking libgprofng0:amd64 (2.44-3) ...
2026-06-24T07:50:00.992Z,backend,Selecting previously unselected package libctf-nobfd0:amd64.
2026-06-24T07:50:00.992Z,backend,Selecting previously unselected package libctf-nobfd0:amd64.
2026-06-24T07:50:00.994Z,backend,Preparing to unpack .../04-libctf-nobfd0_2.44-3_amd64.deb ...
2026-06-24T07:50:00.994Z,backend,Preparing to unpack .../04-libctf-nobfd0_2.44-3_amd64.deb ...
2026-06-24T07:50:01.001Z,backend,Unpacking libctf-nobfd0:amd64 (2.44-3) ...
2026-06-24T07:50:01.001Z,backend,Unpacking libctf-nobfd0:amd64 (2.44-3) ...
2026-06-24T07:50:01.058Z,backend,Selecting previously unselected package libctf0:amd64.
2026-06-24T07:50:01.058Z,backend,Selecting previously unselected package libctf0:amd64.
2026-06-24T07:50:01.059Z,backend,Preparing to unpack .../05-libctf0_2.44-3_amd64.deb ...
2026-06-24T07:50:01.059Z,backend,Preparing to unpack .../05-libctf0_2.44-3_amd64.deb ...
2026-06-24T07:50:01.063Z,backend,Unpacking libctf0:amd64 (2.44-3) ...
2026-06-24T07:50:01.063Z,backend,Unpacking libctf0:amd64 (2.44-3) ...
2026-06-24T07:50:01.113Z,backend,Selecting previously unselected package libjansson4:amd64.
2026-06-24T07:50:01.113Z,backend,Selecting previously unselected package libjansson4:amd64.
2026-06-24T07:50:01.114Z,backend,Preparing to unpack .../06-libjansson4_2.14-2+b3_amd64.deb ...
2026-06-24T07:50:01.114Z,backend,Preparing to unpack .../06-libjansson4_2.14-2+b3_amd64.deb ...
2026-06-24T07:50:01.121Z,backend,Unpacking libjansson4:amd64 (2.14-2+b3) ...
2026-06-24T07:50:01.121Z,backend,Unpacking libjansson4:amd64 (2.14-2+b3) ...
2026-06-24T07:50:01.168Z,backend,Selecting previously unselected package binutils-x86-64-linux-gnu.
2026-06-24T07:50:01.168Z,backend,Selecting previously unselected package binutils-x86-64-linux-gnu.
2026-06-24T07:50:01.169Z,backend,Preparing to unpack .../07-binutils-x86-64-linux-gnu_2.44-3_amd64.deb ...
2026-06-24T07:50:01.169Z,backend,Preparing to unpack .../07-binutils-x86-64-linux-gnu_2.44-3_amd64.deb ...
2026-06-24T07:50:01.176Z,backend,Unpacking binutils-x86-64-linux-gnu (2.44-3) ...
2026-06-24T07:50:01.176Z,backend,Unpacking binutils-x86-64-linux-gnu (2.44-3) ...
2026-06-24T07:50:01.345Z,backend,Selecting previously unselected package binutils.
2026-06-24T07:50:01.345Z,backend,Selecting previously unselected package binutils.
2026-06-24T07:50:01.346Z,backend,Preparing to unpack .../08-binutils_2.44-3_amd64.deb ...
2026-06-24T07:50:01.346Z,backend,Preparing to unpack .../08-binutils_2.44-3_amd64.deb ...
2026-06-24T07:50:01.354Z,backend,Unpacking binutils (2.44-3) ...
2026-06-24T07:50:01.354Z,backend,Unpacking binutils (2.44-3) ...
2026-06-24T07:50:01.424Z,backend,Selecting previously unselected package libisl23:amd64.
2026-06-24T07:50:01.424Z,backend,Selecting previously unselected package libisl23:amd64.
2026-06-24T07:50:01.425Z,backend,Preparing to unpack .../09-libisl23_0.27-1_amd64.deb ...
2026-06-24T07:50:01.425Z,backend,Preparing to unpack .../09-libisl23_0.27-1_amd64.deb ...
2026-06-24T07:50:01.431Z,backend,Unpacking libisl23:amd64 (0.27-1) ...
2026-06-24T07:50:01.431Z,backend,Unpacking libisl23:amd64 (0.27-1) ...
2026-06-24T07:50:01.542Z,backend,Selecting previously unselected package libmpfr6:amd64.
2026-06-24T07:50:01.542Z,backend,Selecting previously unselected package libmpfr6:amd64.
2026-06-24T07:50:01.543Z,backend,Preparing to unpack .../10-libmpfr6_4.2.2-1_amd64.deb ...
2026-06-24T07:50:01.543Z,backend,Preparing to unpack .../10-libmpfr6_4.2.2-1_amd64.deb ...
2026-06-24T07:50:01.548Z,backend,Unpacking libmpfr6:amd64 (4.2.2-1) ...
2026-06-24T07:50:01.548Z,backend,Unpacking libmpfr6:amd64 (4.2.2-1) ...
2026-06-24T07:50:01.646Z,backend,Selecting previously unselected package libmpc3:amd64.
2026-06-24T07:50:01.646Z,backend,Selecting previously unselected package libmpc3:amd64.
2026-06-24T07:50:01.648Z,backend,Preparing to unpack .../11-libmpc3_1.3.1-1+b3_amd64.deb ...
2026-06-24T07:50:01.648Z,backend,Preparing to unpack .../11-libmpc3_1.3.1-1+b3_amd64.deb ...
2026-06-24T07:50:01.653Z,backend,Unpacking libmpc3:amd64 (1.3.1-1+b3) ...
2026-06-24T07:50:01.653Z,backend,Unpacking libmpc3:amd64 (1.3.1-1+b3) ...
2026-06-24T07:50:01.709Z,backend,Selecting previously unselected package cpp-14-x86-64-linux-gnu.
2026-06-24T07:50:01.709Z,backend,Selecting previously unselected package cpp-14-x86-64-linux-gnu.
2026-06-24T07:50:01.710Z,backend,Preparing to unpack .../12-cpp-14-x86-64-linux-gnu_14.2.0-19_amd64.deb ...
2026-06-24T07:50:01.710Z,backend,Preparing to unpack .../12-cpp-14-x86-64-linux-gnu_14.2.0-19_amd64.deb ...
2026-06-24T07:50:01.716Z,backend,Unpacking cpp-14-x86-64-linux-gnu (14.2.0-19) ...
2026-06-24T07:50:01.716Z,backend,Unpacking cpp-14-x86-64-linux-gnu (14.2.0-19) ...
2026-06-24T07:50:02.619Z,backend,Selecting previously unselected package cpp-14.
2026-06-24T07:50:02.619Z,backend,Selecting previously unselected package cpp-14.
2026-06-24T07:50:02.620Z,backend,Preparing to unpack .../13-cpp-14_14.2.0-19_amd64.deb ...
2026-06-24T07:50:02.620Z,backend,Preparing to unpack .../13-cpp-14_14.2.0-19_amd64.deb ...
2026-06-24T07:50:02.627Z,backend,Unpacking cpp-14 (14.2.0-19) ...
2026-06-24T07:50:02.627Z,backend,Unpacking cpp-14 (14.2.0-19) ...
2026-06-24T07:50:02.678Z,backend,Selecting previously unselected package cpp-x86-64-linux-gnu.
2026-06-24T07:50:02.678Z,backend,Selecting previously unselected package cpp-x86-64-linux-gnu.
2026-06-24T07:50:02.680Z,backend,Preparing to unpack .../14-cpp-x86-64-linux-gnu_4%3a14.2.0-1_amd64.deb ...
2026-06-24T07:50:02.680Z,backend,Preparing to unpack .../14-cpp-x86-64-linux-gnu_4%3a14.2.0-1_amd64.deb ...
2026-06-24T07:50:02.686Z,backend,Unpacking cpp-x86-64-linux-gnu (4:14.2.0-1) ...
2026-06-24T07:50:02.686Z,backend,Unpacking cpp-x86-64-linux-gnu (4:14.2.0-1) ...
2026-06-24T07:50:02.746Z,backend,Selecting previously unselected package cpp.
2026-06-24T07:50:02.746Z,backend,Selecting previously unselected package cpp.
2026-06-24T07:50:02.747Z,backend,Preparing to unpack .../15-cpp_4%3a14.2.0-1_amd64.deb ...
2026-06-24T07:50:02.747Z,backend,Preparing to unpack .../15-cpp_4%3a14.2.0-1_amd64.deb ...
2026-06-24T07:50:02.762Z,backend,Unpacking cpp (4:14.2.0-1) ...
2026-06-24T07:50:02.762Z,backend,Unpacking cpp (4:14.2.0-1) ...
2026-06-24T07:50:02.808Z,backend,Selecting previously unselected package libcc1-0:amd64.
2026-06-24T07:50:02.808Z,backend,Selecting previously unselected package libcc1-0:amd64.
2026-06-24T07:50:02.809Z,backend,Preparing to unpack .../16-libcc1-0_14.2.0-19_amd64.deb ...
2026-06-24T07:50:02.809Z,backend,Preparing to unpack .../16-libcc1-0_14.2.0-19_amd64.deb ...
2026-06-24T07:50:02.817Z,backend,Unpacking libcc1-0:amd64 (14.2.0-19) ...
2026-06-24T07:50:02.817Z,backend,Unpacking libcc1-0:amd64 (14.2.0-19) ...
2026-06-24T07:50:02.873Z,backend,Selecting previously unselected package libgomp1:amd64.
2026-06-24T07:50:02.873Z,backend,Selecting previously unselected package libgomp1:amd64.
2026-06-24T07:50:02.874Z,backend,Preparing to unpack .../17-libgomp1_14.2.0-19_amd64.deb ...
2026-06-24T07:50:02.874Z,backend,Preparing to unpack .../17-libgomp1_14.2.0-19_amd64.deb ...
2026-06-24T07:50:02.880Z,backend,Unpacking libgomp1:amd64 (14.2.0-19) ...
2026-06-24T07:50:02.880Z,backend,Unpacking libgomp1:amd64 (14.2.0-19) ...
2026-06-24T07:50:02.948Z,backend,Selecting previously unselected package libitm1:amd64.
2026-06-24T07:50:02.948Z,backend,Selecting previously unselected package libitm1:amd64.
2026-06-24T07:50:02.949Z,backend,Preparing to unpack .../18-libitm1_14.2.0-19_amd64.deb ...
2026-06-24T07:50:02.949Z,backend,Preparing to unpack .../18-libitm1_14.2.0-19_amd64.deb ...
2026-06-24T07:50:02.955Z,backend,Unpacking libitm1:amd64 (14.2.0-19) ...
2026-06-24T07:50:02.955Z,backend,Unpacking libitm1:amd64 (14.2.0-19) ...
2026-06-24T07:50:03.006Z,backend,Selecting previously unselected package libatomic1:amd64.
2026-06-24T07:50:03.006Z,backend,Selecting previously unselected package libatomic1:amd64.
2026-06-24T07:50:03.007Z,backend,Preparing to unpack .../19-libatomic1_14.2.0-19_amd64.deb ...
2026-06-24T07:50:03.007Z,backend,Preparing to unpack .../19-libatomic1_14.2.0-19_amd64.deb ...
2026-06-24T07:50:03.012Z,backend,Unpacking libatomic1:amd64 (14.2.0-19) ...
2026-06-24T07:50:03.012Z,backend,Unpacking libatomic1:amd64 (14.2.0-19) ...
2026-06-24T07:50:03.070Z,backend,Selecting previously unselected package libasan8:amd64.
2026-06-24T07:50:03.070Z,backend,Selecting previously unselected package libasan8:amd64.
2026-06-24T07:50:03.071Z,backend,Preparing to unpack .../20-libasan8_14.2.0-19_amd64.deb ...
2026-06-24T07:50:03.071Z,backend,Preparing to unpack .../20-libasan8_14.2.0-19_amd64.deb ...
2026-06-24T07:50:03.076Z,backend,Unpacking libasan8:amd64 (14.2.0-19) ...
2026-06-24T07:50:03.076Z,backend,Unpacking libasan8:amd64 (14.2.0-19) ...
2026-06-24T07:50:03.355Z,backend,Selecting previously unselected package liblsan0:amd64.
2026-06-24T07:50:03.355Z,backend,Selecting previously unselected package liblsan0:amd64.
2026-06-24T07:50:03.356Z,backend,Preparing to unpack .../21-liblsan0_14.2.0-19_amd64.deb ...
2026-06-24T07:50:03.356Z,backend,Preparing to unpack .../21-liblsan0_14.2.0-19_amd64.deb ...
2026-06-24T07:50:03.363Z,backend,Unpacking liblsan0:amd64 (14.2.0-19) ...
2026-06-24T07:50:03.363Z,backend,Unpacking liblsan0:amd64 (14.2.0-19) ...
2026-06-24T07:50:03.497Z,backend,Selecting previously unselected package libtsan2:amd64.
2026-06-24T07:50:03.497Z,backend,Selecting previously unselected package libtsan2:amd64.
2026-06-24T07:50:03.498Z,backend,Preparing to unpack .../22-libtsan2_14.2.0-19_amd64.deb ...
2026-06-24T07:50:03.498Z,backend,Preparing to unpack .../22-libtsan2_14.2.0-19_amd64.deb ...
2026-06-24T07:50:03.503Z,backend,Unpacking libtsan2:amd64 (14.2.0-19) ...
2026-06-24T07:50:03.503Z,backend,Unpacking libtsan2:amd64 (14.2.0-19) ...
2026-06-24T07:50:03.701Z,backend,Selecting previously unselected package libubsan1:amd64.
2026-06-24T07:50:03.701Z,backend,Selecting previously unselected package libubsan1:amd64.
2026-06-24T07:50:03.702Z,backend,Preparing to unpack .../23-libubsan1_14.2.0-19_amd64.deb ...
2026-06-24T07:50:03.702Z,backend,Preparing to unpack .../23-libubsan1_14.2.0-19_amd64.deb ...
2026-06-24T07:50:03.709Z,backend,Unpacking libubsan1:amd64 (14.2.0-19) ...
2026-06-24T07:50:03.709Z,backend,Unpacking libubsan1:amd64 (14.2.0-19) ...
2026-06-24T07:50:03.811Z,backend,Selecting previously unselected package libhwasan0:amd64.
2026-06-24T07:50:03.811Z,backend,Selecting previously unselected package libhwasan0:amd64.
2026-06-24T07:50:03.812Z,backend,Preparing to unpack .../24-libhwasan0_14.2.0-19_amd64.deb ...
2026-06-24T07:50:03.812Z,backend,Preparing to unpack .../24-libhwasan0_14.2.0-19_amd64.deb ...
2026-06-24T07:50:03.819Z,backend,Unpacking libhwasan0:amd64 (14.2.0-19) ...
2026-06-24T07:50:03.819Z,backend,Unpacking libhwasan0:amd64 (14.2.0-19) ...
2026-06-24T07:50:03.957Z,backend,Selecting previously unselected package libquadmath0:amd64.
2026-06-24T07:50:03.957Z,backend,Selecting previously unselected package libquadmath0:amd64.
2026-06-24T07:50:03.958Z,backend,Preparing to unpack .../25-libquadmath0_14.2.0-19_amd64.deb ...
2026-06-24T07:50:03.958Z,backend,Preparing to unpack .../25-libquadmath0_14.2.0-19_amd64.deb ...
2026-06-24T07:50:03.963Z,backend,Unpacking libquadmath0:amd64 (14.2.0-19) ...
2026-06-24T07:50:03.963Z,backend,Unpacking libquadmath0:amd64 (14.2.0-19) ...
2026-06-24T07:50:03.999Z,backend,Selecting previously unselected package libgcc-14-dev:amd64.
2026-06-24T07:50:03.999Z,backend,Selecting previously unselected package libgcc-14-dev:amd64.
2026-06-24T07:50:04.000Z,backend,Preparing to unpack .../26-libgcc-14-dev_14.2.0-19_amd64.deb ...
2026-06-24T07:50:04.000Z,backend,Preparing to unpack .../26-libgcc-14-dev_14.2.0-19_amd64.deb ...
2026-06-24T07:50:04.004Z,backend,Unpacking libgcc-14-dev:amd64 (14.2.0-19) ...
2026-06-24T07:50:04.004Z,backend,Unpacking libgcc-14-dev:amd64 (14.2.0-19) ...
2026-06-24T07:50:04.212Z,backend,Selecting previously unselected package gcc-14-x86-64-linux-gnu.
2026-06-24T07:50:04.212Z,backend,Selecting previously unselected package gcc-14-x86-64-linux-gnu.
2026-06-24T07:50:04.213Z,backend,Preparing to unpack .../27-gcc-14-x86-64-linux-gnu_14.2.0-19_amd64.deb ...
2026-06-24T07:50:04.213Z,backend,Preparing to unpack .../27-gcc-14-x86-64-linux-gnu_14.2.0-19_amd64.deb ...
2026-06-24T07:50:04.220Z,backend,Unpacking gcc-14-x86-64-linux-gnu (14.2.0-19) ...
2026-06-24T07:50:04.220Z,backend,Unpacking gcc-14-x86-64-linux-gnu (14.2.0-19) ...
2026-06-24T07:50:05.092Z,backend,Selecting previously unselected package gcc-14.
2026-06-24T07:50:05.092Z,backend,Selecting previously unselected package gcc-14.
2026-06-24T07:50:05.093Z,backend,Preparing to unpack .../28-gcc-14_14.2.0-19_amd64.deb ...
2026-06-24T07:50:05.093Z,backend,Preparing to unpack .../28-gcc-14_14.2.0-19_amd64.deb ...
2026-06-24T07:50:05.099Z,backend,Unpacking gcc-14 (14.2.0-19) ...
2026-06-24T07:50:05.099Z,backend,Unpacking gcc-14 (14.2.0-19) ...
2026-06-24T07:50:05.152Z,backend,Selecting previously unselected package gcc-x86-64-linux-gnu.
2026-06-24T07:50:05.152Z,backend,Selecting previously unselected package gcc-x86-64-linux-gnu.
2026-06-24T07:50:05.153Z,backend,Preparing to unpack .../29-gcc-x86-64-linux-gnu_4%3a14.2.0-1_amd64.deb ...
2026-06-24T07:50:05.153Z,backend,Preparing to unpack .../29-gcc-x86-64-linux-gnu_4%3a14.2.0-1_amd64.deb ...
2026-06-24T07:50:05.158Z,backend,Unpacking gcc-x86-64-linux-gnu (4:14.2.0-1) ...
2026-06-24T07:50:05.158Z,backend,Unpacking gcc-x86-64-linux-gnu (4:14.2.0-1) ...
2026-06-24T07:50:05.204Z,backend,Selecting previously unselected package gcc.
2026-06-24T07:50:05.204Z,backend,Selecting previously unselected package gcc.
2026-06-24T07:50:05.205Z,backend,Preparing to unpack .../30-gcc_4%3a14.2.0-1_amd64.deb ...
2026-06-24T07:50:05.205Z,backend,Preparing to unpack .../30-gcc_4%3a14.2.0-1_amd64.deb ...
2026-06-24T07:50:05.210Z,backend,Unpacking gcc (4:14.2.0-1) ...
2026-06-24T07:50:05.210Z,backend,Unpacking gcc (4:14.2.0-1) ...
2026-06-24T07:50:05.262Z,backend,Selecting previously unselected package libcom-err2:amd64.
2026-06-24T07:50:05.262Z,backend,Selecting previously unselected package libcom-err2:amd64.
2026-06-24T07:50:05.263Z,backend,Preparing to unpack .../31-libcom-err2_1.47.2-3+b11_amd64.deb ...
2026-06-24T07:50:05.263Z,backend,Preparing to unpack .../31-libcom-err2_1.47.2-3+b11_amd64.deb ...
2026-06-24T07:50:05.267Z,backend,Unpacking libcom-err2:amd64 (1.47.2-3+b11) ...
2026-06-24T07:50:05.267Z,backend,Unpacking libcom-err2:amd64 (1.47.2-3+b11) ...
2026-06-24T07:50:05.308Z,backend,Selecting previously unselected package libkrb5support0:amd64.
2026-06-24T07:50:05.308Z,backend,Selecting previously unselected package libkrb5support0:amd64.
2026-06-24T07:50:05.309Z,backend,Preparing to unpack .../32-libkrb5support0_1.21.3-5+deb13u1_amd64.deb ...
2026-06-24T07:50:05.309Z,backend,Preparing to unpack .../32-libkrb5support0_1.21.3-5+deb13u1_amd64.deb ...
2026-06-24T07:50:05.314Z,backend,Unpacking libkrb5support0:amd64 (1.21.3-5+deb13u1) ...
2026-06-24T07:50:05.314Z,backend,Unpacking libkrb5support0:amd64 (1.21.3-5+deb13u1) ...
2026-06-24T07:50:05.364Z,backend,Selecting previously unselected package libk5crypto3:amd64.
2026-06-24T07:50:05.364Z,backend,Selecting previously unselected package libk5crypto3:amd64.
2026-06-24T07:50:05.365Z,backend,Preparing to unpack .../33-libk5crypto3_1.21.3-5+deb13u1_amd64.deb ...
2026-06-24T07:50:05.365Z,backend,Preparing to unpack .../33-libk5crypto3_1.21.3-5+deb13u1_amd64.deb ...
2026-06-24T07:50:05.371Z,backend,Unpacking libk5crypto3:amd64 (1.21.3-5+deb13u1) ...
2026-06-24T07:50:05.371Z,backend,Unpacking libk5crypto3:amd64 (1.21.3-5+deb13u1) ...
2026-06-24T07:50:05.430Z,backend,Selecting previously unselected package libkeyutils1:amd64.
2026-06-24T07:50:05.430Z,backend,Selecting previously unselected package libkeyutils1:amd64.
2026-06-24T07:50:05.431Z,backend,Preparing to unpack .../34-libkeyutils1_1.6.3-6_amd64.deb ...
2026-06-24T07:50:05.431Z,backend,Preparing to unpack .../34-libkeyutils1_1.6.3-6_amd64.deb ...
2026-06-24T07:50:05.439Z,backend,Unpacking libkeyutils1:amd64 (1.6.3-6) ...
2026-06-24T07:50:05.439Z,backend,Unpacking libkeyutils1:amd64 (1.6.3-6) ...
2026-06-24T07:50:05.480Z,backend,Selecting previously unselected package libkrb5-3:amd64.
2026-06-24T07:50:05.480Z,backend,Selecting previously unselected package libkrb5-3:amd64.
2026-06-24T07:50:05.482Z,backend,Preparing to unpack .../35-libkrb5-3_1.21.3-5+deb13u1_amd64.deb ...
2026-06-24T07:50:05.482Z,backend,Preparing to unpack .../35-libkrb5-3_1.21.3-5+deb13u1_amd64.deb ...
2026-06-24T07:50:05.487Z,backend,Unpacking libkrb5-3:amd64 (1.21.3-5+deb13u1) ...
2026-06-24T07:50:05.487Z,backend,Unpacking libkrb5-3:amd64 (1.21.3-5+deb13u1) ...
2026-06-24T07:50:05.568Z,backend,Selecting previously unselected package libgssapi-krb5-2:amd64.
2026-06-24T07:50:05.568Z,backend,Selecting previously unselected package libgssapi-krb5-2:amd64.
2026-06-24T07:50:05.569Z,backend,Preparing to unpack .../36-libgssapi-krb5-2_1.21.3-5+deb13u1_amd64.deb ...
2026-06-24T07:50:05.569Z,backend,Preparing to unpack .../36-libgssapi-krb5-2_1.21.3-5+deb13u1_amd64.deb ...
2026-06-24T07:50:05.581Z,backend,Unpacking libgssapi-krb5-2:amd64 (1.21.3-5+deb13u1) ...
2026-06-24T07:50:05.581Z,backend,Unpacking libgssapi-krb5-2:amd64 (1.21.3-5+deb13u1) ...
2026-06-24T07:50:05.634Z,backend,Selecting previously unselected package libsasl2-modules-db:amd64.
2026-06-24T07:50:05.634Z,backend,Selecting previously unselected package libsasl2-modules-db:amd64.
2026-06-24T07:50:05.635Z,backend,Preparing to unpack .../37-libsasl2-modules-db_2.1.28+dfsg1-9_amd64.deb ...
2026-06-24T07:50:05.635Z,backend,Preparing to unpack .../37-libsasl2-modules-db_2.1.28+dfsg1-9_amd64.deb ...
2026-06-24T07:50:05.642Z,backend,Unpacking libsasl2-modules-db:amd64 (2.1.28+dfsg1-9) ...
2026-06-24T07:50:05.642Z,backend,Unpacking libsasl2-modules-db:amd64 (2.1.28+dfsg1-9) ...
2026-06-24T07:50:05.710Z,backend,Selecting previously unselected package libsasl2-2:amd64.
2026-06-24T07:50:05.710Z,backend,Selecting previously unselected package libsasl2-2:amd64.
2026-06-24T07:50:05.712Z,backend,Preparing to unpack .../38-libsasl2-2_2.1.28+dfsg1-9_amd64.deb ...
2026-06-24T07:50:05.712Z,backend,Preparing to unpack .../38-libsasl2-2_2.1.28+dfsg1-9_amd64.deb ...
2026-06-24T07:50:05.718Z,backend,Unpacking libsasl2-2:amd64 (2.1.28+dfsg1-9) ...
2026-06-24T07:50:05.718Z,backend,Unpacking libsasl2-2:amd64 (2.1.28+dfsg1-9) ...
2026-06-24T07:50:05.781Z,backend,Selecting previously unselected package libldap2:amd64.
2026-06-24T07:50:05.781Z,backend,Selecting previously unselected package libldap2:amd64.
2026-06-24T07:50:05.782Z,backend,Preparing to unpack .../39-libldap2_2.6.10+dfsg-1_amd64.deb ...
2026-06-24T07:50:05.782Z,backend,Preparing to unpack .../39-libldap2_2.6.10+dfsg-1_amd64.deb ...
2026-06-24T07:50:05.791Z,backend,Unpacking libldap2:amd64 (2.6.10+dfsg-1) ...
2026-06-24T07:50:05.791Z,backend,Unpacking libldap2:amd64 (2.6.10+dfsg-1) ...
2026-06-24T07:50:05.845Z,backend,Selecting previously unselected package libpq5:amd64.
2026-06-24T07:50:05.845Z,backend,Selecting previously unselected package libpq5:amd64.
2026-06-24T07:50:05.846Z,backend,Preparing to unpack .../40-libpq5_17.10-0+deb13u1_amd64.deb ...
2026-06-24T07:50:05.846Z,backend,Preparing to unpack .../40-libpq5_17.10-0+deb13u1_amd64.deb ...
2026-06-24T07:50:05.852Z,backend,Unpacking libpq5:amd64 (17.10-0+deb13u1) ...
2026-06-24T07:50:05.852Z,backend,Unpacking libpq5:amd64 (17.10-0+deb13u1) ...
2026-06-24T07:50:05.936Z,backend,Selecting previously unselected package libssl-dev:amd64.
2026-06-24T07:50:05.936Z,backend,Selecting previously unselected package libssl-dev:amd64.
2026-06-24T07:50:05.937Z,backend,Preparing to unpack .../41-libssl-dev_3.5.6-1~deb13u2_amd64.deb ...
2026-06-24T07:50:05.937Z,backend,Preparing to unpack .../41-libssl-dev_3.5.6-1~deb13u2_amd64.deb ...
2026-06-24T07:50:05.946Z,backend,Unpacking libssl-dev:amd64 (3.5.6-1~deb13u2) ...
2026-06-24T07:50:05.946Z,backend,Unpacking libssl-dev:amd64 (3.5.6-1~deb13u2) ...
2026-06-24T07:50:06.147Z,backend,Selecting previously unselected package libpq-dev.
2026-06-24T07:50:06.147Z,backend,Selecting previously unselected package libpq-dev.
2026-06-24T07:50:06.148Z,backend,Preparing to unpack .../42-libpq-dev_17.10-0+deb13u1_amd64.deb ...
2026-06-24T07:50:06.148Z,backend,Preparing to unpack .../42-libpq-dev_17.10-0+deb13u1_amd64.deb ...
2026-06-24T07:50:06.163Z,backend,Unpacking libpq-dev (17.10-0+deb13u1) ...
2026-06-24T07:50:06.163Z,backend,Unpacking libpq-dev (17.10-0+deb13u1) ...
2026-06-24T07:50:06.231Z,backend,Setting up libkeyutils1:amd64 (1.6.3-6) ...
2026-06-24T07:50:06.231Z,backend,Setting up libkeyutils1:amd64 (1.6.3-6) ...
2026-06-24T07:50:06.242Z,backend,Setting up binutils-common:amd64 (2.44-3) ...
2026-06-24T07:50:06.242Z,backend,Setting up binutils-common:amd64 (2.44-3) ...
2026-06-24T07:50:06.256Z,backend,Setting up libctf-nobfd0:amd64 (2.44-3) ...
2026-06-24T07:50:06.256Z,backend,Setting up libctf-nobfd0:amd64 (2.44-3) ...
2026-06-24T07:50:06.271Z,backend,Setting up libcom-err2:amd64 (1.47.2-3+b11) ...
2026-06-24T07:50:06.271Z,backend,Setting up libcom-err2:amd64 (1.47.2-3+b11) ...
2026-06-24T07:50:06.285Z,backend,Setting up libgomp1:amd64 (14.2.0-19) ...
2026-06-24T07:50:06.285Z,backend,Setting up libgomp1:amd64 (14.2.0-19) ...
2026-06-24T07:50:06.301Z,backend,Setting up libsframe1:amd64 (2.44-3) ...
2026-06-24T07:50:06.301Z,backend,Setting up libsframe1:amd64 (2.44-3) ...
2026-06-24T07:50:06.319Z,backend,Setting up libjansson4:amd64 (2.14-2+b3) ...
2026-06-24T07:50:06.319Z,backend,Setting up libjansson4:amd64 (2.14-2+b3) ...
2026-06-24T07:50:06.330Z,backend,Setting up libkrb5support0:amd64 (1.21.3-5+deb13u1) ...
2026-06-24T07:50:06.330Z,backend,Setting up libkrb5support0:amd64 (1.21.3-5+deb13u1) ...
2026-06-24T07:50:06.366Z,backend,Setting up libsasl2-modules-db:amd64 (2.1.28+dfsg1-9) ...
2026-06-24T07:50:06.366Z,backend,Setting up libsasl2-modules-db:amd64 (2.1.28+dfsg1-9) ...
2026-06-24T07:50:06.386Z,backend,Setting up libmpfr6:amd64 (4.2.2-1) ...
2026-06-24T07:50:06.386Z,backend,Setting up libmpfr6:amd64 (4.2.2-1) ...
2026-06-24T07:50:06.406Z,backend,Setting up libquadmath0:amd64 (14.2.0-19) ...
2026-06-24T07:50:06.406Z,backend,Setting up libquadmath0:amd64 (14.2.0-19) ...
2026-06-24T07:50:06.432Z,backend,Setting up libssl-dev:amd64 (3.5.6-1~deb13u2) ...
2026-06-24T07:50:06.432Z,backend,Setting up libssl-dev:amd64 (3.5.6-1~deb13u2) ...
2026-06-24T07:50:06.453Z,backend,Setting up libmpc3:amd64 (1.3.1-1+b3) ...
2026-06-24T07:50:06.453Z,backend,Setting up libmpc3:amd64 (1.3.1-1+b3) ...
2026-06-24T07:50:06.472Z,backend,Setting up libatomic1:amd64 (14.2.0-19) ...
2026-06-24T07:50:06.472Z,backend,Setting up libatomic1:amd64 (14.2.0-19) ...
2026-06-24T07:50:06.488Z,backend,Setting up libk5crypto3:amd64 (1.21.3-5+deb13u1) ...
2026-06-24T07:50:06.488Z,backend,Setting up libk5crypto3:amd64 (1.21.3-5+deb13u1) ...
2026-06-24T07:50:06.507Z,backend,Setting up libsasl2-2:amd64 (2.1.28+dfsg1-9) ...
2026-06-24T07:50:06.507Z,backend,Setting up libsasl2-2:amd64 (2.1.28+dfsg1-9) ...
2026-06-24T07:50:06.521Z,backend,Setting up libubsan1:amd64 (14.2.0-19) ...
2026-06-24T07:50:06.521Z,backend,Setting up libubsan1:amd64 (14.2.0-19) ...
2026-06-24T07:50:06.536Z,backend,Setting up libhwasan0:amd64 (14.2.0-19) ...
2026-06-24T07:50:06.536Z,backend,Setting up libhwasan0:amd64 (14.2.0-19) ...
2026-06-24T07:50:06.548Z,backend,Setting up libasan8:amd64 (14.2.0-19) ...
2026-06-24T07:50:06.548Z,backend,Setting up libasan8:amd64 (14.2.0-19) ...
2026-06-24T07:50:06.564Z,backend,Setting up libkrb5-3:amd64 (1.21.3-5+deb13u1) ...
2026-06-24T07:50:06.564Z,backend,Setting up libkrb5-3:amd64 (1.21.3-5+deb13u1) ...
2026-06-24T07:50:06.575Z,backend,Setting up libtsan2:amd64 (14.2.0-19) ...
2026-06-24T07:50:06.575Z,backend,Setting up libtsan2:amd64 (14.2.0-19) ...
2026-06-24T07:50:06.588Z,backend,Setting up libbinutils:amd64 (2.44-3) ...
2026-06-24T07:50:06.588Z,backend,Setting up libbinutils:amd64 (2.44-3) ...
2026-06-24T07:50:06.603Z,backend,Setting up libisl23:amd64 (0.27-1) ...
2026-06-24T07:50:06.603Z,backend,Setting up libisl23:amd64 (0.27-1) ...
2026-06-24T07:50:06.616Z,backend,Setting up libcc1-0:amd64 (14.2.0-19) ...
2026-06-24T07:50:06.616Z,backend,Setting up libcc1-0:amd64 (14.2.0-19) ...
2026-06-24T07:50:06.628Z,backend,Setting up libldap2:amd64 (2.6.10+dfsg-1) ...
2026-06-24T07:50:06.628Z,backend,Setting up libldap2:amd64 (2.6.10+dfsg-1) ...
2026-06-24T07:50:06.644Z,backend,Setting up liblsan0:amd64 (14.2.0-19) ...
2026-06-24T07:50:06.644Z,backend,Setting up liblsan0:amd64 (14.2.0-19) ...
2026-06-24T07:50:06.658Z,backend,Setting up libitm1:amd64 (14.2.0-19) ...
2026-06-24T07:50:06.658Z,backend,Setting up libitm1:amd64 (14.2.0-19) ...
2026-06-24T07:50:06.672Z,backend,Setting up libctf0:amd64 (2.44-3) ...
2026-06-24T07:50:06.672Z,backend,Setting up libctf0:amd64 (2.44-3) ...
2026-06-24T07:50:06.688Z,backend,Setting up libgprofng0:amd64 (2.44-3) ...
2026-06-24T07:50:06.688Z,backend,Setting up libgprofng0:amd64 (2.44-3) ...
2026-06-24T07:50:06.701Z,backend,Setting up libgssapi-krb5-2:amd64 (1.21.3-5+deb13u1) ...
2026-06-24T07:50:06.701Z,backend,Setting up libgssapi-krb5-2:amd64 (1.21.3-5+deb13u1) ...
2026-06-24T07:50:06.716Z,backend,Setting up cpp-14-x86-64-linux-gnu (14.2.0-19) ...
2026-06-24T07:50:06.716Z,backend,Setting up cpp-14-x86-64-linux-gnu (14.2.0-19) ...
2026-06-24T07:50:06.728Z,backend,Setting up cpp-14 (14.2.0-19) ...
2026-06-24T07:50:06.728Z,backend,Setting up cpp-14 (14.2.0-19) ...
2026-06-24T07:50:06.742Z,backend,Setting up libgcc-14-dev:amd64 (14.2.0-19) ...
2026-06-24T07:50:06.742Z,backend,Setting up libgcc-14-dev:amd64 (14.2.0-19) ...
2026-06-24T07:50:06.755Z,backend,Setting up binutils-x86-64-linux-gnu (2.44-3) ...
2026-06-24T07:50:06.755Z,backend,Setting up binutils-x86-64-linux-gnu (2.44-3) ...
2026-06-24T07:50:06.768Z,backend,Setting up cpp-x86-64-linux-gnu (4:14.2.0-1) ...
2026-06-24T07:50:06.768Z,backend,Setting up cpp-x86-64-linux-gnu (4:14.2.0-1) ...
2026-06-24T07:50:06.780Z,backend,Setting up libpq5:amd64 (17.10-0+deb13u1) ...
2026-06-24T07:50:06.780Z,backend,Setting up libpq5:amd64 (17.10-0+deb13u1) ...
2026-06-24T07:50:06.791Z,backend,Setting up libpq-dev (17.10-0+deb13u1) ...
2026-06-24T07:50:06.791Z,backend,Setting up libpq-dev (17.10-0+deb13u1) ...
2026-06-24T07:50:06.808Z,backend,Setting up binutils (2.44-3) ...
2026-06-24T07:50:06.808Z,backend,Setting up binutils (2.44-3) ...
2026-06-24T07:50:06.827Z,backend,Setting up cpp (4:14.2.0-1) ...
2026-06-24T07:50:06.827Z,backend,Setting up cpp (4:14.2.0-1) ...
2026-06-24T07:50:06.855Z,backend,Setting up gcc-14-x86-64-linux-gnu (14.2.0-19) ...
2026-06-24T07:50:06.855Z,backend,Setting up gcc-14-x86-64-linux-gnu (14.2.0-19) ...
2026-06-24T07:50:06.870Z,backend,Setting up gcc-x86-64-linux-gnu (4:14.2.0-1) ...
2026-06-24T07:50:06.870Z,backend,Setting up gcc-x86-64-linux-gnu (4:14.2.0-1) ...
2026-06-24T07:50:06.885Z,backend,Setting up gcc-14 (14.2.0-19) ...
2026-06-24T07:50:06.885Z,backend,Setting up gcc-14 (14.2.0-19) ...
2026-06-24T07:50:06.900Z,backend,Setting up gcc (4:14.2.0-1) ...
2026-06-24T07:50:06.900Z,backend,Setting up gcc (4:14.2.0-1) ...
2026-06-24T07:50:06.933Z,backend,Processing triggers for libc-bin (2.41-12+deb13u3) ...
2026-06-24T07:50:06.933Z,backend,Processing triggers for libc-bin (2.41-12+deb13u3) ...
2026-06-24T07:50:14.178Z,backend,Collecting fastapi==0.122.0 (from -r requirements.txt (line 1))
2026-06-24T07:50:14.178Z,backend,Collecting fastapi==0.122.0 (from -r requirements.txt (line 1))
2026-06-24T07:50:14.354Z,backend,Downloading fastapi-0.122.0-py3-none-any.whl.metadata (30 kB)
2026-06-24T07:50:14.354Z,backend,Downloading fastapi-0.122.0-py3-none-any.whl.metadata (30 kB)
2026-06-24T07:50:14.411Z,backend,Collecting uvicorn==0.38.0 (from uvicorn[standard]==0.38.0->-r requirements.txt (line 2))
2026-06-24T07:50:14.411Z,backend,Collecting uvicorn==0.38.0 (from uvicorn[standard]==0.38.0->-r requirements.txt (line 2))
2026-06-24T07:50:14.434Z,backend,Downloading uvicorn-0.38.0-py3-none-any.whl.metadata (6.8 kB)
2026-06-24T07:50:14.434Z,backend,Downloading uvicorn-0.38.0-py3-none-any.whl.metadata (6.8 kB)
2026-06-24T07:50:14.728Z,backend,Collecting sqlalchemy==2.0.44 (from -r requirements.txt (line 3))
2026-06-24T07:50:14.728Z,backend,Collecting sqlalchemy==2.0.44 (from -r requirements.txt (line 3))
2026-06-24T07:50:14.753Z,backend,Downloading sqlalchemy-2.0.44-cp312-cp312-manylinux_2_17_x86_64.manylinux2014_x86_64.whl.metadata (9.5 kB)
2026-06-24T07:50:14.753Z,backend,Downloading sqlalchemy-2.0.44-cp312-cp312-manylinux_2_17_x86_64.manylinux2014_x86_64.whl.metadata (9.5 kB)
2026-06-24T07:50:14.811Z,backend,Collecting asyncpg==0.30.0 (from -r requirements.txt (line 4))
2026-06-24T07:50:14.811Z,backend,Collecting asyncpg==0.30.0 (from -r requirements.txt (line 4))
2026-06-24T07:50:14.833Z,backend,Downloading asyncpg-0.30.0-cp312-cp312-manylinux_2_17_x86_64.manylinux2014_x86_64.whl.metadata (5.0 kB)
2026-06-24T07:50:14.833Z,backend,Downloading asyncpg-0.30.0-cp312-cp312-manylinux_2_17_x86_64.manylinux2014_x86_64.whl.metadata (5.0 kB)
2026-06-24T07:50:14.896Z,backend,Collecting psycopg2-binary==2.9.10 (from -r requirements.txt (line 5))
2026-06-24T07:50:14.896Z,backend,Collecting psycopg2-binary==2.9.10 (from -r requirements.txt (line 5))
2026-06-24T07:50:14.917Z,backend,Downloading psycopg2_binary-2.9.10-cp312-cp312-manylinux_2_17_x86_64.manylinux2014_x86_64.whl.metadata (4.9 kB)
2026-06-24T07:50:14.917Z,backend,Downloading psycopg2_binary-2.9.10-cp312-cp312-manylinux_2_17_x86_64.manylinux2014_x86_64.whl.metadata (4.9 kB)
2026-06-24T07:50:14.951Z,backend,Collecting alembic==1.14.0 (from -r requirements.txt (line 6))
2026-06-24T07:50:14.951Z,backend,Collecting alembic==1.14.0 (from -r requirements.txt (line 6))
2026-06-24T07:50:14.973Z,backend,Downloading alembic-1.14.0-py3-none-any.whl.metadata (7.4 kB)
2026-06-24T07:50:14.973Z,backend,Downloading alembic-1.14.0-py3-none-any.whl.metadata (7.4 kB)
2026-06-24T07:50:15.083Z,backend,Collecting pydantic==2.12.5 (from pydantic[email]==2.12.5->-r requirements.txt (line 7))
2026-06-24T07:50:15.083Z,backend,Collecting pydantic==2.12.5 (from pydantic[email]==2.12.5->-r requirements.txt (line 7))
2026-06-24T07:50:15.105Z,backend,Downloading pydantic-2.12.5-py3-none-any.whl.metadata (90 kB)
2026-06-24T07:50:15.105Z,backend,Downloading pydantic-2.12.5-py3-none-any.whl.metadata (90 kB)
2026-06-24T07:50:15.152Z,backend,Collecting pydantic-settings==2.7.0 (from -r requirements.txt (line 8))
2026-06-24T07:50:15.152Z,backend,Collecting pydantic-settings==2.7.0 (from -r requirements.txt (line 8))
2026-06-24T07:50:15.173Z,backend,Downloading pydantic_settings-2.7.0-py3-none-any.whl.metadata (3.5 kB)
2026-06-24T07:50:15.173Z,backend,Downloading pydantic_settings-2.7.0-py3-none-any.whl.metadata (3.5 kB)
2026-06-24T07:50:15.204Z,backend,Collecting python-dotenv==1.2.1 (from -r requirements.txt (line 9))
2026-06-24T07:50:15.204Z,backend,Collecting python-dotenv==1.2.1 (from -r requirements.txt (line 9))
2026-06-24T07:50:15.226Z,backend,Downloading python_dotenv-1.2.1-py3-none-any.whl.metadata (25 kB)
2026-06-24T07:50:15.226Z,backend,Downloading python_dotenv-1.2.1-py3-none-any.whl.metadata (25 kB)
2026-06-24T07:50:15.257Z,backend,Collecting beautifulsoup4==4.14.2 (from -r requirements.txt (line 10))
2026-06-24T07:50:15.257Z,backend,Collecting beautifulsoup4==4.14.2 (from -r requirements.txt (line 10))
2026-06-24T07:50:15.278Z,backend,Downloading beautifulsoup4-4.14.2-py3-none-any.whl.metadata (3.8 kB)
2026-06-24T07:50:15.278Z,backend,Downloading beautifulsoup4-4.14.2-py3-none-any.whl.metadata (3.8 kB)
2026-06-24T07:50:15.314Z,backend,Collecting httpx==0.28.1 (from -r requirements.txt (line 11))
2026-06-24T07:50:15.314Z,backend,Collecting httpx==0.28.1 (from -r requirements.txt (line 11))
2026-06-24T07:50:15.336Z,backend,Downloading httpx-0.28.1-py3-none-any.whl.metadata (7.1 kB)
2026-06-24T07:50:15.336Z,backend,Downloading httpx-0.28.1-py3-none-any.whl.metadata (7.1 kB)
2026-06-24T07:50:15.365Z,backend,Collecting slowapi==0.1.9 (from -r requirements.txt (line 12))
2026-06-24T07:50:15.365Z,backend,Collecting slowapi==0.1.9 (from -r requirements.txt (line 12))
2026-06-24T07:50:15.386Z,backend,Downloading slowapi-0.1.9-py3-none-any.whl.metadata (3.0 kB)
2026-06-24T07:50:15.386Z,backend,Downloading slowapi-0.1.9-py3-none-any.whl.metadata (3.0 kB)
2026-06-24T07:50:15.417Z,backend,Collecting python-jose==3.5.0 (from python-jose[cryptography]==3.5.0->-r requirements.txt (line 13))
2026-06-24T07:50:15.417Z,backend,Collecting python-jose==3.5.0 (from python-jose[cryptography]==3.5.0->-r requirements.txt (line 13))
2026-06-24T07:50:15.438Z,backend,Downloading python_jose-3.5.0-py2.py3-none-any.whl.metadata (5.5 kB)
2026-06-24T07:50:15.438Z,backend,Downloading python_jose-3.5.0-py2.py3-none-any.whl.metadata (5.5 kB)
2026-06-24T07:50:15.469Z,backend,Collecting passlib==1.7.4 (from passlib[bcrypt]==1.7.4->-r requirements.txt (line 14))
2026-06-24T07:50:15.469Z,backend,Collecting passlib==1.7.4 (from passlib[bcrypt]==1.7.4->-r requirements.txt (line 14))
2026-06-24T07:50:15.490Z,backend,Downloading passlib-1.7.4-py2.py3-none-any.whl.metadata (1.7 kB)
2026-06-24T07:50:15.490Z,backend,Downloading passlib-1.7.4-py2.py3-none-any.whl.metadata (1.7 kB)
2026-06-24T07:50:15.539Z,backend,Collecting redis==5.2.1 (from -r requirements.txt (line 15))
2026-06-24T07:50:15.539Z,backend,Collecting redis==5.2.1 (from -r requirements.txt (line 15))
2026-06-24T07:50:15.561Z,backend,Downloading redis-5.2.1-py3-none-any.whl.metadata (9.1 kB)
2026-06-24T07:50:15.561Z,backend,Downloading redis-5.2.1-py3-none-any.whl.metadata (9.1 kB)
2026-06-24T07:50:15.630Z,backend,Collecting celery==5.4.0 (from celery[redis]==5.4.0->-r requirements.txt (line 16))
2026-06-24T07:50:15.630Z,backend,Collecting celery==5.4.0 (from celery[redis]==5.4.0->-r requirements.txt (line 16))
2026-06-24T07:50:15.651Z,backend,Downloading celery-5.4.0-py3-none-any.whl.metadata (21 kB)
2026-06-24T07:50:15.651Z,backend,Downloading celery-5.4.0-py3-none-any.whl.metadata (21 kB)
2026-06-24T07:50:15.766Z,backend,Collecting stripe==11.4.1 (from -r requirements.txt (line 17))
2026-06-24T07:50:15.766Z,backend,Collecting stripe==11.4.1 (from -r requirements.txt (line 17))
2026-06-24T07:50:15.787Z,backend,Downloading stripe-11.4.1-py2.py3-none-any.whl.metadata (2.7 kB)
2026-06-24T07:50:15.787Z,backend,Downloading stripe-11.4.1-py2.py3-none-any.whl.metadata (2.7 kB)
2026-06-24T07:50:15.818Z,backend,Collecting authlib==1.6.5 (from -r requirements.txt (line 18))
2026-06-24T07:50:15.818Z,backend,Collecting authlib==1.6.5 (from -r requirements.txt (line 18))
2026-06-24T07:50:15.841Z,backend,Downloading authlib-1.6.5-py2.py3-none-any.whl.metadata (9.8 kB)
2026-06-24T07:50:15.841Z,backend,Downloading authlib-1.6.5-py2.py3-none-any.whl.metadata (9.8 kB)
2026-06-24T07:50:15.868Z,backend,Collecting itsdangerous==2.2.0 (from -r requirements.txt (line 19))
2026-06-24T07:50:15.868Z,backend,Collecting itsdangerous==2.2.0 (from -r requirements.txt (line 19))
2026-06-24T07:50:15.890Z,backend,Downloading itsdangerous-2.2.0-py3-none-any.whl.metadata (1.9 kB)
2026-06-24T07:50:15.890Z,backend,Downloading itsdangerous-2.2.0-py3-none-any.whl.metadata (1.9 kB)
2026-06-24T07:50:15.943Z,backend,"Collecting starlette<0.51.0,>=0.40.0 (from fastapi==0.122.0->-r requirements.txt (line 1))"
2026-06-24T07:50:15.943Z,backend,"Collecting starlette<0.51.0,>=0.40.0 (from fastapi==0.122.0->-r requirements.txt (line 1))"
2026-06-24T07:50:15.966Z,backend,Downloading starlette-0.50.0-py3-none-any.whl.metadata (6.3 kB)
2026-06-24T07:50:15.966Z,backend,Downloading starlette-0.50.0-py3-none-any.whl.metadata (6.3 kB)
2026-06-24T07:50:16.025Z,backend,Collecting typing-extensions>=4.8.0 (from fastapi==0.122.0->-r requirements.txt (line 1))
2026-06-24T07:50:16.025Z,backend,Collecting typing-extensions>=4.8.0 (from fastapi==0.122.0->-r requirements.txt (line 1))
2026-06-24T07:50:16.049Z,backend,Downloading typing_extensions-4.15.0-py3-none-any.whl.metadata (3.3 kB)
2026-06-24T07:50:16.049Z,backend,Downloading typing_extensions-4.15.0-py3-none-any.whl.metadata (3.3 kB)
2026-06-24T07:50:16.075Z,backend,Collecting annotated-doc>=0.0.2 (from fastapi==0.122.0->-r requirements.txt (line 1))
2026-06-24T07:50:16.075Z,backend,Collecting annotated-doc>=0.0.2 (from fastapi==0.122.0->-r requirements.txt (line 1))
2026-06-24T07:50:16.097Z,backend,Downloading annotated_doc-0.0.4-py3-none-any.whl.metadata (6.6 kB)
2026-06-24T07:50:16.097Z,backend,Downloading annotated_doc-0.0.4-py3-none-any.whl.metadata (6.6 kB)
2026-06-24T07:50:16.131Z,backend,Collecting click>=7.0 (from uvicorn==0.38.0->uvicorn[standard]==0.38.0->-r requirements.txt (line 2))
2026-06-24T07:50:16.131Z,backend,Collecting click>=7.0 (from uvicorn==0.38.0->uvicorn[standard]==0.38.0->-r requirements.txt (line 2))
2026-06-24T07:50:16.154Z,backend,Downloading click-8.4.1-py3-none-any.whl.metadata (2.6 kB)
2026-06-24T07:50:16.154Z,backend,Downloading click-8.4.1-py3-none-any.whl.metadata (2.6 kB)
2026-06-24T07:50:16.180Z,backend,Collecting h11>=0.8 (from uvicorn==0.38.0->uvicorn[standard]==0.38.0->-r requirements.txt (line 2))
2026-06-24T07:50:16.180Z,backend,Collecting h11>=0.8 (from uvicorn==0.38.0->uvicorn[standard]==0.38.0->-r requirements.txt (line 2))
2026-06-24T07:50:16.201Z,backend,Downloading h11-0.16.0-py3-none-any.whl.metadata (8.3 kB)
2026-06-24T07:50:16.201Z,backend,Downloading h11-0.16.0-py3-none-any.whl.metadata (8.3 kB)
2026-06-24T07:50:16.390Z,backend,Collecting greenlet>=1 (from sqlalchemy==2.0.44->-r requirements.txt (line 3))
2026-06-24T07:50:16.390Z,backend,Collecting greenlet>=1 (from sqlalchemy==2.0.44->-r requirements.txt (line 3))
2026-06-24T07:50:16.417Z,backend,Downloading greenlet-3.5.2-cp312-cp312-manylinux_2_24_x86_64.manylinux_2_28_x86_64.whl.metadata (3.8 kB)
2026-06-24T07:50:16.417Z,backend,Downloading greenlet-3.5.2-cp312-cp312-manylinux_2_24_x86_64.manylinux_2_28_x86_64.whl.metadata (3.8 kB)
2026-06-24T07:50:16.471Z,backend,Collecting Mako (from alembic==1.14.0->-r requirements.txt (line 6))
2026-06-24T07:50:16.471Z,backend,Collecting Mako (from alembic==1.14.0->-r requirements.txt (line 6))
2026-06-24T07:50:16.492Z,backend,Downloading mako-1.3.12-py3-none-any.whl.metadata (2.9 kB)
2026-06-24T07:50:16.492Z,backend,Downloading mako-1.3.12-py3-none-any.whl.metadata (2.9 kB)
2026-06-24T07:50:16.523Z,backend,Collecting annotated-types>=0.6.0 (from pydantic==2.12.5->pydantic[email]==2.12.5->-r requirements.txt (line 7))
2026-06-24T07:50:16.523Z,backend,Collecting annotated-types>=0.6.0 (from pydantic==2.12.5->pydantic[email]==2.12.5->-r requirements.txt (line 7))
2026-06-24T07:50:16.544Z,backend,Downloading annotated_types-0.7.0-py3-none-any.whl.metadata (15 kB)
2026-06-24T07:50:16.544Z,backend,Downloading annotated_types-0.7.0-py3-none-any.whl.metadata (15 kB)
2026-06-24T07:50:17.224Z,backend,Collecting pydantic-core==2.41.5 (from pydantic==2.12.5->pydantic[email]==2.12.5->-r requirements.txt (line 7))
2026-06-24T07:50:17.224Z,backend,Collecting pydantic-core==2.41.5 (from pydantic==2.12.5->pydantic[email]==2.12.5->-r requirements.txt (line 7))
2026-06-24T07:50:17.251Z,backend,Downloading pydantic_core-2.41.5-cp312-cp312-manylinux_2_17_x86_64.manylinux2014_x86_64.whl.metadata (7.3 kB)
2026-06-24T07:50:17.251Z,backend,Downloading pydantic_core-2.41.5-cp312-cp312-manylinux_2_17_x86_64.manylinux2014_x86_64.whl.metadata (7.3 kB)
2026-06-24T07:50:17.280Z,backend,Collecting typing-inspection>=0.4.2 (from pydantic==2.12.5->pydantic[email]==2.12.5->-r requirements.txt (line 7))
2026-06-24T07:50:17.280Z,backend,Collecting typing-inspection>=0.4.2 (from pydantic==2.12.5->pydantic[email]==2.12.5->-r requirements.txt (line 7))
2026-06-24T07:50:17.302Z,backend,Downloading typing_inspection-0.4.2-py3-none-any.whl.metadata (2.6 kB)
2026-06-24T07:50:17.302Z,backend,Downloading typing_inspection-0.4.2-py3-none-any.whl.metadata (2.6 kB)
2026-06-24T07:50:17.368Z,backend,Collecting soupsieve>1.2 (from beautifulsoup4==4.14.2->-r requirements.txt (line 10))
2026-06-24T07:50:17.368Z,backend,Collecting soupsieve>1.2 (from beautifulsoup4==4.14.2->-r requirements.txt (line 10))
2026-06-24T07:50:17.388Z,backend,Downloading soupsieve-2.8.4-py3-none-any.whl.metadata (4.6 kB)
2026-06-24T07:50:17.388Z,backend,Downloading soupsieve-2.8.4-py3-none-any.whl.metadata (4.6 kB)
2026-06-24T07:50:17.421Z,backend,Collecting anyio (from httpx==0.28.1->-r requirements.txt (line 11))
2026-06-24T07:50:17.421Z,backend,Collecting anyio (from httpx==0.28.1->-r requirements.txt (line 11))
2026-06-24T07:50:17.441Z,backend,Downloading anyio-4.14.0-py3-none-any.whl.metadata (4.6 kB)
2026-06-24T07:50:17.441Z,backend,Downloading anyio-4.14.0-py3-none-any.whl.metadata (4.6 kB)
2026-06-24T07:50:17.477Z,backend,Collecting certifi (from httpx==0.28.1->-r requirements.txt (line 11))
2026-06-24T07:50:17.477Z,backend,Collecting certifi (from httpx==0.28.1->-r requirements.txt (line 11))
2026-06-24T07:50:17.499Z,backend,Downloading certifi-2026.6.17-py3-none-any.whl.metadata (2.5 kB)
2026-06-24T07:50:17.499Z,backend,Downloading certifi-2026.6.17-py3-none-any.whl.metadata (2.5 kB)
2026-06-24T07:50:17.538Z,backend,Collecting httpcore==1.* (from httpx==0.28.1->-r requirements.txt (line 11))
2026-06-24T07:50:17.538Z,backend,Collecting httpcore==1.* (from httpx==0.28.1->-r requirements.txt (line 11))
2026-06-24T07:50:17.562Z,backend,Downloading httpcore-1.0.9-py3-none-any.whl.metadata (21 kB)
2026-06-24T07:50:17.562Z,backend,Downloading httpcore-1.0.9-py3-none-any.whl.metadata (21 kB)
2026-06-24T07:50:17.594Z,backend,Collecting idna (from httpx==0.28.1->-r requirements.txt (line 11))
2026-06-24T07:50:17.594Z,backend,Collecting idna (from httpx==0.28.1->-r requirements.txt (line 11))
2026-06-24T07:50:17.616Z,backend,Downloading idna-3.18-py3-none-any.whl.metadata (6.1 kB)
2026-06-24T07:50:17.616Z,backend,Downloading idna-3.18-py3-none-any.whl.metadata (6.1 kB)
2026-06-24T07:50:17.660Z,backend,Collecting limits>=2.3 (from slowapi==0.1.9->-r requirements.txt (line 12))
2026-06-24T07:50:17.660Z,backend,Collecting limits>=2.3 (from slowapi==0.1.9->-r requirements.txt (line 12))
2026-06-24T07:50:17.680Z,backend,Downloading limits-5.8.0-py3-none-any.whl.metadata (10 kB)
2026-06-24T07:50:17.680Z,backend,Downloading limits-5.8.0-py3-none-any.whl.metadata (10 kB)
2026-06-24T07:50:17.717Z,backend,Collecting ecdsa!=0.15 (from python-jose==3.5.0->python-jose[cryptography]==3.5.0->-r requirements.txt (line 13))
2026-06-24T07:50:17.717Z,backend,Collecting ecdsa!=0.15 (from python-jose==3.5.0->python-jose[cryptography]==3.5.0->-r requirements.txt (line 13))
2026-06-24T07:50:17.740Z,backend,Downloading ecdsa-0.19.2-py2.py3-none-any.whl.metadata (29 kB)
2026-06-24T07:50:17.740Z,backend,Downloading ecdsa-0.19.2-py2.py3-none-any.whl.metadata (29 kB)
2026-06-24T07:50:17.780Z,backend,"Collecting rsa!=4.1.1,!=4.4,<5.0,>=4.0 (from python-jose==3.5.0->python-jose[cryptography]==3.5.0->-r requirements.txt (line 13))"
2026-06-24T07:50:17.780Z,backend,"Collecting rsa!=4.1.1,!=4.4,<5.0,>=4.0 (from python-jose==3.5.0->python-jose[cryptography]==3.5.0->-r requirements.txt (line 13))"
2026-06-24T07:50:17.804Z,backend,Downloading rsa-4.9.1-py3-none-any.whl.metadata (5.6 kB)
2026-06-24T07:50:17.804Z,backend,Downloading rsa-4.9.1-py3-none-any.whl.metadata (5.6 kB)
2026-06-24T07:50:17.859Z,backend,Collecting pyasn1>=0.5.0 (from python-jose==3.5.0->python-jose[cryptography]==3.5.0->-r requirements.txt (line 13))
2026-06-24T07:50:17.859Z,backend,Collecting pyasn1>=0.5.0 (from python-jose==3.5.0->python-jose[cryptography]==3.5.0->-r requirements.txt (line 13))
2026-06-24T07:50:17.883Z,backend,Downloading pyasn1-0.6.3-py3-none-any.whl.metadata (8.4 kB)
2026-06-24T07:50:17.883Z,backend,Downloading pyasn1-0.6.3-py3-none-any.whl.metadata (8.4 kB)
2026-06-24T07:50:17.925Z,backend,"Collecting billiard<5.0,>=4.2.0 (from celery==5.4.0->celery[redis]==5.4.0->-r requirements.txt (line 16))"
2026-06-24T07:50:17.925Z,backend,"Collecting billiard<5.0,>=4.2.0 (from celery==5.4.0->celery[redis]==5.4.0->-r requirements.txt (line 16))"
2026-06-24T07:50:17.947Z,backend,Downloading billiard-4.2.4-py3-none-any.whl.metadata (4.8 kB)
2026-06-24T07:50:17.947Z,backend,Downloading billiard-4.2.4-py3-none-any.whl.metadata (4.8 kB)
2026-06-24T07:50:17.992Z,backend,"Collecting kombu<6.0,>=5.3.4 (from celery==5.4.0->celery[redis]==5.4.0->-r requirements.txt (line 16))"
2026-06-24T07:50:17.992Z,backend,"Collecting kombu<6.0,>=5.3.4 (from celery==5.4.0->celery[redis]==5.4.0->-r requirements.txt (line 16))"
2026-06-24T07:50:18.013Z,backend,Downloading kombu-5.6.2-py3-none-any.whl.metadata (3.5 kB)
2026-06-24T07:50:18.013Z,backend,Downloading kombu-5.6.2-py3-none-any.whl.metadata (3.5 kB)
2026-06-24T07:50:18.050Z,backend,"Collecting vine<6.0,>=5.1.0 (from celery==5.4.0->celery[redis]==5.4.0->-r requirements.txt (line 16))"
2026-06-24T07:50:18.050Z,backend,"Collecting vine<6.0,>=5.1.0 (from celery==5.4.0->celery[redis]==5.4.0->-r requirements.txt (line 16))"
2026-06-24T07:50:18.070Z,backend,Downloading vine-5.1.0-py3-none-any.whl.metadata (2.7 kB)
2026-06-24T07:50:18.070Z,backend,Downloading vine-5.1.0-py3-none-any.whl.metadata (2.7 kB)
2026-06-24T07:50:18.106Z,backend,Collecting click-didyoumean>=0.3.0 (from celery==5.4.0->celery[redis]==5.4.0->-r requirements.txt (line 16))
2026-06-24T07:50:18.106Z,backend,Collecting click-didyoumean>=0.3.0 (from celery==5.4.0->celery[redis]==5.4.0->-r requirements.txt (line 16))
2026-06-24T07:50:18.129Z,backend,Downloading click_didyoumean-0.3.1-py3-none-any.whl.metadata (3.9 kB)
2026-06-24T07:50:18.129Z,backend,Downloading click_didyoumean-0.3.1-py3-none-any.whl.metadata (3.9 kB)
2026-06-24T07:50:18.158Z,backend,Collecting click-repl>=0.2.0 (from celery==5.4.0->celery[redis]==5.4.0->-r requirements.txt (line 16))
2026-06-24T07:50:18.158Z,backend,Collecting click-repl>=0.2.0 (from celery==5.4.0->celery[redis]==5.4.0->-r requirements.txt (line 16))
2026-06-24T07:50:18.179Z,backend,Downloading click_repl-0.3.0-py3-none-any.whl.metadata (3.6 kB)
2026-06-24T07:50:18.179Z,backend,Downloading click_repl-0.3.0-py3-none-any.whl.metadata (3.6 kB)
2026-06-24T07:50:18.208Z,backend,Collecting click-plugins>=1.1.1 (from celery==5.4.0->celery[redis]==5.4.0->-r requirements.txt (line 16))
2026-06-24T07:50:18.208Z,backend,Collecting click-plugins>=1.1.1 (from celery==5.4.0->celery[redis]==5.4.0->-r requirements.txt (line 16))
2026-06-24T07:50:18.231Z,backend,Downloading click_plugins-1.1.1.2-py2.py3-none-any.whl.metadata (6.5 kB)
2026-06-24T07:50:18.231Z,backend,Downloading click_plugins-1.1.1.2-py2.py3-none-any.whl.metadata (6.5 kB)
2026-06-24T07:50:18.265Z,backend,Collecting tzdata>=2022.7 (from celery==5.4.0->celery[redis]==5.4.0->-r requirements.txt (line 16))
2026-06-24T07:50:18.265Z,backend,Collecting tzdata>=2022.7 (from celery==5.4.0->celery[redis]==5.4.0->-r requirements.txt (line 16))
2026-06-24T07:50:18.287Z,backend,Downloading tzdata-2026.2-py2.py3-none-any.whl.metadata (1.4 kB)
2026-06-24T07:50:18.287Z,backend,Downloading tzdata-2026.2-py2.py3-none-any.whl.metadata (1.4 kB)
2026-06-24T07:50:18.318Z,backend,Collecting python-dateutil>=2.8.2 (from celery==5.4.0->celery[redis]==5.4.0->-r requirements.txt (line 16))
2026-06-24T07:50:18.318Z,backend,Collecting python-dateutil>=2.8.2 (from celery==5.4.0->celery[redis]==5.4.0->-r requirements.txt (line 16))
2026-06-24T07:50:18.340Z,backend,Downloading python_dateutil-2.9.0.post0-py2.py3-none-any.whl.metadata (8.4 kB)
2026-06-24T07:50:18.340Z,backend,Downloading python_dateutil-2.9.0.post0-py2.py3-none-any.whl.metadata (8.4 kB)
2026-06-24T07:50:18.387Z,backend,Collecting requests>=2.20 (from stripe==11.4.1->-r requirements.txt (line 17))
2026-06-24T07:50:18.387Z,backend,Collecting requests>=2.20 (from stripe==11.4.1->-r requirements.txt (line 17))
2026-06-24T07:50:18.411Z,backend,Downloading requests-2.34.2-py3-none-any.whl.metadata (4.8 kB)
2026-06-24T07:50:18.411Z,backend,Downloading requests-2.34.2-py3-none-any.whl.metadata (4.8 kB)
2026-06-24T07:50:18.613Z,backend,Collecting cryptography (from authlib==1.6.5->-r requirements.txt (line 18))
2026-06-24T07:50:18.613Z,backend,Collecting cryptography (from authlib==1.6.5->-r requirements.txt (line 18))
2026-06-24T07:50:18.641Z,backend,Downloading cryptography-49.0.0-cp311-abi3-manylinux_2_34_x86_64.whl.metadata (4.3 kB)
2026-06-24T07:50:18.641Z,backend,Downloading cryptography-49.0.0-cp311-abi3-manylinux_2_34_x86_64.whl.metadata (4.3 kB)
2026-06-24T07:50:18.714Z,backend,Collecting bcrypt>=3.1.0 (from passlib[bcrypt]==1.7.4->-r requirements.txt (line 14))
2026-06-24T07:50:18.714Z,backend,Collecting bcrypt>=3.1.0 (from passlib[bcrypt]==1.7.4->-r requirements.txt (line 14))
2026-06-24T07:50:18.740Z,backend,Downloading bcrypt-5.0.0-cp39-abi3-manylinux_2_34_x86_64.whl.metadata (10 kB)
2026-06-24T07:50:18.740Z,backend,Downloading bcrypt-5.0.0-cp39-abi3-manylinux_2_34_x86_64.whl.metadata (10 kB)
2026-06-24T07:50:18.777Z,backend,Collecting email-validator>=2.0.0 (from pydantic[email]==2.12.5->-r requirements.txt (line 7))
2026-06-24T07:50:18.777Z,backend,Collecting email-validator>=2.0.0 (from pydantic[email]==2.12.5->-r requirements.txt (line 7))
2026-06-24T07:50:18.804Z,backend,Downloading email_validator-2.3.0-py3-none-any.whl.metadata (26 kB)
2026-06-24T07:50:18.804Z,backend,Downloading email_validator-2.3.0-py3-none-any.whl.metadata (26 kB)
2026-06-24T07:50:18.878Z,backend,Collecting httptools>=0.6.3 (from uvicorn[standard]==0.38.0->-r requirements.txt (line 2))
2026-06-24T07:50:18.878Z,backend,Collecting httptools>=0.6.3 (from uvicorn[standard]==0.38.0->-r requirements.txt (line 2))
2026-06-24T07:50:18.900Z,backend,Downloading httptools-0.8.0-cp312-cp312-manylinux1_x86_64.manylinux_2_28_x86_64.manylinux_2_5_x86_64.whl.metadata (3.5 kB)
2026-06-24T07:50:18.900Z,backend,Downloading httptools-0.8.0-cp312-cp312-manylinux1_x86_64.manylinux_2_28_x86_64.manylinux_2_5_x86_64.whl.metadata (3.5 kB)
2026-06-24T07:50:18.956Z,backend,Collecting pyyaml>=5.1 (from uvicorn[standard]==0.38.0->-r requirements.txt (line 2))
2026-06-24T07:50:18.956Z,backend,Collecting pyyaml>=5.1 (from uvicorn[standard]==0.38.0->-r requirements.txt (line 2))
2026-06-24T07:50:18.977Z,backend,Downloading pyyaml-6.0.3-cp312-cp312-manylinux2014_x86_64.manylinux_2_17_x86_64.manylinux_2_28_x86_64.whl.metadata (2.4 kB)
2026-06-24T07:50:18.977Z,backend,Downloading pyyaml-6.0.3-cp312-cp312-manylinux2014_x86_64.manylinux_2_17_x86_64.manylinux_2_28_x86_64.whl.metadata (2.4 kB)
2026-06-24T07:50:19.031Z,backend,Collecting uvloop>=0.15.1 (from uvicorn[standard]==0.38.0->-r requirements.txt (line 2))
2026-06-24T07:50:19.031Z,backend,Collecting uvloop>=0.15.1 (from uvicorn[standard]==0.38.0->-r requirements.txt (line 2))
2026-06-24T07:50:19.053Z,backend,Downloading uvloop-0.22.1-cp312-cp312-manylinux2014_x86_64.manylinux_2_17_x86_64.manylinux_2_28_x86_64.whl.metadata (4.9 kB)
2026-06-24T07:50:19.053Z,backend,Downloading uvloop-0.22.1-cp312-cp312-manylinux2014_x86_64.manylinux_2_17_x86_64.manylinux_2_28_x86_64.whl.metadata (4.9 kB)
2026-06-24T07:50:19.148Z,backend,Collecting watchfiles>=0.13 (from uvicorn[standard]==0.38.0->-r requirements.txt (line 2))
2026-06-24T07:50:19.148Z,backend,Collecting watchfiles>=0.13 (from uvicorn[standard]==0.38.0->-r requirements.txt (line 2))
2026-06-24T07:50:19.172Z,backend,Downloading watchfiles-1.2.0-cp312-cp312-manylinux_2_17_x86_64.manylinux2014_x86_64.whl.metadata (4.9 kB)
2026-06-24T07:50:19.172Z,backend,Downloading watchfiles-1.2.0-cp312-cp312-manylinux_2_17_x86_64.manylinux2014_x86_64.whl.metadata (4.9 kB)
2026-06-24T07:50:19.337Z,backend,Collecting websockets>=10.4 (from uvicorn[standard]==0.38.0->-r requirements.txt (line 2))
2026-06-24T07:50:19.337Z,backend,Collecting websockets>=10.4 (from uvicorn[standard]==0.38.0->-r requirements.txt (line 2))
2026-06-24T07:50:19.364Z,backend,Downloading websockets-16.0-cp312-cp312-manylinux1_x86_64.manylinux_2_28_x86_64.manylinux_2_5_x86_64.whl.metadata (6.8 kB)
2026-06-24T07:50:19.364Z,backend,Downloading websockets-16.0-cp312-cp312-manylinux1_x86_64.manylinux_2_28_x86_64.manylinux_2_5_x86_64.whl.metadata (6.8 kB)
2026-06-24T07:50:19.437Z,backend,Collecting prompt-toolkit>=3.0.36 (from click-repl>=0.2.0->celery==5.4.0->celery[redis]==5.4.0->-r requirements.txt (line 16))
2026-06-24T07:50:19.437Z,backend,Collecting prompt-toolkit>=3.0.36 (from click-repl>=0.2.0->celery==5.4.0->celery[redis]==5.4.0->-r requirements.txt (line 16))
2026-06-24T07:50:19.457Z,backend,Downloading prompt_toolkit-3.0.52-py3-none-any.whl.metadata (6.4 kB)
2026-06-24T07:50:19.457Z,backend,Downloading prompt_toolkit-3.0.52-py3-none-any.whl.metadata (6.4 kB)
2026-06-24T07:50:19.577Z,backend,Collecting cffi>=2.0.0 (from cryptography->authlib==1.6.5->-r requirements.txt (line 18))
2026-06-24T07:50:19.577Z,backend,Collecting cffi>=2.0.0 (from cryptography->authlib==1.6.5->-r requirements.txt (line 18))
2026-06-24T07:50:19.600Z,backend,Downloading cffi-2.0.0-cp312-cp312-manylinux2014_x86_64.manylinux_2_17_x86_64.whl.metadata (2.6 kB)
2026-06-24T07:50:19.600Z,backend,Downloading cffi-2.0.0-cp312-cp312-manylinux2014_x86_64.manylinux_2_17_x86_64.whl.metadata (2.6 kB)
2026-06-24T07:50:19.627Z,backend,Collecting six>=1.9.0 (from ecdsa!=0.15->python-jose==3.5.0->python-jose[cryptography]==3.5.0->-r requirements.txt (line 13))
2026-06-24T07:50:19.627Z,backend,Collecting six>=1.9.0 (from ecdsa!=0.15->python-jose==3.5.0->python-jose[cryptography]==3.5.0->-r requirements.txt (line 13))
2026-06-24T07:50:19.649Z,backend,Downloading six-1.17.0-py2.py3-none-any.whl.metadata (1.7 kB)
2026-06-24T07:50:19.649Z,backend,Downloading six-1.17.0-py2.py3-none-any.whl.metadata (1.7 kB)
2026-06-24T07:50:19.686Z,backend,Collecting dnspython>=2.0.0 (from email-validator>=2.0.0->pydantic[email]==2.12.5->-r requirements.txt (line 7))
2026-06-24T07:50:19.686Z,backend,Collecting dnspython>=2.0.0 (from email-validator>=2.0.0->pydantic[email]==2.12.5->-r requirements.txt (line 7))
2026-06-24T07:50:19.707Z,backend,Downloading dnspython-2.8.0-py3-none-any.whl.metadata (5.7 kB)
2026-06-24T07:50:19.707Z,backend,Downloading dnspython-2.8.0-py3-none-any.whl.metadata (5.7 kB)
2026-06-24T07:50:19.762Z,backend,"Collecting amqp<6.0.0,>=5.1.1 (from kombu<6.0,>=5.3.4->celery==5.4.0->celery[redis]==5.4.0->-r requirements.txt (line 16))"
2026-06-24T07:50:19.762Z,backend,"Collecting amqp<6.0.0,>=5.1.1 (from kombu<6.0,>=5.3.4->celery==5.4.0->celery[redis]==5.4.0->-r requirements.txt (line 16))"
2026-06-24T07:50:19.783Z,backend,Downloading amqp-5.3.1-py3-none-any.whl.metadata (8.9 kB)
2026-06-24T07:50:19.783Z,backend,Downloading amqp-5.3.1-py3-none-any.whl.metadata (8.9 kB)
2026-06-24T07:50:19.822Z,backend,"Collecting packaging (from kombu<6.0,>=5.3.4->celery==5.4.0->celery[redis]==5.4.0->-r requirements.txt (line 16))"
2026-06-24T07:50:19.822Z,backend,"Collecting packaging (from kombu<6.0,>=5.3.4->celery==5.4.0->celery[redis]==5.4.0->-r requirements.txt (line 16))"
2026-06-24T07:50:19.844Z,backend,Downloading packaging-26.2-py3-none-any.whl.metadata (3.5 kB)
2026-06-24T07:50:19.844Z,backend,Downloading packaging-26.2-py3-none-any.whl.metadata (3.5 kB)
2026-06-24T07:50:19.877Z,backend,Collecting deprecated>=1.2 (from limits>=2.3->slowapi==0.1.9->-r requirements.txt (line 12))
2026-06-24T07:50:19.877Z,backend,Collecting deprecated>=1.2 (from limits>=2.3->slowapi==0.1.9->-r requirements.txt (line 12))
2026-06-24T07:50:19.902Z,backend,Downloading deprecated-1.3.1-py2.py3-none-any.whl.metadata (5.9 kB)
2026-06-24T07:50:19.902Z,backend,Downloading deprecated-1.3.1-py2.py3-none-any.whl.metadata (5.9 kB)
2026-06-24T07:50:20.016Z,backend,"Collecting charset_normalizer<4,>=2 (from requests>=2.20->stripe==11.4.1->-r requirements.txt (line 17))"
2026-06-24T07:50:20.016Z,backend,"Collecting charset_normalizer<4,>=2 (from requests>=2.20->stripe==11.4.1->-r requirements.txt (line 17))"
2026-06-24T07:50:20.037Z,backend,Downloading charset_normalizer-3.4.7-cp312-cp312-manylinux2014_x86_64.manylinux_2_17_x86_64.manylinux_2_28_x86_64.whl.metadata (40 kB)
2026-06-24T07:50:20.037Z,backend,Downloading charset_normalizer-3.4.7-cp312-cp312-manylinux2014_x86_64.manylinux_2_17_x86_64.manylinux_2_28_x86_64.whl.metadata (40 kB)
2026-06-24T07:50:20.087Z,backend,"Collecting urllib3<3,>=1.26 (from requests>=2.20->stripe==11.4.1->-r requirements.txt (line 17))"
2026-06-24T07:50:20.087Z,backend,"Collecting urllib3<3,>=1.26 (from requests>=2.20->stripe==11.4.1->-r requirements.txt (line 17))"
2026-06-24T07:50:20.110Z,backend,Downloading urllib3-2.7.0-py3-none-any.whl.metadata (6.9 kB)
2026-06-24T07:50:20.110Z,backend,Downloading urllib3-2.7.0-py3-none-any.whl.metadata (6.9 kB)
2026-06-24T07:50:20.232Z,backend,Collecting MarkupSafe>=0.9.2 (from Mako->alembic==1.14.0->-r requirements.txt (line 6))
2026-06-24T07:50:20.232Z,backend,Collecting MarkupSafe>=0.9.2 (from Mako->alembic==1.14.0->-r requirements.txt (line 6))
2026-06-24T07:50:20.254Z,backend,Downloading markupsafe-3.0.3-cp312-cp312-manylinux2014_x86_64.manylinux_2_17_x86_64.manylinux_2_28_x86_64.whl.metadata (2.7 kB)
2026-06-24T07:50:20.254Z,backend,Downloading markupsafe-3.0.3-cp312-cp312-manylinux2014_x86_64.manylinux_2_17_x86_64.manylinux_2_28_x86_64.whl.metadata (2.7 kB)
2026-06-24T07:50:20.288Z,backend,Collecting pycparser (from cffi>=2.0.0->cryptography->authlib==1.6.5->-r requirements.txt (line 18))
2026-06-24T07:50:20.288Z,backend,Collecting pycparser (from cffi>=2.0.0->cryptography->authlib==1.6.5->-r requirements.txt (line 18))
2026-06-24T07:50:20.308Z,backend,Downloading pycparser-3.0-py3-none-any.whl.metadata (8.2 kB)
2026-06-24T07:50:20.308Z,backend,Downloading pycparser-3.0-py3-none-any.whl.metadata (8.2 kB)
2026-06-24T07:50:20.549Z,backend,"Collecting wrapt<3,>=1.10 (from deprecated>=1.2->limits>=2.3->slowapi==0.1.9->-r requirements.txt (line 12))"
2026-06-24T07:50:20.549Z,backend,"Collecting wrapt<3,>=1.10 (from deprecated>=1.2->limits>=2.3->slowapi==0.1.9->-r requirements.txt (line 12))"
2026-06-24T07:50:20.578Z,backend,Downloading wrapt-2.2.2-cp312-cp312-manylinux1_x86_64.manylinux_2_28_x86_64.manylinux_2_5_x86_64.whl.metadata (7.4 kB)
2026-06-24T07:50:20.578Z,backend,Downloading wrapt-2.2.2-cp312-cp312-manylinux1_x86_64.manylinux_2_28_x86_64.manylinux_2_5_x86_64.whl.metadata (7.4 kB)
2026-06-24T07:50:20.614Z,backend,Collecting wcwidth (from prompt-toolkit>=3.0.36->click-repl>=0.2.0->celery==5.4.0->celery[redis]==5.4.0->-r requirements.txt (line 16))
2026-06-24T07:50:20.614Z,backend,Collecting wcwidth (from prompt-toolkit>=3.0.36->click-repl>=0.2.0->celery==5.4.0->celery[redis]==5.4.0->-r requirements.txt (line 16))
2026-06-24T07:50:20.637Z,backend,Downloading wcwidth-0.8.1-py3-none-any.whl.metadata (43 kB)
2026-06-24T07:50:20.637Z,backend,Downloading wcwidth-0.8.1-py3-none-any.whl.metadata (43 kB)
2026-06-24T07:50:20.688Z,backend,Downloading fastapi-0.122.0-py3-none-any.whl (110 kB)
2026-06-24T07:50:20.688Z,backend,Downloading fastapi-0.122.0-py3-none-any.whl (110 kB)
2026-06-24T07:50:20.721Z,backend,Downloading uvicorn-0.38.0-py3-none-any.whl (68 kB)
2026-06-24T07:50:20.721Z,backend,Downloading uvicorn-0.38.0-py3-none-any.whl (68 kB)
2026-06-24T07:50:20.754Z,backend,Downloading sqlalchemy-2.0.44-cp312-cp312-manylinux_2_17_x86_64.manylinux2014_x86_64.whl (3.3 MB)
2026-06-24T07:50:20.754Z,backend,Downloading sqlalchemy-2.0.44-cp312-cp312-manylinux_2_17_x86_64.manylinux2014_x86_64.whl (3.3 MB)
2026-06-24T07:50:20.937Z,backend,━━━━━━━━━━━━━━━━━━━━━━━━━━━━━━━━━━━━━━━━ 3.3/3.3 MB 20.9 MB/s eta 0:00:00
2026-06-24T07:50:20.937Z,backend,
2026-06-24T07:50:20.937Z,backend,━━━━━━━━━━━━━━━━━━━━━━━━━━━━━━━━━━━━━━━━ 3.3/3.3 MB 20.9 MB/s eta 0:00:00
2026-06-24T07:50:20.937Z,backend,
2026-06-24T07:50:20.960Z,backend,Downloading asyncpg-0.30.0-cp312-cp312-manylinux_2_17_x86_64.manylinux2014_x86_64.whl (3.6 MB)
2026-06-24T07:50:20.960Z,backend,Downloading asyncpg-0.30.0-cp312-cp312-manylinux_2_17_x86_64.manylinux2014_x86_64.whl (3.6 MB)
2026-06-24T07:50:21.081Z,backend,━━━━━━━━━━━━━━━━━━━━━━━━━━━━━━━━━━━━━━━━ 3.6/3.6 MB 31.0 MB/s eta 0:00:00
2026-06-24T07:50:21.081Z,backend,━━━━━━━━━━━━━━━━━━━━━━━━━━━━━━━━━━━━━━━━ 3.6/3.6 MB 31.0 MB/s eta 0:00:00
2026-06-24T07:50:21.082Z,backend,
2026-06-24T07:50:21.082Z,backend,
2026-06-24T07:50:21.101Z,backend,Downloading psycopg2_binary-2.9.10-cp312-cp312-manylinux_2_17_x86_64.manylinux2014_x86_64.whl (3.0 MB)
2026-06-24T07:50:21.101Z,backend,Downloading psycopg2_binary-2.9.10-cp312-cp312-manylinux_2_17_x86_64.manylinux2014_x86_64.whl (3.0 MB)
2026-06-24T07:50:21.222Z,backend,━━━━━━━━━━━━━━━━━━━━━━━━━━━━━━━━━━━━━━━━ 3.0/3.0 MB 27.8 MB/s eta 0:00:00
2026-06-24T07:50:21.222Z,backend,━━━━━━━━━━━━━━━━━━━━━━━━━━━━━━━━━━━━━━━━ 3.0/3.0 MB 27.8 MB/s eta 0:00:00
2026-06-24T07:50:21.243Z,backend,Downloading alembic-1.14.0-py3-none-any.whl (233 kB)
2026-06-24T07:50:21.243Z,backend,Downloading alembic-1.14.0-py3-none-any.whl (233 kB)
2026-06-24T07:50:21.271Z,backend,Downloading pydantic-2.12.5-py3-none-any.whl (463 kB)
2026-06-24T07:50:21.271Z,backend,Downloading pydantic-2.12.5-py3-none-any.whl (463 kB)
2026-06-24T07:50:21.316Z,backend,Downloading pydantic_settings-2.7.0-py3-none-any.whl (29 kB)
2026-06-24T07:50:21.316Z,backend,Downloading pydantic_settings-2.7.0-py3-none-any.whl (29 kB)
2026-06-24T07:50:21.335Z,backend,Downloading python_dotenv-1.2.1-py3-none-any.whl (21 kB)
2026-06-24T07:50:21.335Z,backend,Downloading python_dotenv-1.2.1-py3-none-any.whl (21 kB)
2026-06-24T07:50:21.354Z,backend,Downloading beautifulsoup4-4.14.2-py3-none-any.whl (106 kB)
2026-06-24T07:50:21.354Z,backend,Downloading beautifulsoup4-4.14.2-py3-none-any.whl (106 kB)
2026-06-24T07:50:21.381Z,backend,Downloading httpx-0.28.1-py3-none-any.whl (73 kB)
2026-06-24T07:50:21.381Z,backend,Downloading httpx-0.28.1-py3-none-any.whl (73 kB)
2026-06-24T07:50:21.405Z,backend,Downloading slowapi-0.1.9-py3-none-any.whl (14 kB)
2026-06-24T07:50:21.405Z,backend,Downloading slowapi-0.1.9-py3-none-any.whl (14 kB)
2026-06-24T07:50:21.424Z,backend,Downloading python_jose-3.5.0-py2.py3-none-any.whl (34 kB)
2026-06-24T07:50:21.424Z,backend,Downloading python_jose-3.5.0-py2.py3-none-any.whl (34 kB)
2026-06-24T07:50:21.445Z,backend,Downloading passlib-1.7.4-py2.py3-none-any.whl (525 kB)
2026-06-24T07:50:21.445Z,backend,Downloading passlib-1.7.4-py2.py3-none-any.whl (525 kB)
2026-06-24T07:50:21.479Z,backend,━━━━━━━━━━━━━━━━━━━━━━━━━━━━━━━━━━━━━━━━ 525.6/525.6 kB 35.1 MB/s eta 0:00:00
2026-06-24T07:50:21.479Z,backend,
2026-06-24T07:50:21.479Z,backend,━━━━━━━━━━━━━━━━━━━━━━━━━━━━━━━━━━━━━━━━ 525.6/525.6 kB 35.1 MB/s eta 0:00:00
2026-06-24T07:50:21.479Z,backend,
2026-06-24T07:50:21.499Z,backend,Downloading redis-5.2.1-py3-none-any.whl (261 kB)
2026-06-24T07:50:21.499Z,backend,Downloading redis-5.2.1-py3-none-any.whl (261 kB)
2026-06-24T07:50:21.541Z,backend,Downloading celery-5.4.0-py3-none-any.whl (425 kB)
2026-06-24T07:50:21.541Z,backend,Downloading celery-5.4.0-py3-none-any.whl (425 kB)
2026-06-24T07:50:21.581Z,backend,Downloading stripe-11.4.1-py2.py3-none-any.whl (1.6 MB)
2026-06-24T07:50:21.581Z,backend,Downloading stripe-11.4.1-py2.py3-none-any.whl (1.6 MB)
2026-06-24T07:50:21.669Z,backend,━━━━━━━━━━━━━━━━━━━━━━━━━━━━━━━━━━━━━━━━ 1.6/1.6 MB 22.2 MB/s eta 0:00:00
2026-06-24T07:50:21.669Z,backend,━━━━━━━━━━━━━━━━━━━━━━━━━━━━━━━━━━━━━━━━ 1.6/1.6 MB 22.2 MB/s eta 0:00:00
2026-06-24T07:50:21.689Z,backend,Downloading authlib-1.6.5-py2.py3-none-any.whl (243 kB)
2026-06-24T07:50:21.689Z,backend,Downloading authlib-1.6.5-py2.py3-none-any.whl (243 kB)
2026-06-24T07:50:21.722Z,backend,Downloading itsdangerous-2.2.0-py3-none-any.whl (16 kB)
2026-06-24T07:50:21.722Z,backend,Downloading itsdangerous-2.2.0-py3-none-any.whl (16 kB)
2026-06-24T07:50:21.744Z,backend,Downloading httpcore-1.0.9-py3-none-any.whl (78 kB)
2026-06-24T07:50:21.744Z,backend,Downloading httpcore-1.0.9-py3-none-any.whl (78 kB)
2026-06-24T07:50:21.772Z,backend,Downloading pydantic_core-2.41.5-cp312-cp312-manylinux_2_17_x86_64.manylinux2014_x86_64.whl (2.1 MB)
2026-06-24T07:50:21.772Z,backend,Downloading pydantic_core-2.41.5-cp312-cp312-manylinux_2_17_x86_64.manylinux2014_x86_64.whl (2.1 MB)
2026-06-24T07:50:21.876Z,backend,━━━━━━━━━━━━━━━━━━━━━━━━━━━━━━━━━━━━━━━━ 2.1/2.1 MB 21.6 MB/s eta 0:00:00
2026-06-24T07:50:21.876Z,backend,━━━━━━━━━━━━━━━━━━━━━━━━━━━━━━━━━━━━━━━━ 2.1/2.1 MB 21.6 MB/s eta 0:00:00
2026-06-24T07:50:21.895Z,backend,Downloading annotated_doc-0.0.4-py3-none-any.whl (5.3 kB)
2026-06-24T07:50:21.895Z,backend,Downloading annotated_doc-0.0.4-py3-none-any.whl (5.3 kB)
2026-06-24T07:50:21.927Z,backend,Downloading annotated_types-0.7.0-py3-none-any.whl (13 kB)
2026-06-24T07:50:21.927Z,backend,Downloading annotated_types-0.7.0-py3-none-any.whl (13 kB)
2026-06-24T07:50:21.947Z,backend,Downloading bcrypt-5.0.0-cp39-abi3-manylinux_2_34_x86_64.whl (278 kB)
2026-06-24T07:50:21.947Z,backend,Downloading bcrypt-5.0.0-cp39-abi3-manylinux_2_34_x86_64.whl (278 kB)
2026-06-24T07:50:21.988Z,backend,Downloading billiard-4.2.4-py3-none-any.whl (87 kB)
2026-06-24T07:50:21.988Z,backend,Downloading billiard-4.2.4-py3-none-any.whl (87 kB)
2026-06-24T07:50:22.020Z,backend,Downloading click-8.4.1-py3-none-any.whl (116 kB)
2026-06-24T07:50:22.020Z,backend,Downloading click-8.4.1-py3-none-any.whl (116 kB)
2026-06-24T07:50:22.054Z,backend,Downloading click_didyoumean-0.3.1-py3-none-any.whl (3.6 kB)
2026-06-24T07:50:22.054Z,backend,Downloading click_didyoumean-0.3.1-py3-none-any.whl (3.6 kB)
2026-06-24T07:50:22.073Z,backend,Downloading click_plugins-1.1.1.2-py2.py3-none-any.whl (11 kB)
2026-06-24T07:50:22.073Z,backend,Downloading click_plugins-1.1.1.2-py2.py3-none-any.whl (11 kB)
2026-06-24T07:50:22.094Z,backend,Downloading click_repl-0.3.0-py3-none-any.whl (10 kB)
2026-06-24T07:50:22.094Z,backend,Downloading click_repl-0.3.0-py3-none-any.whl (10 kB)
2026-06-24T07:50:22.116Z,backend,Downloading cryptography-49.0.0-cp311-abi3-manylinux_2_34_x86_64.whl (4.7 MB)
2026-06-24T07:50:22.116Z,backend,Downloading cryptography-49.0.0-cp311-abi3-manylinux_2_34_x86_64.whl (4.7 MB)
2026-06-24T07:50:22.322Z,backend,━━━━━━━━━━━━━━━━━━━━━━━━━━━━━━━━━━━━━━━━ 4.7/4.7 MB 24.1 MB/s eta 0:00:00
2026-06-24T07:50:22.322Z,backend,
2026-06-24T07:50:22.322Z,backend,━━━━━━━━━━━━━━━━━━━━━━━━━━━━━━━━━━━━━━━━ 4.7/4.7 MB 24.1 MB/s eta 0:00:00
2026-06-24T07:50:22.322Z,backend,
2026-06-24T07:50:22.342Z,backend,Downloading ecdsa-0.19.2-py2.py3-none-any.whl (150 kB)
2026-06-24T07:50:22.342Z,backend,Downloading ecdsa-0.19.2-py2.py3-none-any.whl (150 kB)
2026-06-24T07:50:22.367Z,backend,Downloading email_validator-2.3.0-py3-none-any.whl (35 kB)
2026-06-24T07:50:22.367Z,backend,Downloading email_validator-2.3.0-py3-none-any.whl (35 kB)
2026-06-24T07:50:22.388Z,backend,Downloading greenlet-3.5.2-cp312-cp312-manylinux_2_24_x86_64.manylinux_2_28_x86_64.whl (613 kB)
2026-06-24T07:50:22.388Z,backend,Downloading greenlet-3.5.2-cp312-cp312-manylinux_2_24_x86_64.manylinux_2_28_x86_64.whl (613 kB)
2026-06-24T07:50:22.413Z,backend,━━━━━━━━━━━━━━━━━━━━━━━━━━━━━━━━━━━━━━━━ 613.7/613.7 kB 29.2 MB/s eta 0:00:00
2026-06-24T07:50:22.413Z,backend,
2026-06-24T07:50:22.413Z,backend,━━━━━━━━━━━━━━━━━━━━━━━━━━━━━━━━━━━━━━━━ 613.7/613.7 kB 29.2 MB/s eta 0:00:00
2026-06-24T07:50:22.413Z,backend,
2026-06-24T07:50:22.432Z,backend,Downloading h11-0.16.0-py3-none-any.whl (37 kB)
2026-06-24T07:50:22.432Z,backend,Downloading h11-0.16.0-py3-none-any.whl (37 kB)
2026-06-24T07:50:22.456Z,backend,Downloading httptools-0.8.0-cp312-cp312-manylinux1_x86_64.manylinux_2_28_x86_64.manylinux_2_5_x86_64.whl (523 kB)
2026-06-24T07:50:22.456Z,backend,Downloading httptools-0.8.0-cp312-cp312-manylinux1_x86_64.manylinux_2_28_x86_64.manylinux_2_5_x86_64.whl (523 kB)
2026-06-24T07:50:22.497Z,backend,Downloading idna-3.18-py3-none-any.whl (65 kB)
2026-06-24T07:50:22.497Z,backend,Downloading idna-3.18-py3-none-any.whl (65 kB)
2026-06-24T07:50:22.518Z,backend,Downloading kombu-5.6.2-py3-none-any.whl (214 kB)
2026-06-24T07:50:22.518Z,backend,Downloading kombu-5.6.2-py3-none-any.whl (214 kB)
2026-06-24T07:50:22.548Z,backend,Downloading vine-5.1.0-py3-none-any.whl (9.6 kB)
2026-06-24T07:50:22.548Z,backend,Downloading vine-5.1.0-py3-none-any.whl (9.6 kB)
2026-06-24T07:50:22.573Z,backend,Downloading limits-5.8.0-py3-none-any.whl (60 kB)
2026-06-24T07:50:22.573Z,backend,Downloading limits-5.8.0-py3-none-any.whl (60 kB)
2026-06-24T07:50:22.599Z,backend,Downloading pyasn1-0.6.3-py3-none-any.whl (83 kB)
2026-06-24T07:50:22.599Z,backend,Downloading pyasn1-0.6.3-py3-none-any.whl (83 kB)
2026-06-24T07:50:22.625Z,backend,Downloading python_dateutil-2.9.0.post0-py2.py3-none-any.whl (229 kB)
2026-06-24T07:50:22.625Z,backend,Downloading python_dateutil-2.9.0.post0-py2.py3-none-any.whl (229 kB)
2026-06-24T07:50:22.661Z,backend,Downloading pyyaml-6.0.3-cp312-cp312-manylinux2014_x86_64.manylinux_2_17_x86_64.manylinux_2_28_x86_64.whl (807 kB)
2026-06-24T07:50:22.661Z,backend,Downloading pyyaml-6.0.3-cp312-cp312-manylinux2014_x86_64.manylinux_2_17_x86_64.manylinux_2_28_x86_64.whl (807 kB)
2026-06-24T07:50:22.704Z,backend,━━━━━━━━━━━━━━━━━━━━━━━━━━━━━━━━━━━━━━━━ 807.9/807.9 kB 19.3 MB/s eta 0:00:00
2026-06-24T07:50:22.704Z,backend,━━━━━━━━━━━━━━━━━━━━━━━━━━━━━━━━━━━━━━━━ 807.9/807.9 kB 19.3 MB/s eta 0:00:00
2026-06-24T07:50:22.725Z,backend,Downloading requests-2.34.2-py3-none-any.whl (73 kB)
2026-06-24T07:50:22.725Z,backend,Downloading requests-2.34.2-py3-none-any.whl (73 kB)
2026-06-24T07:50:22.750Z,backend,Downloading certifi-2026.6.17-py3-none-any.whl (133 kB)
2026-06-24T07:50:22.750Z,backend,Downloading certifi-2026.6.17-py3-none-any.whl (133 kB)
2026-06-24T07:50:22.779Z,backend,Downloading rsa-4.9.1-py3-none-any.whl (34 kB)
2026-06-24T07:50:22.779Z,backend,Downloading rsa-4.9.1-py3-none-any.whl (34 kB)
2026-06-24T07:50:22.801Z,backend,Downloading soupsieve-2.8.4-py3-none-any.whl (37 kB)
2026-06-24T07:50:22.801Z,backend,Downloading soupsieve-2.8.4-py3-none-any.whl (37 kB)
2026-06-24T07:50:22.826Z,backend,Downloading starlette-0.50.0-py3-none-any.whl (74 kB)
2026-06-24T07:50:22.826Z,backend,Downloading starlette-0.50.0-py3-none-any.whl (74 kB)
2026-06-24T07:50:22.853Z,backend,Downloading anyio-4.14.0-py3-none-any.whl (123 kB)
2026-06-24T07:50:22.853Z,backend,Downloading anyio-4.14.0-py3-none-any.whl (123 kB)
2026-06-24T07:50:22.880Z,backend,Downloading typing_extensions-4.15.0-py3-none-any.whl (44 kB)
2026-06-24T07:50:22.880Z,backend,Downloading typing_extensions-4.15.0-py3-none-any.whl (44 kB)
2026-06-24T07:50:22.905Z,backend,Downloading typing_inspection-0.4.2-py3-none-any.whl (14 kB)
2026-06-24T07:50:22.905Z,backend,Downloading typing_inspection-0.4.2-py3-none-any.whl (14 kB)
2026-06-24T07:50:22.926Z,backend,Downloading tzdata-2026.2-py2.py3-none-any.whl (349 kB)
2026-06-24T07:50:22.926Z,backend,Downloading tzdata-2026.2-py2.py3-none-any.whl (349 kB)
2026-06-24T07:50:22.974Z,backend,Downloading uvloop-0.22.1-cp312-cp312-manylinux2014_x86_64.manylinux_2_17_x86_64.manylinux_2_28_x86_64.whl (4.4 MB)
2026-06-24T07:50:22.974Z,backend,Downloading uvloop-0.22.1-cp312-cp312-manylinux2014_x86_64.manylinux_2_17_x86_64.manylinux_2_28_x86_64.whl (4.4 MB)
2026-06-24T07:50:23.163Z,backend,━━━━━━━━━━━━━━━━━━━━━━━━━━━━━━━━━━━━━━━━ 4.4/4.4 MB 24.8 MB/s eta 0:00:00
2026-06-24T07:50:23.163Z,backend,
2026-06-24T07:50:23.163Z,backend,━━━━━━━━━━━━━━━━━━━━━━━━━━━━━━━━━━━━━━━━ 4.4/4.4 MB 24.8 MB/s eta 0:00:00
2026-06-24T07:50:23.163Z,backend,
2026-06-24T07:50:23.183Z,backend,Downloading watchfiles-1.2.0-cp312-cp312-manylinux_2_17_x86_64.manylinux2014_x86_64.whl (456 kB)
2026-06-24T07:50:23.183Z,backend,Downloading watchfiles-1.2.0-cp312-cp312-manylinux_2_17_x86_64.manylinux2014_x86_64.whl (456 kB)
2026-06-24T07:50:23.221Z,backend,Downloading websockets-16.0-cp312-cp312-manylinux1_x86_64.manylinux_2_28_x86_64.manylinux_2_5_x86_64.whl (184 kB)
2026-06-24T07:50:23.221Z,backend,Downloading websockets-16.0-cp312-cp312-manylinux1_x86_64.manylinux_2_28_x86_64.manylinux_2_5_x86_64.whl (184 kB)
2026-06-24T07:50:23.247Z,backend,Downloading mako-1.3.12-py3-none-any.whl (78 kB)
2026-06-24T07:50:23.247Z,backend,Downloading mako-1.3.12-py3-none-any.whl (78 kB)
2026-06-24T07:50:23.270Z,backend,Downloading amqp-5.3.1-py3-none-any.whl (50 kB)
2026-06-24T07:50:23.270Z,backend,Downloading amqp-5.3.1-py3-none-any.whl (50 kB)
2026-06-24T07:50:23.297Z,backend,Downloading cffi-2.0.0-cp312-cp312-manylinux2014_x86_64.manylinux_2_17_x86_64.whl (219 kB)
2026-06-24T07:50:23.297Z,backend,Downloading cffi-2.0.0-cp312-cp312-manylinux2014_x86_64.manylinux_2_17_x86_64.whl (219 kB)
2026-06-24T07:50:23.328Z,backend,Downloading charset_normalizer-3.4.7-cp312-cp312-manylinux2014_x86_64.manylinux_2_17_x86_64.manylinux_2_28_x86_64.whl (216 kB)
2026-06-24T07:50:23.328Z,backend,Downloading charset_normalizer-3.4.7-cp312-cp312-manylinux2014_x86_64.manylinux_2_17_x86_64.manylinux_2_28_x86_64.whl (216 kB)
2026-06-24T07:50:23.361Z,backend,Downloading deprecated-1.3.1-py2.py3-none-any.whl (11 kB)
2026-06-24T07:50:23.361Z,backend,Downloading deprecated-1.3.1-py2.py3-none-any.whl (11 kB)
2026-06-24T07:50:23.384Z,backend,Downloading dnspython-2.8.0-py3-none-any.whl (331 kB)
2026-06-24T07:50:23.384Z,backend,Downloading dnspython-2.8.0-py3-none-any.whl (331 kB)
2026-06-24T07:50:23.426Z,backend,Downloading markupsafe-3.0.3-cp312-cp312-manylinux2014_x86_64.manylinux_2_17_x86_64.manylinux_2_28_x86_64.whl (22 kB)
2026-06-24T07:50:23.426Z,backend,Downloading markupsafe-3.0.3-cp312-cp312-manylinux2014_x86_64.manylinux_2_17_x86_64.manylinux_2_28_x86_64.whl (22 kB)
2026-06-24T07:50:23.445Z,backend,Downloading packaging-26.2-py3-none-any.whl (100 kB)
2026-06-24T07:50:23.445Z,backend,Downloading packaging-26.2-py3-none-any.whl (100 kB)
2026-06-24T07:50:23.475Z,backend,Downloading prompt_toolkit-3.0.52-py3-none-any.whl (391 kB)
2026-06-24T07:50:23.475Z,backend,Downloading prompt_toolkit-3.0.52-py3-none-any.whl (391 kB)
2026-06-24T07:50:23.526Z,backend,Downloading six-1.17.0-py2.py3-none-any.whl (11 kB)
2026-06-24T07:50:23.526Z,backend,Downloading six-1.17.0-py2.py3-none-any.whl (11 kB)
2026-06-24T07:50:23.549Z,backend,Downloading urllib3-2.7.0-py3-none-any.whl (131 kB)
2026-06-24T07:50:23.549Z,backend,Downloading urllib3-2.7.0-py3-none-any.whl (131 kB)
2026-06-24T07:50:23.581Z,backend,Downloading wrapt-2.2.2-cp312-cp312-manylinux1_x86_64.manylinux_2_28_x86_64.manylinux_2_5_x86_64.whl (169 kB)
2026-06-24T07:50:23.581Z,backend,Downloading wrapt-2.2.2-cp312-cp312-manylinux1_x86_64.manylinux_2_28_x86_64.manylinux_2_5_x86_64.whl (169 kB)
2026-06-24T07:50:23.614Z,backend,Downloading pycparser-3.0-py3-none-any.whl (48 kB)
2026-06-24T07:50:23.614Z,backend,Downloading pycparser-3.0-py3-none-any.whl (48 kB)
2026-06-24T07:50:23.643Z,backend,Downloading wcwidth-0.8.1-py3-none-any.whl (323 kB)
2026-06-24T07:50:23.643Z,backend,Downloading wcwidth-0.8.1-py3-none-any.whl (323 kB)
2026-06-24T07:50:23.869Z,backend,"Installing collected packages: passlib, wrapt, websockets, wcwidth, vine, uvloop, urllib3, tzdata, typing-extensions, soupsieve, six, redis, pyyaml, python-dotenv, pycparser, pyasn1, psycopg2-binary, packaging, MarkupSafe, itsdangerous, idna, httptools, h11, greenlet, dnspython, click, charset_normalizer, certifi, billiard, bcrypt, asyncpg, annotated-types, annotated-doc, uvicorn, typing-inspection, sqlalchemy, rsa, requests, python-dateutil, pydantic-core, prompt-toolkit, Mako, httpcore, email-validator, ecdsa, deprecated, click-plugins, click-didyoumean, cffi, beautifulsoup4, anyio, amqp, watchfiles, stripe, starlette, python-jose, pydantic, limits, kombu, httpx, cryptography, click-repl, alembic, slowapi, pydantic-settings, fastapi, celery, authlib"
2026-06-24T07:50:23.869Z,backend,"Installing collected packages: passlib, wrapt, websockets, wcwidth, vine, uvloop, urllib3, tzdata, typing-extensions, soupsieve, six, redis, pyyaml, python-dotenv, pycparser, pyasn1, psycopg2-binary, packaging, MarkupSafe, itsdangerous, idna, httptools, h11, greenlet, dnspython, click, charset_normalizer, certifi, billiard, bcrypt, asyncpg, annotated-types, annotated-doc, uvicorn, typing-inspection, sqlalchemy, rsa, requests, python-dateutil, pydantic-core, prompt-toolkit, Mako, httpcore, email-validator, ecdsa, deprecated, click-plugins, click-didyoumean, cffi, beautifulsoup4, anyio, amqp, watchfiles, stripe, starlette, python-jose, pydantic, limits, kombu, httpx, cryptography, click-repl, alembic, slowapi, pydantic-settings, fastapi, celery, authlib"
2026-06-24T07:50:32.771Z,backend,Successfully installed Mako-1.3.12 MarkupSafe-3.0.3 alembic-1.14.0 amqp-5.3.1 annotated-doc-0.0.4 annotated-types-0.7.0 anyio-4.14.0 asyncpg-0.30.0 authlib-1.6.5 bcrypt-5.0.0 beautifulsoup4-4.14.2 billiard-4.2.4 celery-5.4.0 certifi-2026.6.17 cffi-2.0.0 charset_normalizer-3.4.7 click-8.4.1 click-didyoumean-0.3.1 click-plugins-1.1.1.2 click-repl-0.3.0 cryptography-49.0.0 deprecated-1.3.1 dnspython-2.8.0 ecdsa-0.19.2 email-validator-2.3.0 fastapi-0.122.0 greenlet-3.5.2 h11-0.16.0 httpcore-1.0.9 httptools-0.8.0 httpx-0.28.1 idna-3.18 itsdangerous-2.2.0 kombu-5.6.2 limits-5.8.0 packaging-26.2 passlib-1.7.4 prompt-toolkit-3.0.52 psycopg2-binary-2.9.10 pyasn1-0.6.3 pycparser-3.0 pydantic-2.12.5 pydantic-core-2.41.5 pydantic-settings-2.7.0 python-dateutil-2.9.0.post0 python-dotenv-1.2.1 python-jose-3.5.0 pyyaml-6.0.3 redis-5.2.1 requests-2.34.2 rsa-4.9.1 six-1.17.0 slowapi-0.1.9 soupsieve-2.8.4 sqlalchemy-2.0.44 starlette-0.50.0 stripe-11.4.1 typing-extensions-4.15.0 typing-inspection-0.4.2 tzdata-2026.2 urllib3-2.7.0 uvicorn-0.38.0 uvloop-0.22.1 vine-5.1.0 watchfiles-1.2.0 wcwidth-0.8.1 websockets-16.0 wrapt-2.2.2
2026-06-24T07:50:32.771Z,backend,Successfully installed Mako-1.3.12 MarkupSafe-3.0.3 alembic-1.14.0 amqp-5.3.1 annotated-doc-0.0.4 annotated-types-0.7.0 anyio-4.14.0 asyncpg-0.30.0 authlib-1.6.5 bcrypt-5.0.0 beautifulsoup4-4.14.2 billiard-4.2.4 celery-5.4.0 certifi-2026.6.17 cffi-2.0.0 charset_normalizer-3.4.7 click-8.4.1 click-didyoumean-0.3.1 click-plugins-1.1.1.2 click-repl-0.3.0 cryptography-49.0.0 deprecated-1.3.1 dnspython-2.8.0 ecdsa-0.19.2 email-validator-2.3.0 fastapi-0.122.0 greenlet-3.5.2 h11-0.16.0 httpcore-1.0.9 httptools-0.8.0 httpx-0.28.1 idna-3.18 itsdangerous-2.2.0 kombu-5.6.2 limits-5.8.0 packaging-26.2 passlib-1.7.4 prompt-toolkit-3.0.52 psycopg2-binary-2.9.10 pyasn1-0.6.3 pycparser-3.0 pydantic-2.12.5 pydantic-core-2.41.5 pydantic-settings-2.7.0 python-dateutil-2.9.0.post0 python-dotenv-1.2.1 python-jose-3.5.0 pyyaml-6.0.3 redis-5.2.1 requests-2.34.2 rsa-4.9.1 six-1.17.0 slowapi-0.1.9 soupsieve-2.8.4 sqlalchemy-2.0.44 starlette-0.50.0 stripe-11.4.1 typing-extensions-4.15.0 typing-inspection-0.4.2 tzdata-2026.2 urllib3-2.7.0 uvicorn-0.38.0 uvloop-0.22.1 vine-5.1.0 watchfiles-1.2.0 wcwidth-0.8.1 websockets-16.0 wrapt-2.2.2
2026-06-24T07:50:32.772Z,backend,"WARNING: Running pip as the 'root' user can result in broken permissions and conflicting behaviour with the system package manager, possibly rendering your system unusable. It is recommended to use a virtual environment instead: https://pip.pypa.io/warnings/venv. Use the --root-user-action option if you know what you are doing and want to suppress this warning."
2026-06-24T07:50:32.772Z,backend,"WARNING: Running pip as the 'root' user can result in broken permissions and conflicting behaviour with the system package manager, possibly rendering your system unusable. It is recommended to use a virtual environment instead: https://pip.pypa.io/warnings/venv. Use the --root-user-action option if you know what you are doing and want to suppress this warning."
2026-06-24T07:50:32.928Z,backend,
2026-06-24T07:50:32.928Z,backend,[notice] A new release of pip is available: 25.0.1 -> 26.1.2
2026-06-24T07:50:32.928Z,backend,"[notice] To update, run: pip install --upgrade pip"
2026-06-24T07:50:32.928Z,backend,
2026-06-24T07:50:32.928Z,backend,[notice] A new release of pip is available: 25.0.1 -> 26.1.2
2026-06-24T07:50:32.928Z,backend,"[notice] To update, run: pip install --upgrade pip"
2026-06-24T08:03:04.583Z,backend,Collecting fastapi==0.122.0 (from -r requirements.txt (line 1))
2026-06-24T08:03:04.583Z,backend,Collecting fastapi==0.122.0 (from -r requirements.txt (line 1))
2026-06-24T08:03:04.731Z,backend,Downloading fastapi-0.122.0-py3-none-any.whl.metadata (30 kB)
2026-06-24T08:03:04.731Z,backend,Downloading fastapi-0.122.0-py3-none-any.whl.metadata (30 kB)
2026-06-24T08:03:04.788Z,backend,Collecting uvicorn==0.38.0 (from uvicorn[standard]==0.38.0->-r requirements.txt (line 2))
2026-06-24T08:03:04.788Z,backend,Collecting uvicorn==0.38.0 (from uvicorn[standard]==0.38.0->-r requirements.txt (line 2))
2026-06-24T08:03:04.807Z,backend,Downloading uvicorn-0.38.0-py3-none-any.whl.metadata (6.8 kB)
2026-06-24T08:03:04.807Z,backend,Downloading uvicorn-0.38.0-py3-none-any.whl.metadata (6.8 kB)
2026-06-24T08:03:05.151Z,backend,Collecting sqlalchemy==2.0.44 (from -r requirements.txt (line 3))
2026-06-24T08:03:05.151Z,backend,Collecting sqlalchemy==2.0.44 (from -r requirements.txt (line 3))
2026-06-24T08:03:05.178Z,backend,Downloading sqlalchemy-2.0.44-cp312-cp312-manylinux_2_17_x86_64.manylinux2014_x86_64.whl.metadata (9.5 kB)
2026-06-24T08:03:05.178Z,backend,Downloading sqlalchemy-2.0.44-cp312-cp312-manylinux_2_17_x86_64.manylinux2014_x86_64.whl.metadata (9.5 kB)
2026-06-24T08:03:05.248Z,backend,Collecting asyncpg==0.30.0 (from -r requirements.txt (line 4))
2026-06-24T08:03:05.248Z,backend,Collecting asyncpg==0.30.0 (from -r requirements.txt (line 4))
2026-06-24T08:03:05.276Z,backend,Downloading asyncpg-0.30.0-cp312-cp312-manylinux_2_17_x86_64.manylinux2014_x86_64.whl.metadata (5.0 kB)
2026-06-24T08:03:05.276Z,backend,Downloading asyncpg-0.30.0-cp312-cp312-manylinux_2_17_x86_64.manylinux2014_x86_64.whl.metadata (5.0 kB)
2026-06-24T08:03:05.384Z,backend,Collecting psycopg2-binary==2.9.10 (from -r requirements.txt (line 5))
2026-06-24T08:03:05.384Z,backend,Collecting psycopg2-binary==2.9.10 (from -r requirements.txt (line 5))
2026-06-24T08:03:05.404Z,backend,Downloading psycopg2_binary-2.9.10-cp312-cp312-manylinux_2_17_x86_64.manylinux2014_x86_64.whl.metadata (4.9 kB)
2026-06-24T08:03:05.404Z,backend,Downloading psycopg2_binary-2.9.10-cp312-cp312-manylinux_2_17_x86_64.manylinux2014_x86_64.whl.metadata (4.9 kB)
2026-06-24T08:03:05.443Z,backend,Collecting alembic==1.14.0 (from -r requirements.txt (line 6))
2026-06-24T08:03:05.443Z,backend,Collecting alembic==1.14.0 (from -r requirements.txt (line 6))
2026-06-24T08:03:05.464Z,backend,Downloading alembic-1.14.0-py3-none-any.whl.metadata (7.4 kB)
2026-06-24T08:03:05.464Z,backend,Downloading alembic-1.14.0-py3-none-any.whl.metadata (7.4 kB)
2026-06-24T08:03:05.590Z,backend,Collecting pydantic==2.12.5 (from pydantic[email]==2.12.5->-r requirements.txt (line 7))
2026-06-24T08:03:05.590Z,backend,Collecting pydantic==2.12.5 (from pydantic[email]==2.12.5->-r requirements.txt (line 7))
2026-06-24T08:03:05.615Z,backend,Downloading pydantic-2.12.5-py3-none-any.whl.metadata (90 kB)
2026-06-24T08:03:05.615Z,backend,Downloading pydantic-2.12.5-py3-none-any.whl.metadata (90 kB)
2026-06-24T08:03:05.668Z,backend,Collecting pydantic-settings==2.7.0 (from -r requirements.txt (line 8))
2026-06-24T08:03:05.668Z,backend,Collecting pydantic-settings==2.7.0 (from -r requirements.txt (line 8))
2026-06-24T08:03:05.689Z,backend,Downloading pydantic_settings-2.7.0-py3-none-any.whl.metadata (3.5 kB)
2026-06-24T08:03:05.689Z,backend,Downloading pydantic_settings-2.7.0-py3-none-any.whl.metadata (3.5 kB)
2026-06-24T08:03:05.722Z,backend,Collecting python-dotenv==1.2.1 (from -r requirements.txt (line 9))
2026-06-24T08:03:05.722Z,backend,Collecting python-dotenv==1.2.1 (from -r requirements.txt (line 9))
2026-06-24T08:03:05.744Z,backend,Downloading python_dotenv-1.2.1-py3-none-any.whl.metadata (25 kB)
2026-06-24T08:03:05.744Z,backend,Downloading python_dotenv-1.2.1-py3-none-any.whl.metadata (25 kB)
2026-06-24T08:03:05.777Z,backend,Collecting beautifulsoup4==4.14.2 (from -r requirements.txt (line 10))
2026-06-24T08:03:05.777Z,backend,Collecting beautifulsoup4==4.14.2 (from -r requirements.txt (line 10))
2026-06-24T08:03:05.799Z,backend,Downloading beautifulsoup4-4.14.2-py3-none-any.whl.metadata (3.8 kB)
2026-06-24T08:03:05.799Z,backend,Downloading beautifulsoup4-4.14.2-py3-none-any.whl.metadata (3.8 kB)
2026-06-24T08:03:05.834Z,backend,Collecting httpx==0.28.1 (from -r requirements.txt (line 11))
2026-06-24T08:03:05.834Z,backend,Collecting httpx==0.28.1 (from -r requirements.txt (line 11))
2026-06-24T08:03:05.855Z,backend,Downloading httpx-0.28.1-py3-none-any.whl.metadata (7.1 kB)
2026-06-24T08:03:05.855Z,backend,Downloading httpx-0.28.1-py3-none-any.whl.metadata (7.1 kB)
2026-06-24T08:03:05.884Z,backend,Collecting slowapi==0.1.9 (from -r requirements.txt (line 12))
2026-06-24T08:03:05.884Z,backend,Collecting slowapi==0.1.9 (from -r requirements.txt (line 12))
2026-06-24T08:03:05.905Z,backend,Downloading slowapi-0.1.9-py3-none-any.whl.metadata (3.0 kB)
2026-06-24T08:03:05.905Z,backend,Downloading slowapi-0.1.9-py3-none-any.whl.metadata (3.0 kB)
2026-06-24T08:03:05.933Z,backend,Collecting python-jose==3.5.0 (from python-jose[cryptography]==3.5.0->-r requirements.txt (line 13))
2026-06-24T08:03:05.933Z,backend,Collecting python-jose==3.5.0 (from python-jose[cryptography]==3.5.0->-r requirements.txt (line 13))
2026-06-24T08:03:05.955Z,backend,Downloading python_jose-3.5.0-py2.py3-none-any.whl.metadata (5.5 kB)
2026-06-24T08:03:05.955Z,backend,Downloading python_jose-3.5.0-py2.py3-none-any.whl.metadata (5.5 kB)
2026-06-24T08:03:05.982Z,backend,Collecting passlib==1.7.4 (from passlib[bcrypt]==1.7.4->-r requirements.txt (line 14))
2026-06-24T08:03:05.982Z,backend,Collecting passlib==1.7.4 (from passlib[bcrypt]==1.7.4->-r requirements.txt (line 14))
2026-06-24T08:03:06.003Z,backend,Downloading passlib-1.7.4-py2.py3-none-any.whl.metadata (1.7 kB)
2026-06-24T08:03:06.003Z,backend,Downloading passlib-1.7.4-py2.py3-none-any.whl.metadata (1.7 kB)
2026-06-24T08:03:06.059Z,backend,Collecting bcrypt==4.0.1 (from -r requirements.txt (line 15))
2026-06-24T08:03:06.059Z,backend,Collecting bcrypt==4.0.1 (from -r requirements.txt (line 15))
2026-06-24T08:03:06.080Z,backend,Downloading bcrypt-4.0.1-cp36-abi3-manylinux_2_28_x86_64.whl.metadata (9.0 kB)
2026-06-24T08:03:06.080Z,backend,Downloading bcrypt-4.0.1-cp36-abi3-manylinux_2_28_x86_64.whl.metadata (9.0 kB)
2026-06-24T08:03:06.126Z,backend,Collecting redis==5.2.1 (from -r requirements.txt (line 16))
2026-06-24T08:03:06.126Z,backend,Collecting redis==5.2.1 (from -r requirements.txt (line 16))
2026-06-24T08:03:06.148Z,backend,Downloading redis-5.2.1-py3-none-any.whl.metadata (9.1 kB)
2026-06-24T08:03:06.148Z,backend,Downloading redis-5.2.1-py3-none-any.whl.metadata (9.1 kB)
2026-06-24T08:03:06.198Z,backend,Collecting celery==5.4.0 (from celery[redis]==5.4.0->-r requirements.txt (line 17))
2026-06-24T08:03:06.198Z,backend,Collecting celery==5.4.0 (from celery[redis]==5.4.0->-r requirements.txt (line 17))
2026-06-24T08:03:06.221Z,backend,Downloading celery-5.4.0-py3-none-any.whl.metadata (21 kB)
2026-06-24T08:03:06.221Z,backend,Downloading celery-5.4.0-py3-none-any.whl.metadata (21 kB)
2026-06-24T08:03:06.355Z,backend,Collecting stripe==11.4.1 (from -r requirements.txt (line 18))
2026-06-24T08:03:06.355Z,backend,Collecting stripe==11.4.1 (from -r requirements.txt (line 18))
2026-06-24T08:03:06.377Z,backend,Downloading stripe-11.4.1-py2.py3-none-any.whl.metadata (2.7 kB)
2026-06-24T08:03:06.377Z,backend,Downloading stripe-11.4.1-py2.py3-none-any.whl.metadata (2.7 kB)
2026-06-24T08:03:06.416Z,backend,Collecting authlib==1.6.5 (from -r requirements.txt (line 19))
2026-06-24T08:03:06.416Z,backend,Collecting authlib==1.6.5 (from -r requirements.txt (line 19))
2026-06-24T08:03:06.440Z,backend,Downloading authlib-1.6.5-py2.py3-none-any.whl.metadata (9.8 kB)
2026-06-24T08:03:06.440Z,backend,Downloading authlib-1.6.5-py2.py3-none-any.whl.metadata (9.8 kB)
2026-06-24T08:03:06.465Z,backend,Collecting itsdangerous==2.2.0 (from -r requirements.txt (line 20))
2026-06-24T08:03:06.465Z,backend,Collecting itsdangerous==2.2.0 (from -r requirements.txt (line 20))
2026-06-24T08:03:06.485Z,backend,Downloading itsdangerous-2.2.0-py3-none-any.whl.metadata (1.9 kB)
2026-06-24T08:03:06.485Z,backend,Downloading itsdangerous-2.2.0-py3-none-any.whl.metadata (1.9 kB)
2026-06-24T08:03:06.534Z,backend,"Collecting starlette<0.51.0,>=0.40.0 (from fastapi==0.122.0->-r requirements.txt (line 1))"
2026-06-24T08:03:06.534Z,backend,"Collecting starlette<0.51.0,>=0.40.0 (from fastapi==0.122.0->-r requirements.txt (line 1))"
2026-06-24T08:03:06.557Z,backend,Downloading starlette-0.50.0-py3-none-any.whl.metadata (6.3 kB)
2026-06-24T08:03:06.557Z,backend,Downloading starlette-0.50.0-py3-none-any.whl.metadata (6.3 kB)
2026-06-24T08:03:06.621Z,backend,Collecting typing-extensions>=4.8.0 (from fastapi==0.122.0->-r requirements.txt (line 1))
2026-06-24T08:03:06.621Z,backend,Collecting typing-extensions>=4.8.0 (from fastapi==0.122.0->-r requirements.txt (line 1))
2026-06-24T08:03:06.643Z,backend,Downloading typing_extensions-4.15.0-py3-none-any.whl.metadata (3.3 kB)
2026-06-24T08:03:06.643Z,backend,Downloading typing_extensions-4.15.0-py3-none-any.whl.metadata (3.3 kB)
2026-06-24T08:03:06.670Z,backend,Collecting annotated-doc>=0.0.2 (from fastapi==0.122.0->-r requirements.txt (line 1))
2026-06-24T08:03:06.670Z,backend,Collecting annotated-doc>=0.0.2 (from fastapi==0.122.0->-r requirements.txt (line 1))
2026-06-24T08:03:06.694Z,backend,Downloading annotated_doc-0.0.4-py3-none-any.whl.metadata (6.6 kB)
2026-06-24T08:03:06.694Z,backend,Downloading annotated_doc-0.0.4-py3-none-any.whl.metadata (6.6 kB)
2026-06-24T08:03:06.730Z,backend,Collecting click>=7.0 (from uvicorn==0.38.0->uvicorn[standard]==0.38.0->-r requirements.txt (line 2))
2026-06-24T08:03:06.730Z,backend,Collecting click>=7.0 (from uvicorn==0.38.0->uvicorn[standard]==0.38.0->-r requirements.txt (line 2))
2026-06-24T08:03:06.753Z,backend,Downloading click-8.4.1-py3-none-any.whl.metadata (2.6 kB)
2026-06-24T08:03:06.753Z,backend,Downloading click-8.4.1-py3-none-any.whl.metadata (2.6 kB)
2026-06-24T08:03:06.777Z,backend,Collecting h11>=0.8 (from uvicorn==0.38.0->uvicorn[standard]==0.38.0->-r requirements.txt (line 2))
2026-06-24T08:03:06.777Z,backend,Collecting h11>=0.8 (from uvicorn==0.38.0->uvicorn[standard]==0.38.0->-r requirements.txt (line 2))
2026-06-24T08:03:06.828Z,backend,Downloading h11-0.16.0-py3-none-any.whl.metadata (8.3 kB)
2026-06-24T08:03:06.828Z,backend,Downloading h11-0.16.0-py3-none-any.whl.metadata (8.3 kB)
2026-06-24T08:03:06.998Z,backend,Collecting greenlet>=1 (from sqlalchemy==2.0.44->-r requirements.txt (line 3))
2026-06-24T08:03:06.998Z,backend,Collecting greenlet>=1 (from sqlalchemy==2.0.44->-r requirements.txt (line 3))
2026-06-24T08:03:07.025Z,backend,Downloading greenlet-3.5.2-cp312-cp312-manylinux_2_24_x86_64.manylinux_2_28_x86_64.whl.metadata (3.8 kB)
2026-06-24T08:03:07.025Z,backend,Downloading greenlet-3.5.2-cp312-cp312-manylinux_2_24_x86_64.manylinux_2_28_x86_64.whl.metadata (3.8 kB)
2026-06-24T08:03:07.077Z,backend,Collecting Mako (from alembic==1.14.0->-r requirements.txt (line 6))
2026-06-24T08:03:07.077Z,backend,Collecting Mako (from alembic==1.14.0->-r requirements.txt (line 6))
2026-06-24T08:03:07.100Z,backend,Downloading mako-1.3.12-py3-none-any.whl.metadata (2.9 kB)
2026-06-24T08:03:07.100Z,backend,Downloading mako-1.3.12-py3-none-any.whl.metadata (2.9 kB)
2026-06-24T08:03:07.132Z,backend,Collecting annotated-types>=0.6.0 (from pydantic==2.12.5->pydantic[email]==2.12.5->-r requirements.txt (line 7))
2026-06-24T08:03:07.132Z,backend,Collecting annotated-types>=0.6.0 (from pydantic==2.12.5->pydantic[email]==2.12.5->-r requirements.txt (line 7))
2026-06-24T08:03:07.152Z,backend,Downloading annotated_types-0.7.0-py3-none-any.whl.metadata (15 kB)
2026-06-24T08:03:07.152Z,backend,Downloading annotated_types-0.7.0-py3-none-any.whl.metadata (15 kB)
2026-06-24T08:03:07.978Z,backend,Collecting pydantic-core==2.41.5 (from pydantic==2.12.5->pydantic[email]==2.12.5->-r requirements.txt (line 7))
2026-06-24T08:03:07.978Z,backend,Collecting pydantic-core==2.41.5 (from pydantic==2.12.5->pydantic[email]==2.12.5->-r requirements.txt (line 7))
2026-06-24T08:03:08.006Z,backend,Downloading pydantic_core-2.41.5-cp312-cp312-manylinux_2_17_x86_64.manylinux2014_x86_64.whl.metadata (7.3 kB)
2026-06-24T08:03:08.006Z,backend,Downloading pydantic_core-2.41.5-cp312-cp312-manylinux_2_17_x86_64.manylinux2014_x86_64.whl.metadata (7.3 kB)
2026-06-24T08:03:08.032Z,backend,Collecting typing-inspection>=0.4.2 (from pydantic==2.12.5->pydantic[email]==2.12.5->-r requirements.txt (line 7))
2026-06-24T08:03:08.032Z,backend,Collecting typing-inspection>=0.4.2 (from pydantic==2.12.5->pydantic[email]==2.12.5->-r requirements.txt (line 7))
2026-06-24T08:03:08.052Z,backend,Downloading typing_inspection-0.4.2-py3-none-any.whl.metadata (2.6 kB)
2026-06-24T08:03:08.052Z,backend,Downloading typing_inspection-0.4.2-py3-none-any.whl.metadata (2.6 kB)
2026-06-24T08:03:08.110Z,backend,Collecting soupsieve>1.2 (from beautifulsoup4==4.14.2->-r requirements.txt (line 10))
2026-06-24T08:03:08.110Z,backend,Collecting soupsieve>1.2 (from beautifulsoup4==4.14.2->-r requirements.txt (line 10))
2026-06-24T08:03:08.130Z,backend,Downloading soupsieve-2.8.4-py3-none-any.whl.metadata (4.6 kB)
2026-06-24T08:03:08.130Z,backend,Downloading soupsieve-2.8.4-py3-none-any.whl.metadata (4.6 kB)
2026-06-24T08:03:08.159Z,backend,Collecting anyio (from httpx==0.28.1->-r requirements.txt (line 11))
2026-06-24T08:03:08.159Z,backend,Collecting anyio (from httpx==0.28.1->-r requirements.txt (line 11))
2026-06-24T08:03:08.181Z,backend,Downloading anyio-4.14.0-py3-none-any.whl.metadata (4.6 kB)
2026-06-24T08:03:08.181Z,backend,Downloading anyio-4.14.0-py3-none-any.whl.metadata (4.6 kB)
2026-06-24T08:03:08.213Z,backend,Collecting certifi (from httpx==0.28.1->-r requirements.txt (line 11))
2026-06-24T08:03:08.213Z,backend,Collecting certifi (from httpx==0.28.1->-r requirements.txt (line 11))
2026-06-24T08:03:08.234Z,backend,Downloading certifi-2026.6.17-py3-none-any.whl.metadata (2.5 kB)
2026-06-24T08:03:08.234Z,backend,Downloading certifi-2026.6.17-py3-none-any.whl.metadata (2.5 kB)
2026-06-24T08:03:08.265Z,backend,Collecting httpcore==1.* (from httpx==0.28.1->-r requirements.txt (line 11))
2026-06-24T08:03:08.265Z,backend,Collecting httpcore==1.* (from httpx==0.28.1->-r requirements.txt (line 11))
2026-06-24T08:03:08.286Z,backend,Downloading httpcore-1.0.9-py3-none-any.whl.metadata (21 kB)
2026-06-24T08:03:08.286Z,backend,Downloading httpcore-1.0.9-py3-none-any.whl.metadata (21 kB)
2026-06-24T08:03:08.313Z,backend,Collecting idna (from httpx==0.28.1->-r requirements.txt (line 11))
2026-06-24T08:03:08.313Z,backend,Collecting idna (from httpx==0.28.1->-r requirements.txt (line 11))
2026-06-24T08:03:08.332Z,backend,Downloading idna-3.18-py3-none-any.whl.metadata (6.1 kB)
2026-06-24T08:03:08.332Z,backend,Downloading idna-3.18-py3-none-any.whl.metadata (6.1 kB)
2026-06-24T08:03:08.373Z,backend,Collecting limits>=2.3 (from slowapi==0.1.9->-r requirements.txt (line 12))
2026-06-24T08:03:08.373Z,backend,Collecting limits>=2.3 (from slowapi==0.1.9->-r requirements.txt (line 12))
2026-06-24T08:03:08.393Z,backend,Downloading limits-5.8.0-py3-none-any.whl.metadata (10 kB)
2026-06-24T08:03:08.393Z,backend,Downloading limits-5.8.0-py3-none-any.whl.metadata (10 kB)
2026-06-24T08:03:08.423Z,backend,Collecting ecdsa!=0.15 (from python-jose==3.5.0->python-jose[cryptography]==3.5.0->-r requirements.txt (line 13))
2026-06-24T08:03:08.423Z,backend,Collecting ecdsa!=0.15 (from python-jose==3.5.0->python-jose[cryptography]==3.5.0->-r requirements.txt (line 13))
2026-06-24T08:03:08.444Z,backend,Downloading ecdsa-0.19.2-py2.py3-none-any.whl.metadata (29 kB)
2026-06-24T08:03:08.444Z,backend,Downloading ecdsa-0.19.2-py2.py3-none-any.whl.metadata (29 kB)
2026-06-24T08:03:08.480Z,backend,"Collecting rsa!=4.1.1,!=4.4,<5.0,>=4.0 (from python-jose==3.5.0->python-jose[cryptography]==3.5.0->-r requirements.txt (line 13))"
2026-06-24T08:03:08.480Z,backend,"Collecting rsa!=4.1.1,!=4.4,<5.0,>=4.0 (from python-jose==3.5.0->python-jose[cryptography]==3.5.0->-r requirements.txt (line 13))"
2026-06-24T08:03:08.500Z,backend,Downloading rsa-4.9.1-py3-none-any.whl.metadata (5.6 kB)
2026-06-24T08:03:08.500Z,backend,Downloading rsa-4.9.1-py3-none-any.whl.metadata (5.6 kB)
2026-06-24T08:03:08.534Z,backend,Collecting pyasn1>=0.5.0 (from python-jose==3.5.0->python-jose[cryptography]==3.5.0->-r requirements.txt (line 13))
2026-06-24T08:03:08.534Z,backend,Collecting pyasn1>=0.5.0 (from python-jose==3.5.0->python-jose[cryptography]==3.5.0->-r requirements.txt (line 13))
2026-06-24T08:03:08.556Z,backend,Downloading pyasn1-0.6.3-py3-none-any.whl.metadata (8.4 kB)
2026-06-24T08:03:08.556Z,backend,Downloading pyasn1-0.6.3-py3-none-any.whl.metadata (8.4 kB)
2026-06-24T08:03:08.595Z,backend,"Collecting billiard<5.0,>=4.2.0 (from celery==5.4.0->celery[redis]==5.4.0->-r requirements.txt (line 17))"
2026-06-24T08:03:08.595Z,backend,"Collecting billiard<5.0,>=4.2.0 (from celery==5.4.0->celery[redis]==5.4.0->-r requirements.txt (line 17))"
2026-06-24T08:03:08.617Z,backend,Downloading billiard-4.2.4-py3-none-any.whl.metadata (4.8 kB)
2026-06-24T08:03:08.617Z,backend,Downloading billiard-4.2.4-py3-none-any.whl.metadata (4.8 kB)
2026-06-24T08:03:08.664Z,backend,"Collecting kombu<6.0,>=5.3.4 (from celery==5.4.0->celery[redis]==5.4.0->-r requirements.txt (line 17))"
2026-06-24T08:03:08.664Z,backend,"Collecting kombu<6.0,>=5.3.4 (from celery==5.4.0->celery[redis]==5.4.0->-r requirements.txt (line 17))"
2026-06-24T08:03:08.683Z,backend,Downloading kombu-5.6.2-py3-none-any.whl.metadata (3.5 kB)
2026-06-24T08:03:08.683Z,backend,Downloading kombu-5.6.2-py3-none-any.whl.metadata (3.5 kB)
2026-06-24T08:03:08.719Z,backend,"Collecting vine<6.0,>=5.1.0 (from celery==5.4.0->celery[redis]==5.4.0->-r requirements.txt (line 17))"
2026-06-24T08:03:08.719Z,backend,"Collecting vine<6.0,>=5.1.0 (from celery==5.4.0->celery[redis]==5.4.0->-r requirements.txt (line 17))"
2026-06-24T08:03:08.738Z,backend,Downloading vine-5.1.0-py3-none-any.whl.metadata (2.7 kB)
2026-06-24T08:03:08.738Z,backend,Downloading vine-5.1.0-py3-none-any.whl.metadata (2.7 kB)
2026-06-24T08:03:08.765Z,backend,Collecting click-didyoumean>=0.3.0 (from celery==5.4.0->celery[redis]==5.4.0->-r requirements.txt (line 17))
2026-06-24T08:03:08.765Z,backend,Collecting click-didyoumean>=0.3.0 (from celery==5.4.0->celery[redis]==5.4.0->-r requirements.txt (line 17))
2026-06-24T08:03:08.786Z,backend,Downloading click_didyoumean-0.3.1-py3-none-any.whl.metadata (3.9 kB)
2026-06-24T08:03:08.786Z,backend,Downloading click_didyoumean-0.3.1-py3-none-any.whl.metadata (3.9 kB)
2026-06-24T08:03:08.811Z,backend,Collecting click-repl>=0.2.0 (from celery==5.4.0->celery[redis]==5.4.0->-r requirements.txt (line 17))
2026-06-24T08:03:08.811Z,backend,Collecting click-repl>=0.2.0 (from celery==5.4.0->celery[redis]==5.4.0->-r requirements.txt (line 17))
2026-06-24T08:03:08.834Z,backend,Downloading click_repl-0.3.0-py3-none-any.whl.metadata (3.6 kB)
2026-06-24T08:03:08.834Z,backend,Downloading click_repl-0.3.0-py3-none-any.whl.metadata (3.6 kB)
2026-06-24T08:03:08.860Z,backend,Collecting click-plugins>=1.1.1 (from celery==5.4.0->celery[redis]==5.4.0->-r requirements.txt (line 17))
2026-06-24T08:03:08.860Z,backend,Collecting click-plugins>=1.1.1 (from celery==5.4.0->celery[redis]==5.4.0->-r requirements.txt (line 17))
2026-06-24T08:03:08.880Z,backend,Downloading click_plugins-1.1.1.2-py2.py3-none-any.whl.metadata (6.5 kB)
2026-06-24T08:03:08.880Z,backend,Downloading click_plugins-1.1.1.2-py2.py3-none-any.whl.metadata (6.5 kB)
2026-06-24T08:03:08.906Z,backend,Collecting tzdata>=2022.7 (from celery==5.4.0->celery[redis]==5.4.0->-r requirements.txt (line 17))
2026-06-24T08:03:08.906Z,backend,Collecting tzdata>=2022.7 (from celery==5.4.0->celery[redis]==5.4.0->-r requirements.txt (line 17))
2026-06-24T08:03:08.926Z,backend,Downloading tzdata-2026.2-py2.py3-none-any.whl.metadata (1.4 kB)
2026-06-24T08:03:08.926Z,backend,Downloading tzdata-2026.2-py2.py3-none-any.whl.metadata (1.4 kB)
2026-06-24T08:03:08.952Z,backend,Collecting python-dateutil>=2.8.2 (from celery==5.4.0->celery[redis]==5.4.0->-r requirements.txt (line 17))
2026-06-24T08:03:08.952Z,backend,Collecting python-dateutil>=2.8.2 (from celery==5.4.0->celery[redis]==5.4.0->-r requirements.txt (line 17))
2026-06-24T08:03:08.975Z,backend,Downloading python_dateutil-2.9.0.post0-py2.py3-none-any.whl.metadata (8.4 kB)
2026-06-24T08:03:08.975Z,backend,Downloading python_dateutil-2.9.0.post0-py2.py3-none-any.whl.metadata (8.4 kB)
2026-06-24T08:03:09.025Z,backend,Collecting requests>=2.20 (from stripe==11.4.1->-r requirements.txt (line 18))
2026-06-24T08:03:09.025Z,backend,Collecting requests>=2.20 (from stripe==11.4.1->-r requirements.txt (line 18))
2026-06-24T08:03:09.050Z,backend,Downloading requests-2.34.2-py3-none-any.whl.metadata (4.8 kB)
2026-06-24T08:03:09.050Z,backend,Downloading requests-2.34.2-py3-none-any.whl.metadata (4.8 kB)
2026-06-24T08:03:09.288Z,backend,Collecting cryptography (from authlib==1.6.5->-r requirements.txt (line 19))
2026-06-24T08:03:09.288Z,backend,Collecting cryptography (from authlib==1.6.5->-r requirements.txt (line 19))
2026-06-24T08:03:09.315Z,backend,Downloading cryptography-49.0.0-cp311-abi3-manylinux_2_34_x86_64.whl.metadata (4.3 kB)
2026-06-24T08:03:09.315Z,backend,Downloading cryptography-49.0.0-cp311-abi3-manylinux_2_34_x86_64.whl.metadata (4.3 kB)
2026-06-24T08:03:09.365Z,backend,Collecting email-validator>=2.0.0 (from pydantic[email]==2.12.5->-r requirements.txt (line 7))
2026-06-24T08:03:09.365Z,backend,Collecting email-validator>=2.0.0 (from pydantic[email]==2.12.5->-r requirements.txt (line 7))
2026-06-24T08:03:09.387Z,backend,Downloading email_validator-2.3.0-py3-none-any.whl.metadata (26 kB)
2026-06-24T08:03:09.387Z,backend,Downloading email_validator-2.3.0-py3-none-any.whl.metadata (26 kB)
2026-06-24T08:03:09.472Z,backend,Collecting httptools>=0.6.3 (from uvicorn[standard]==0.38.0->-r requirements.txt (line 2))
2026-06-24T08:03:09.472Z,backend,Collecting httptools>=0.6.3 (from uvicorn[standard]==0.38.0->-r requirements.txt (line 2))
2026-06-24T08:03:09.493Z,backend,Downloading httptools-0.8.0-cp312-cp312-manylinux1_x86_64.manylinux_2_28_x86_64.manylinux_2_5_x86_64.whl.metadata (3.5 kB)
2026-06-24T08:03:09.493Z,backend,Downloading httptools-0.8.0-cp312-cp312-manylinux1_x86_64.manylinux_2_28_x86_64.manylinux_2_5_x86_64.whl.metadata (3.5 kB)
2026-06-24T08:03:09.546Z,backend,Collecting pyyaml>=5.1 (from uvicorn[standard]==0.38.0->-r requirements.txt (line 2))
2026-06-24T08:03:09.546Z,backend,Collecting pyyaml>=5.1 (from uvicorn[standard]==0.38.0->-r requirements.txt (line 2))
2026-06-24T08:03:09.569Z,backend,Downloading pyyaml-6.0.3-cp312-cp312-manylinux2014_x86_64.manylinux_2_17_x86_64.manylinux_2_28_x86_64.whl.metadata (2.4 kB)
2026-06-24T08:03:09.569Z,backend,Downloading pyyaml-6.0.3-cp312-cp312-manylinux2014_x86_64.manylinux_2_17_x86_64.manylinux_2_28_x86_64.whl.metadata (2.4 kB)
2026-06-24T08:03:09.626Z,backend,Collecting uvloop>=0.15.1 (from uvicorn[standard]==0.38.0->-r requirements.txt (line 2))
2026-06-24T08:03:09.626Z,backend,Collecting uvloop>=0.15.1 (from uvicorn[standard]==0.38.0->-r requirements.txt (line 2))
2026-06-24T08:03:09.648Z,backend,Downloading uvloop-0.22.1-cp312-cp312-manylinux2014_x86_64.manylinux_2_17_x86_64.manylinux_2_28_x86_64.whl.metadata (4.9 kB)
2026-06-24T08:03:09.648Z,backend,Downloading uvloop-0.22.1-cp312-cp312-manylinux2014_x86_64.manylinux_2_17_x86_64.manylinux_2_28_x86_64.whl.metadata (4.9 kB)
2026-06-24T08:03:09.762Z,backend,Collecting watchfiles>=0.13 (from uvicorn[standard]==0.38.0->-r requirements.txt (line 2))
2026-06-24T08:03:09.762Z,backend,Collecting watchfiles>=0.13 (from uvicorn[standard]==0.38.0->-r requirements.txt (line 2))
2026-06-24T08:03:09.783Z,backend,Downloading watchfiles-1.2.0-cp312-cp312-manylinux_2_17_x86_64.manylinux2014_x86_64.whl.metadata (4.9 kB)
2026-06-24T08:03:09.783Z,backend,Downloading watchfiles-1.2.0-cp312-cp312-manylinux_2_17_x86_64.manylinux2014_x86_64.whl.metadata (4.9 kB)
2026-06-24T08:03:09.939Z,backend,Collecting websockets>=10.4 (from uvicorn[standard]==0.38.0->-r requirements.txt (line 2))
2026-06-24T08:03:09.939Z,backend,Collecting websockets>=10.4 (from uvicorn[standard]==0.38.0->-r requirements.txt (line 2))
2026-06-24T08:03:09.960Z,backend,Downloading websockets-16.0-cp312-cp312-manylinux1_x86_64.manylinux_2_28_x86_64.manylinux_2_5_x86_64.whl.metadata (6.8 kB)
2026-06-24T08:03:09.960Z,backend,Downloading websockets-16.0-cp312-cp312-manylinux1_x86_64.manylinux_2_28_x86_64.manylinux_2_5_x86_64.whl.metadata (6.8 kB)
2026-06-24T08:03:10.038Z,backend,Collecting prompt-toolkit>=3.0.36 (from click-repl>=0.2.0->celery==5.4.0->celery[redis]==5.4.0->-r requirements.txt (line 17))
2026-06-24T08:03:10.038Z,backend,Collecting prompt-toolkit>=3.0.36 (from click-repl>=0.2.0->celery==5.4.0->celery[redis]==5.4.0->-r requirements.txt (line 17))
2026-06-24T08:03:10.066Z,backend,Downloading prompt_toolkit-3.0.52-py3-none-any.whl.metadata (6.4 kB)
2026-06-24T08:03:10.066Z,backend,Downloading prompt_toolkit-3.0.52-py3-none-any.whl.metadata (6.4 kB)
2026-06-24T08:03:10.190Z,backend,Collecting cffi>=2.0.0 (from cryptography->authlib==1.6.5->-r requirements.txt (line 19))
2026-06-24T08:03:10.190Z,backend,Collecting cffi>=2.0.0 (from cryptography->authlib==1.6.5->-r requirements.txt (line 19))
2026-06-24T08:03:10.211Z,backend,Downloading cffi-2.0.0-cp312-cp312-manylinux2014_x86_64.manylinux_2_17_x86_64.whl.metadata (2.6 kB)
2026-06-24T08:03:10.211Z,backend,Downloading cffi-2.0.0-cp312-cp312-manylinux2014_x86_64.manylinux_2_17_x86_64.whl.metadata (2.6 kB)
2026-06-24T08:03:10.241Z,backend,Collecting six>=1.9.0 (from ecdsa!=0.15->python-jose==3.5.0->python-jose[cryptography]==3.5.0->-r requirements.txt (line 13))
2026-06-24T08:03:10.241Z,backend,Collecting six>=1.9.0 (from ecdsa!=0.15->python-jose==3.5.0->python-jose[cryptography]==3.5.0->-r requirements.txt (line 13))
2026-06-24T08:03:10.261Z,backend,Downloading six-1.17.0-py2.py3-none-any.whl.metadata (1.7 kB)
2026-06-24T08:03:10.261Z,backend,Downloading six-1.17.0-py2.py3-none-any.whl.metadata (1.7 kB)
2026-06-24T08:03:10.292Z,backend,Collecting dnspython>=2.0.0 (from email-validator>=2.0.0->pydantic[email]==2.12.5->-r requirements.txt (line 7))
2026-06-24T08:03:10.292Z,backend,Collecting dnspython>=2.0.0 (from email-validator>=2.0.0->pydantic[email]==2.12.5->-r requirements.txt (line 7))
2026-06-24T08:03:10.312Z,backend,Downloading dnspython-2.8.0-py3-none-any.whl.metadata (5.7 kB)
2026-06-24T08:03:10.312Z,backend,Downloading dnspython-2.8.0-py3-none-any.whl.metadata (5.7 kB)
2026-06-24T08:03:10.364Z,backend,"Collecting amqp<6.0.0,>=5.1.1 (from kombu<6.0,>=5.3.4->celery==5.4.0->celery[redis]==5.4.0->-r requirements.txt (line 17))"
2026-06-24T08:03:10.364Z,backend,"Collecting amqp<6.0.0,>=5.1.1 (from kombu<6.0,>=5.3.4->celery==5.4.0->celery[redis]==5.4.0->-r requirements.txt (line 17))"
2026-06-24T08:03:10.384Z,backend,Downloading amqp-5.3.1-py3-none-any.whl.metadata (8.9 kB)
2026-06-24T08:03:10.384Z,backend,Downloading amqp-5.3.1-py3-none-any.whl.metadata (8.9 kB)
2026-06-24T08:03:10.418Z,backend,"Collecting packaging (from kombu<6.0,>=5.3.4->celery==5.4.0->celery[redis]==5.4.0->-r requirements.txt (line 17))"
2026-06-24T08:03:10.418Z,backend,"Collecting packaging (from kombu<6.0,>=5.3.4->celery==5.4.0->celery[redis]==5.4.0->-r requirements.txt (line 17))"
2026-06-24T08:03:10.440Z,backend,Downloading packaging-26.2-py3-none-any.whl.metadata (3.5 kB)
2026-06-24T08:03:10.440Z,backend,Downloading packaging-26.2-py3-none-any.whl.metadata (3.5 kB)
2026-06-24T08:03:10.473Z,backend,Collecting deprecated>=1.2 (from limits>=2.3->slowapi==0.1.9->-r requirements.txt (line 12))
2026-06-24T08:03:10.473Z,backend,Collecting deprecated>=1.2 (from limits>=2.3->slowapi==0.1.9->-r requirements.txt (line 12))
2026-06-24T08:03:10.494Z,backend,Downloading deprecated-1.3.1-py2.py3-none-any.whl.metadata (5.9 kB)
2026-06-24T08:03:10.494Z,backend,Downloading deprecated-1.3.1-py2.py3-none-any.whl.metadata (5.9 kB)
2026-06-24T08:03:10.622Z,backend,"Collecting charset_normalizer<4,>=2 (from requests>=2.20->stripe==11.4.1->-r requirements.txt (line 18))"
2026-06-24T08:03:10.622Z,backend,"Collecting charset_normalizer<4,>=2 (from requests>=2.20->stripe==11.4.1->-r requirements.txt (line 18))"
2026-06-24T08:03:10.649Z,backend,Downloading charset_normalizer-3.4.7-cp312-cp312-manylinux2014_x86_64.manylinux_2_17_x86_64.manylinux_2_28_x86_64.whl.metadata (40 kB)
2026-06-24T08:03:10.649Z,backend,Downloading charset_normalizer-3.4.7-cp312-cp312-manylinux2014_x86_64.manylinux_2_17_x86_64.manylinux_2_28_x86_64.whl.metadata (40 kB)
2026-06-24T08:03:10.704Z,backend,"Collecting urllib3<3,>=1.26 (from requests>=2.20->stripe==11.4.1->-r requirements.txt (line 18))"
2026-06-24T08:03:10.704Z,backend,"Collecting urllib3<3,>=1.26 (from requests>=2.20->stripe==11.4.1->-r requirements.txt (line 18))"
2026-06-24T08:03:10.725Z,backend,Downloading urllib3-2.7.0-py3-none-any.whl.metadata (6.9 kB)
2026-06-24T08:03:10.725Z,backend,Downloading urllib3-2.7.0-py3-none-any.whl.metadata (6.9 kB)
2026-06-24T08:03:10.859Z,backend,Collecting MarkupSafe>=0.9.2 (from Mako->alembic==1.14.0->-r requirements.txt (line 6))
2026-06-24T08:03:10.859Z,backend,Collecting MarkupSafe>=0.9.2 (from Mako->alembic==1.14.0->-r requirements.txt (line 6))
2026-06-24T08:03:10.880Z,backend,Downloading markupsafe-3.0.3-cp312-cp312-manylinux2014_x86_64.manylinux_2_17_x86_64.manylinux_2_28_x86_64.whl.metadata (2.7 kB)
2026-06-24T08:03:10.880Z,backend,Downloading markupsafe-3.0.3-cp312-cp312-manylinux2014_x86_64.manylinux_2_17_x86_64.manylinux_2_28_x86_64.whl.metadata (2.7 kB)
2026-06-24T08:03:10.917Z,backend,Collecting pycparser (from cffi>=2.0.0->cryptography->authlib==1.6.5->-r requirements.txt (line 19))
2026-06-24T08:03:10.917Z,backend,Collecting pycparser (from cffi>=2.0.0->cryptography->authlib==1.6.5->-r requirements.txt (line 19))
2026-06-24T08:03:10.937Z,backend,Downloading pycparser-3.0-py3-none-any.whl.metadata (8.2 kB)
2026-06-24T08:03:10.937Z,backend,Downloading pycparser-3.0-py3-none-any.whl.metadata (8.2 kB)
2026-06-24T08:03:11.216Z,backend,"Collecting wrapt<3,>=1.10 (from deprecated>=1.2->limits>=2.3->slowapi==0.1.9->-r requirements.txt (line 12))"
2026-06-24T08:03:11.216Z,backend,"Collecting wrapt<3,>=1.10 (from deprecated>=1.2->limits>=2.3->slowapi==0.1.9->-r requirements.txt (line 12))"
2026-06-24T08:03:11.237Z,backend,Downloading wrapt-2.2.2-cp312-cp312-manylinux1_x86_64.manylinux_2_28_x86_64.manylinux_2_5_x86_64.whl.metadata (7.4 kB)
2026-06-24T08:03:11.237Z,backend,Downloading wrapt-2.2.2-cp312-cp312-manylinux1_x86_64.manylinux_2_28_x86_64.manylinux_2_5_x86_64.whl.metadata (7.4 kB)
2026-06-24T08:03:11.276Z,backend,Collecting wcwidth (from prompt-toolkit>=3.0.36->click-repl>=0.2.0->celery==5.4.0->celery[redis]==5.4.0->-r requirements.txt (line 17))
2026-06-24T08:03:11.276Z,backend,Collecting wcwidth (from prompt-toolkit>=3.0.36->click-repl>=0.2.0->celery==5.4.0->celery[redis]==5.4.0->-r requirements.txt (line 17))
2026-06-24T08:03:11.296Z,backend,Downloading wcwidth-0.8.1-py3-none-any.whl.metadata (43 kB)
2026-06-24T08:03:11.296Z,backend,Downloading wcwidth-0.8.1-py3-none-any.whl.metadata (43 kB)
2026-06-24T08:03:11.345Z,backend,Downloading fastapi-0.122.0-py3-none-any.whl (110 kB)
2026-06-24T08:03:11.345Z,backend,Downloading fastapi-0.122.0-py3-none-any.whl (110 kB)
2026-06-24T08:03:11.374Z,backend,Downloading uvicorn-0.38.0-py3-none-any.whl (68 kB)
2026-06-24T08:03:11.374Z,backend,Downloading uvicorn-0.38.0-py3-none-any.whl (68 kB)
2026-06-24T08:03:11.402Z,backend,Downloading sqlalchemy-2.0.44-cp312-cp312-manylinux_2_17_x86_64.manylinux2014_x86_64.whl (3.3 MB)
2026-06-24T08:03:11.402Z,backend,Downloading sqlalchemy-2.0.44-cp312-cp312-manylinux_2_17_x86_64.manylinux2014_x86_64.whl (3.3 MB)
2026-06-24T08:03:11.602Z,backend,━━━━━━━━━━━━━━━━━━━━━━━━━━━━━━━━━━━━━━━━ 3.3/3.3 MB 17.8 MB/s eta 0:00:00
2026-06-24T08:03:11.602Z,backend,
2026-06-24T08:03:11.602Z,backend,━━━━━━━━━━━━━━━━━━━━━━━━━━━━━━━━━━━━━━━━ 3.3/3.3 MB 17.8 MB/s eta 0:00:00
2026-06-24T08:03:11.602Z,backend,
2026-06-24T08:03:11.622Z,backend,Downloading asyncpg-0.30.0-cp312-cp312-manylinux_2_17_x86_64.manylinux2014_x86_64.whl (3.6 MB)
2026-06-24T08:03:11.622Z,backend,Downloading asyncpg-0.30.0-cp312-cp312-manylinux_2_17_x86_64.manylinux2014_x86_64.whl (3.6 MB)
2026-06-24T08:03:11.776Z,backend,━━━━━━━━━━━━━━━━━━━━━━━━━━━━━━━━━━━━━━━━ 3.6/3.6 MB 25.1 MB/s eta 0:00:00
2026-06-24T08:03:11.776Z,backend,
2026-06-24T08:03:11.776Z,backend,━━━━━━━━━━━━━━━━━━━━━━━━━━━━━━━━━━━━━━━━ 3.6/3.6 MB 25.1 MB/s eta 0:00:00
2026-06-24T08:03:11.776Z,backend,
2026-06-24T08:03:11.797Z,backend,Downloading psycopg2_binary-2.9.10-cp312-cp312-manylinux_2_17_x86_64.manylinux2014_x86_64.whl (3.0 MB)
2026-06-24T08:03:11.797Z,backend,Downloading psycopg2_binary-2.9.10-cp312-cp312-manylinux_2_17_x86_64.manylinux2014_x86_64.whl (3.0 MB)
2026-06-24T08:03:11.923Z,backend,━━━━━━━━━━━━━━━━━━━━━━━━━━━━━━━━━━━━━━━━ 3.0/3.0 MB 26.4 MB/s eta 0:00:00
2026-06-24T08:03:11.923Z,backend,━━━━━━━━━━━━━━━━━━━━━━━━━━━━━━━━━━━━━━━━ 3.0/3.0 MB 26.4 MB/s eta 0:00:00
2026-06-24T08:03:11.944Z,backend,Downloading alembic-1.14.0-py3-none-any.whl (233 kB)
2026-06-24T08:03:11.944Z,backend,Downloading alembic-1.14.0-py3-none-any.whl (233 kB)
2026-06-24T08:03:11.973Z,backend,Downloading pydantic-2.12.5-py3-none-any.whl (463 kB)
2026-06-24T08:03:11.973Z,backend,Downloading pydantic-2.12.5-py3-none-any.whl (463 kB)
2026-06-24T08:03:12.015Z,backend,Downloading pydantic_settings-2.7.0-py3-none-any.whl (29 kB)
2026-06-24T08:03:12.015Z,backend,Downloading pydantic_settings-2.7.0-py3-none-any.whl (29 kB)
2026-06-24T08:03:12.037Z,backend,Downloading python_dotenv-1.2.1-py3-none-any.whl (21 kB)
2026-06-24T08:03:12.037Z,backend,Downloading python_dotenv-1.2.1-py3-none-any.whl (21 kB)
2026-06-24T08:03:12.059Z,backend,Downloading beautifulsoup4-4.14.2-py3-none-any.whl (106 kB)
2026-06-24T08:03:12.059Z,backend,Downloading beautifulsoup4-4.14.2-py3-none-any.whl (106 kB)
2026-06-24T08:03:12.089Z,backend,Downloading httpx-0.28.1-py3-none-any.whl (73 kB)
2026-06-24T08:03:12.089Z,backend,Downloading httpx-0.28.1-py3-none-any.whl (73 kB)
2026-06-24T08:03:12.116Z,backend,Downloading slowapi-0.1.9-py3-none-any.whl (14 kB)
2026-06-24T08:03:12.116Z,backend,Downloading slowapi-0.1.9-py3-none-any.whl (14 kB)
2026-06-24T08:03:12.139Z,backend,Downloading python_jose-3.5.0-py2.py3-none-any.whl (34 kB)
2026-06-24T08:03:12.139Z,backend,Downloading python_jose-3.5.0-py2.py3-none-any.whl (34 kB)
2026-06-24T08:03:12.162Z,backend,Downloading passlib-1.7.4-py2.py3-none-any.whl (525 kB)
2026-06-24T08:03:12.162Z,backend,Downloading passlib-1.7.4-py2.py3-none-any.whl (525 kB)
2026-06-24T08:03:12.200Z,backend,━━━━━━━━━━━━━━━━━━━━━━━━━━━━━━━━━━━━━━━━ 525.6/525.6 kB 17.2 MB/s eta 0:00:00
2026-06-24T08:03:12.200Z,backend,━━━━━━━━━━━━━━━━━━━━━━━━━━━━━━━━━━━━━━━━ 525.6/525.6 kB 17.2 MB/s eta 0:00:00
2026-06-24T08:03:12.220Z,backend,Downloading bcrypt-4.0.1-cp36-abi3-manylinux_2_28_x86_64.whl (593 kB)
2026-06-24T08:03:12.220Z,backend,Downloading bcrypt-4.0.1-cp36-abi3-manylinux_2_28_x86_64.whl (593 kB)
2026-06-24T08:03:12.248Z,backend,━━━━━━━━━━━━━━━━━━━━━━━━━━━━━━━━━━━━━━━━ 593.7/593.7 kB 27.5 MB/s eta 0:00:00
2026-06-24T08:03:12.248Z,backend,━━━━━━━━━━━━━━━━━━━━━━━━━━━━━━━━━━━━━━━━ 593.7/593.7 kB 27.5 MB/s eta 0:00:00
2026-06-24T08:03:12.249Z,backend,
2026-06-24T08:03:12.249Z,backend,
2026-06-24T08:03:12.270Z,backend,Downloading redis-5.2.1-py3-none-any.whl (261 kB)
2026-06-24T08:03:12.270Z,backend,Downloading redis-5.2.1-py3-none-any.whl (261 kB)
2026-06-24T08:03:12.303Z,backend,Downloading celery-5.4.0-py3-none-any.whl (425 kB)
2026-06-24T08:03:12.303Z,backend,Downloading celery-5.4.0-py3-none-any.whl (425 kB)
2026-06-24T08:03:12.343Z,backend,Downloading stripe-11.4.1-py2.py3-none-any.whl (1.6 MB)
2026-06-24T08:03:12.343Z,backend,Downloading stripe-11.4.1-py2.py3-none-any.whl (1.6 MB)
2026-06-24T08:03:12.417Z,backend,━━━━━━━━━━━━━━━━━━━━━━━━━━━━━━━━━━━━━━━━ 1.6/1.6 MB 24.8 MB/s eta 0:00:00
2026-06-24T08:03:12.417Z,backend,
2026-06-24T08:03:12.417Z,backend,━━━━━━━━━━━━━━━━━━━━━━━━━━━━━━━━━━━━━━━━ 1.6/1.6 MB 24.8 MB/s eta 0:00:00
2026-06-24T08:03:12.417Z,backend,
2026-06-24T08:03:12.441Z,backend,Downloading authlib-1.6.5-py2.py3-none-any.whl (243 kB)
2026-06-24T08:03:12.441Z,backend,Downloading authlib-1.6.5-py2.py3-none-any.whl (243 kB)
2026-06-24T08:03:12.472Z,backend,Downloading itsdangerous-2.2.0-py3-none-any.whl (16 kB)
2026-06-24T08:03:12.472Z,backend,Downloading itsdangerous-2.2.0-py3-none-any.whl (16 kB)
2026-06-24T08:03:12.495Z,backend,Downloading httpcore-1.0.9-py3-none-any.whl (78 kB)
2026-06-24T08:03:12.495Z,backend,Downloading httpcore-1.0.9-py3-none-any.whl (78 kB)
2026-06-24T08:03:12.521Z,backend,Downloading pydantic_core-2.41.5-cp312-cp312-manylinux_2_17_x86_64.manylinux2014_x86_64.whl (2.1 MB)
2026-06-24T08:03:12.521Z,backend,Downloading pydantic_core-2.41.5-cp312-cp312-manylinux_2_17_x86_64.manylinux2014_x86_64.whl (2.1 MB)
2026-06-24T08:03:12.609Z,backend,━━━━━━━━━━━━━━━━━━━━━━━━━━━━━━━━━━━━━━━━ 2.1/2.1 MB 26.3 MB/s eta 0:00:00
2026-06-24T08:03:12.609Z,backend,━━━━━━━━━━━━━━━━━━━━━━━━━━━━━━━━━━━━━━━━ 2.1/2.1 MB 26.3 MB/s eta 0:00:00
2026-06-24T08:03:12.610Z,backend,
2026-06-24T08:03:12.610Z,backend,
2026-06-24T08:03:12.630Z,backend,Downloading annotated_doc-0.0.4-py3-none-any.whl (5.3 kB)
2026-06-24T08:03:12.630Z,backend,Downloading annotated_doc-0.0.4-py3-none-any.whl (5.3 kB)
2026-06-24T08:03:12.652Z,backend,Downloading annotated_types-0.7.0-py3-none-any.whl (13 kB)
2026-06-24T08:03:12.652Z,backend,Downloading annotated_types-0.7.0-py3-none-any.whl (13 kB)
2026-06-24T08:03:12.671Z,backend,Downloading billiard-4.2.4-py3-none-any.whl (87 kB)
2026-06-24T08:03:12.671Z,backend,Downloading billiard-4.2.4-py3-none-any.whl (87 kB)
2026-06-24T08:03:12.698Z,backend,Downloading click-8.4.1-py3-none-any.whl (116 kB)
2026-06-24T08:03:12.698Z,backend,Downloading click-8.4.1-py3-none-any.whl (116 kB)
2026-06-24T08:03:12.729Z,backend,Downloading click_didyoumean-0.3.1-py3-none-any.whl (3.6 kB)
2026-06-24T08:03:12.729Z,backend,Downloading click_didyoumean-0.3.1-py3-none-any.whl (3.6 kB)
2026-06-24T08:03:12.749Z,backend,Downloading click_plugins-1.1.1.2-py2.py3-none-any.whl (11 kB)
2026-06-24T08:03:12.749Z,backend,Downloading click_plugins-1.1.1.2-py2.py3-none-any.whl (11 kB)
2026-06-24T08:03:12.769Z,backend,Downloading click_repl-0.3.0-py3-none-any.whl (10 kB)
2026-06-24T08:03:12.769Z,backend,Downloading click_repl-0.3.0-py3-none-any.whl (10 kB)
2026-06-24T08:03:12.790Z,backend,Downloading cryptography-49.0.0-cp311-abi3-manylinux_2_34_x86_64.whl (4.7 MB)
2026-06-24T08:03:12.790Z,backend,Downloading cryptography-49.0.0-cp311-abi3-manylinux_2_34_x86_64.whl (4.7 MB)
2026-06-24T08:03:13.016Z,backend,━━━━━━━━━━━━━━━━━━━━━━━━━━━━━━━━━━━━━━━━ 4.7/4.7 MB 23.7 MB/s eta 0:00:00
2026-06-24T08:03:13.016Z,backend,━━━━━━━━━━━━━━━━━━━━━━━━━━━━━━━━━━━━━━━━ 4.7/4.7 MB 23.7 MB/s eta 0:00:00
2026-06-24T08:03:13.036Z,backend,Downloading ecdsa-0.19.2-py2.py3-none-any.whl (150 kB)
2026-06-24T08:03:13.036Z,backend,Downloading ecdsa-0.19.2-py2.py3-none-any.whl (150 kB)
2026-06-24T08:03:13.069Z,backend,Downloading email_validator-2.3.0-py3-none-any.whl (35 kB)
2026-06-24T08:03:13.069Z,backend,Downloading email_validator-2.3.0-py3-none-any.whl (35 kB)
2026-06-24T08:03:13.092Z,backend,Downloading greenlet-3.5.2-cp312-cp312-manylinux_2_24_x86_64.manylinux_2_28_x86_64.whl (613 kB)
2026-06-24T08:03:13.092Z,backend,Downloading greenlet-3.5.2-cp312-cp312-manylinux_2_24_x86_64.manylinux_2_28_x86_64.whl (613 kB)
2026-06-24T08:03:13.124Z,backend,━━━━━━━━━━━━━━━━━━━━━━━━━━━━━━━━━━━━━━━━ 613.7/613.7 kB 28.3 MB/s eta 0:00:00
2026-06-24T08:03:13.124Z,backend,
2026-06-24T08:03:13.124Z,backend,━━━━━━━━━━━━━━━━━━━━━━━━━━━━━━━━━━━━━━━━ 613.7/613.7 kB 28.3 MB/s eta 0:00:00
2026-06-24T08:03:13.124Z,backend,
2026-06-24T08:03:13.144Z,backend,Downloading h11-0.16.0-py3-none-any.whl (37 kB)
2026-06-24T08:03:13.144Z,backend,Downloading h11-0.16.0-py3-none-any.whl (37 kB)
2026-06-24T08:03:13.166Z,backend,Downloading httptools-0.8.0-cp312-cp312-manylinux1_x86_64.manylinux_2_28_x86_64.manylinux_2_5_x86_64.whl (523 kB)
2026-06-24T08:03:13.166Z,backend,Downloading httptools-0.8.0-cp312-cp312-manylinux1_x86_64.manylinux_2_28_x86_64.manylinux_2_5_x86_64.whl (523 kB)
2026-06-24T08:03:13.207Z,backend,Downloading idna-3.18-py3-none-any.whl (65 kB)
2026-06-24T08:03:13.207Z,backend,Downloading idna-3.18-py3-none-any.whl (65 kB)
2026-06-24T08:03:13.232Z,backend,Downloading kombu-5.6.2-py3-none-any.whl (214 kB)
2026-06-24T08:03:13.232Z,backend,Downloading kombu-5.6.2-py3-none-any.whl (214 kB)
2026-06-24T08:03:13.265Z,backend,Downloading vine-5.1.0-py3-none-any.whl (9.6 kB)
2026-06-24T08:03:13.265Z,backend,Downloading vine-5.1.0-py3-none-any.whl (9.6 kB)
2026-06-24T08:03:13.286Z,backend,Downloading limits-5.8.0-py3-none-any.whl (60 kB)
2026-06-24T08:03:13.286Z,backend,Downloading limits-5.8.0-py3-none-any.whl (60 kB)
2026-06-24T08:03:13.309Z,backend,Downloading pyasn1-0.6.3-py3-none-any.whl (83 kB)
2026-06-24T08:03:13.309Z,backend,Downloading pyasn1-0.6.3-py3-none-any.whl (83 kB)
2026-06-24T08:03:13.335Z,backend,Downloading python_dateutil-2.9.0.post0-py2.py3-none-any.whl (229 kB)
2026-06-24T08:03:13.335Z,backend,Downloading python_dateutil-2.9.0.post0-py2.py3-none-any.whl (229 kB)
2026-06-24T08:03:13.370Z,backend,Downloading pyyaml-6.0.3-cp312-cp312-manylinux2014_x86_64.manylinux_2_17_x86_64.manylinux_2_28_x86_64.whl (807 kB)
2026-06-24T08:03:13.370Z,backend,Downloading pyyaml-6.0.3-cp312-cp312-manylinux2014_x86_64.manylinux_2_17_x86_64.manylinux_2_28_x86_64.whl (807 kB)
2026-06-24T08:03:13.414Z,backend,━━━━━━━━━━━━━━━━━━━━━━━━━━━━━━━━━━━━━━━━ 807.9/807.9 kB 24.9 MB/s eta 0:00:00
2026-06-24T08:03:13.414Z,backend,
2026-06-24T08:03:13.414Z,backend,━━━━━━━━━━━━━━━━━━━━━━━━━━━━━━━━━━━━━━━━ 807.9/807.9 kB 24.9 MB/s eta 0:00:00
2026-06-24T08:03:13.414Z,backend,
2026-06-24T08:03:13.434Z,backend,Downloading requests-2.34.2-py3-none-any.whl (73 kB)
2026-06-24T08:03:13.434Z,backend,Downloading requests-2.34.2-py3-none-any.whl (73 kB)
2026-06-24T08:03:13.459Z,backend,Downloading certifi-2026.6.17-py3-none-any.whl (133 kB)
2026-06-24T08:03:13.459Z,backend,Downloading certifi-2026.6.17-py3-none-any.whl (133 kB)
2026-06-24T08:03:13.489Z,backend,Downloading rsa-4.9.1-py3-none-any.whl (34 kB)
2026-06-24T08:03:13.489Z,backend,Downloading rsa-4.9.1-py3-none-any.whl (34 kB)
2026-06-24T08:03:13.511Z,backend,Downloading soupsieve-2.8.4-py3-none-any.whl (37 kB)
2026-06-24T08:03:13.511Z,backend,Downloading soupsieve-2.8.4-py3-none-any.whl (37 kB)
2026-06-24T08:03:13.535Z,backend,Downloading starlette-0.50.0-py3-none-any.whl (74 kB)
2026-06-24T08:03:13.535Z,backend,Downloading starlette-0.50.0-py3-none-any.whl (74 kB)
2026-06-24T08:03:13.563Z,backend,Downloading anyio-4.14.0-py3-none-any.whl (123 kB)
2026-06-24T08:03:13.563Z,backend,Downloading anyio-4.14.0-py3-none-any.whl (123 kB)
2026-06-24T08:03:13.592Z,backend,Downloading typing_extensions-4.15.0-py3-none-any.whl (44 kB)
2026-06-24T08:03:13.592Z,backend,Downloading typing_extensions-4.15.0-py3-none-any.whl (44 kB)
2026-06-24T08:03:13.620Z,backend,Downloading typing_inspection-0.4.2-py3-none-any.whl (14 kB)
2026-06-24T08:03:13.620Z,backend,Downloading typing_inspection-0.4.2-py3-none-any.whl (14 kB)
2026-06-24T08:03:13.639Z,backend,Downloading tzdata-2026.2-py2.py3-none-any.whl (349 kB)
2026-06-24T08:03:13.639Z,backend,Downloading tzdata-2026.2-py2.py3-none-any.whl (349 kB)
2026-06-24T08:03:13.678Z,backend,Downloading uvloop-0.22.1-cp312-cp312-manylinux2014_x86_64.manylinux_2_17_x86_64.manylinux_2_28_x86_64.whl (4.4 MB)
2026-06-24T08:03:13.678Z,backend,Downloading uvloop-0.22.1-cp312-cp312-manylinux2014_x86_64.manylinux_2_17_x86_64.manylinux_2_28_x86_64.whl (4.4 MB)
2026-06-24T08:03:13.871Z,backend,━━━━━━━━━━━━━━━━━━━━━━━━━━━━━━━━━━━━━━━━ 4.4/4.4 MB 24.3 MB/s eta 0:00:00
2026-06-24T08:03:13.871Z,backend,
2026-06-24T08:03:13.871Z,backend,━━━━━━━━━━━━━━━━━━━━━━━━━━━━━━━━━━━━━━━━ 4.4/4.4 MB 24.3 MB/s eta 0:00:00
2026-06-24T08:03:13.871Z,backend,
2026-06-24T08:03:13.892Z,backend,Downloading watchfiles-1.2.0-cp312-cp312-manylinux_2_17_x86_64.manylinux2014_x86_64.whl (456 kB)
2026-06-24T08:03:13.892Z,backend,Downloading watchfiles-1.2.0-cp312-cp312-manylinux_2_17_x86_64.manylinux2014_x86_64.whl (456 kB)
2026-06-24T08:03:13.939Z,backend,Downloading websockets-16.0-cp312-cp312-manylinux1_x86_64.manylinux_2_28_x86_64.manylinux_2_5_x86_64.whl (184 kB)
2026-06-24T08:03:13.939Z,backend,Downloading websockets-16.0-cp312-cp312-manylinux1_x86_64.manylinux_2_28_x86_64.manylinux_2_5_x86_64.whl (184 kB)
2026-06-24T08:03:13.973Z,backend,Downloading mako-1.3.12-py3-none-any.whl (78 kB)
2026-06-24T08:03:13.973Z,backend,Downloading mako-1.3.12-py3-none-any.whl (78 kB)
2026-06-24T08:03:13.997Z,backend,Downloading amqp-5.3.1-py3-none-any.whl (50 kB)
2026-06-24T08:03:13.997Z,backend,Downloading amqp-5.3.1-py3-none-any.whl (50 kB)
2026-06-24T08:03:14.023Z,backend,Downloading cffi-2.0.0-cp312-cp312-manylinux2014_x86_64.manylinux_2_17_x86_64.whl (219 kB)
2026-06-24T08:03:14.023Z,backend,Downloading cffi-2.0.0-cp312-cp312-manylinux2014_x86_64.manylinux_2_17_x86_64.whl (219 kB)
2026-06-24T08:03:14.061Z,backend,Downloading charset_normalizer-3.4.7-cp312-cp312-manylinux2014_x86_64.manylinux_2_17_x86_64.manylinux_2_28_x86_64.whl (216 kB)
2026-06-24T08:03:14.061Z,backend,Downloading charset_normalizer-3.4.7-cp312-cp312-manylinux2014_x86_64.manylinux_2_17_x86_64.manylinux_2_28_x86_64.whl (216 kB)
2026-06-24T08:03:14.093Z,backend,Downloading deprecated-1.3.1-py2.py3-none-any.whl (11 kB)
2026-06-24T08:03:14.093Z,backend,Downloading deprecated-1.3.1-py2.py3-none-any.whl (11 kB)
2026-06-24T08:03:14.114Z,backend,Downloading dnspython-2.8.0-py3-none-any.whl (331 kB)
2026-06-24T08:03:14.114Z,backend,Downloading dnspython-2.8.0-py3-none-any.whl (331 kB)
2026-06-24T08:03:14.151Z,backend,Downloading markupsafe-3.0.3-cp312-cp312-manylinux2014_x86_64.manylinux_2_17_x86_64.manylinux_2_28_x86_64.whl (22 kB)
2026-06-24T08:03:14.151Z,backend,Downloading markupsafe-3.0.3-cp312-cp312-manylinux2014_x86_64.manylinux_2_17_x86_64.manylinux_2_28_x86_64.whl (22 kB)
2026-06-24T08:03:14.175Z,backend,Downloading packaging-26.2-py3-none-any.whl (100 kB)
2026-06-24T08:03:14.175Z,backend,Downloading packaging-26.2-py3-none-any.whl (100 kB)
2026-06-24T08:03:14.199Z,backend,Downloading prompt_toolkit-3.0.52-py3-none-any.whl (391 kB)
2026-06-24T08:03:14.199Z,backend,Downloading prompt_toolkit-3.0.52-py3-none-any.whl (391 kB)
2026-06-24T08:03:14.238Z,backend,Downloading six-1.17.0-py2.py3-none-any.whl (11 kB)
2026-06-24T08:03:14.238Z,backend,Downloading six-1.17.0-py2.py3-none-any.whl (11 kB)
2026-06-24T08:03:14.262Z,backend,Downloading urllib3-2.7.0-py3-none-any.whl (131 kB)
2026-06-24T08:03:14.262Z,backend,Downloading urllib3-2.7.0-py3-none-any.whl (131 kB)
2026-06-24T08:03:14.292Z,backend,Downloading wrapt-2.2.2-cp312-cp312-manylinux1_x86_64.manylinux_2_28_x86_64.manylinux_2_5_x86_64.whl (169 kB)
2026-06-24T08:03:14.292Z,backend,Downloading wrapt-2.2.2-cp312-cp312-manylinux1_x86_64.manylinux_2_28_x86_64.manylinux_2_5_x86_64.whl (169 kB)
2026-06-24T08:03:14.317Z,backend,Downloading pycparser-3.0-py3-none-any.whl (48 kB)
2026-06-24T08:03:14.317Z,backend,Downloading pycparser-3.0-py3-none-any.whl (48 kB)
2026-06-24T08:03:14.345Z,backend,Downloading wcwidth-0.8.1-py3-none-any.whl (323 kB)
2026-06-24T08:03:14.345Z,backend,Downloading wcwidth-0.8.1-py3-none-any.whl (323 kB)
2026-06-24T08:03:14.557Z,backend,"Installing collected packages: passlib, wrapt, websockets, wcwidth, vine, uvloop, urllib3, tzdata, typing-extensions, soupsieve, six, redis, pyyaml, python-dotenv, pycparser, pyasn1, psycopg2-binary, packaging, MarkupSafe, itsdangerous, idna, httptools, h11, greenlet, dnspython, click, charset_normalizer, certifi, billiard, bcrypt, asyncpg, annotated-types, annotated-doc, uvicorn, typing-inspection, sqlalchemy, rsa, requests, python-dateutil, pydantic-core, prompt-toolkit, Mako, httpcore, email-validator, ecdsa, deprecated, click-plugins, click-didyoumean, cffi, beautifulsoup4, anyio, amqp, watchfiles, stripe, starlette, python-jose, pydantic, limits, kombu, httpx, cryptography, click-repl, alembic, slowapi, pydantic-settings, fastapi, celery, authlib"
2026-06-24T08:03:14.557Z,backend,"Installing collected packages: passlib, wrapt, websockets, wcwidth, vine, uvloop, urllib3, tzdata, typing-extensions, soupsieve, six, redis, pyyaml, python-dotenv, pycparser, pyasn1, psycopg2-binary, packaging, MarkupSafe, itsdangerous, idna, httptools, h11, greenlet, dnspython, click, charset_normalizer, certifi, billiard, bcrypt, asyncpg, annotated-types, annotated-doc, uvicorn, typing-inspection, sqlalchemy, rsa, requests, python-dateutil, pydantic-core, prompt-toolkit, Mako, httpcore, email-validator, ecdsa, deprecated, click-plugins, click-didyoumean, cffi, beautifulsoup4, anyio, amqp, watchfiles, stripe, starlette, python-jose, pydantic, limits, kombu, httpx, cryptography, click-repl, alembic, slowapi, pydantic-settings, fastapi, celery, authlib"
2026-06-24T08:03:23.001Z,backend,Successfully installed Mako-1.3.12 MarkupSafe-3.0.3 alembic-1.14.0 amqp-5.3.1 annotated-doc-0.0.4 annotated-types-0.7.0 anyio-4.14.0 asyncpg-0.30.0 authlib-1.6.5 bcrypt-4.0.1 beautifulsoup4-4.14.2 billiard-4.2.4 celery-5.4.0 certifi-2026.6.17 cffi-2.0.0 charset_normalizer-3.4.7 click-8.4.1 click-didyoumean-0.3.1 click-plugins-1.1.1.2 click-repl-0.3.0 cryptography-49.0.0 deprecated-1.3.1 dnspython-2.8.0 ecdsa-0.19.2 email-validator-2.3.0 fastapi-0.122.0 greenlet-3.5.2 h11-0.16.0 httpcore-1.0.9 httptools-0.8.0 httpx-0.28.1 idna-3.18 itsdangerous-2.2.0 kombu-5.6.2 limits-5.8.0 packaging-26.2 passlib-1.7.4 prompt-toolkit-3.0.52 psycopg2-binary-2.9.10 pyasn1-0.6.3 pycparser-3.0 pydantic-2.12.5 pydantic-core-2.41.5 pydantic-settings-2.7.0 python-dateutil-2.9.0.post0 python-dotenv-1.2.1 python-jose-3.5.0 pyyaml-6.0.3 redis-5.2.1 requests-2.34.2 rsa-4.9.1 six-1.17.0 slowapi-0.1.9 soupsieve-2.8.4 sqlalchemy-2.0.44 starlette-0.50.0 stripe-11.4.1 typing-extensions-4.15.0 typing-inspection-0.4.2 tzdata-2026.2 urllib3-2.7.0 uvicorn-0.38.0 uvloop-0.22.1 vine-5.1.0 watchfiles-1.2.0 wcwidth-0.8.1 websockets-16.0 wrapt-2.2.2
2026-06-24T08:03:23.001Z,backend,Successfully installed Mako-1.3.12 MarkupSafe-3.0.3 alembic-1.14.0 amqp-5.3.1 annotated-doc-0.0.4 annotated-types-0.7.0 anyio-4.14.0 asyncpg-0.30.0 authlib-1.6.5 bcrypt-4.0.1 beautifulsoup4-4.14.2 billiard-4.2.4 celery-5.4.0 certifi-2026.6.17 cffi-2.0.0 charset_normalizer-3.4.7 click-8.4.1 click-didyoumean-0.3.1 click-plugins-1.1.1.2 click-repl-0.3.0 cryptography-49.0.0 deprecated-1.3.1 dnspython-2.8.0 ecdsa-0.19.2 email-validator-2.3.0 fastapi-0.122.0 greenlet-3.5.2 h11-0.16.0 httpcore-1.0.9 httptools-0.8.0 httpx-0.28.1 idna-3.18 itsdangerous-2.2.0 kombu-5.6.2 limits-5.8.0 packaging-26.2 passlib-1.7.4 prompt-toolkit-3.0.52 psycopg2-binary-2.9.10 pyasn1-0.6.3 pycparser-3.0 pydantic-2.12.5 pydantic-core-2.41.5 pydantic-settings-2.7.0 python-dateutil-2.9.0.post0 python-dotenv-1.2.1 python-jose-3.5.0 pyyaml-6.0.3 redis-5.2.1 requests-2.34.2 rsa-4.9.1 six-1.17.0 slowapi-0.1.9 soupsieve-2.8.4 sqlalchemy-2.0.44 starlette-0.50.0 stripe-11.4.1 typing-extensions-4.15.0 typing-inspection-0.4.2 tzdata-2026.2 urllib3-2.7.0 uvicorn-0.38.0 uvloop-0.22.1 vine-5.1.0 watchfiles-1.2.0 wcwidth-0.8.1 websockets-16.0 wrapt-2.2.2
2026-06-24T08:03:23.002Z,backend,"WARNING: Running pip as the 'root' user can result in broken permissions and conflicting behaviour with the system package manager, possibly rendering your system unusable. It is recommended to use a virtual environment instead: https://pip.pypa.io/warnings/venv. Use the --root-user-action option if you know what you are doing and want to suppress this warning."
2026-06-24T08:03:23.002Z,backend,"WARNING: Running pip as the 'root' user can result in broken permissions and conflicting behaviour with the system package manager, possibly rendering your system unusable. It is recommended to use a virtual environment instead: https://pip.pypa.io/warnings/venv. Use the --root-user-action option if you know what you are doing and want to suppress this warning."
2026-06-24T08:03:23.144Z,backend,
2026-06-24T08:03:23.144Z,backend,[notice] A new release of pip is available: 25.0.1 -> 26.1.2
2026-06-24T08:03:23.144Z,backend,"[notice] To update, run: pip install --upgrade pip"
2026-06-24T08:03:23.144Z,backend,
2026-06-24T08:03:23.144Z,backend,[notice] A new release of pip is available: 25.0.1 -> 26.1.2
2026-06-24T08:03:23.144Z,backend,"[notice] To update, run: pip install --upgrade pip"
2026-06-24T08:03:29.849Z,backend,exporting to image
2026-06-24T08:03:37.264Z,backend,naming to docker.io/library/car-deal-finder-backend:latest
2026-06-24T08:03:42.217Z,backend,unpacking to docker.io/library/car-deal-finder-backend:latest
2026-06-24T08:09:57.616Z,backend,Collecting fastapi==0.122.0 (from -r requirements.txt (line 1))
2026-06-24T08:09:57.616Z,backend,Collecting fastapi==0.122.0 (from -r requirements.txt (line 1))
2026-06-24T08:09:57.775Z,backend,Downloading fastapi-0.122.0-py3-none-any.whl.metadata (30 kB)
2026-06-24T08:09:57.775Z,backend,Downloading fastapi-0.122.0-py3-none-any.whl.metadata (30 kB)
2026-06-24T08:09:57.823Z,backend,Collecting uvicorn==0.38.0 (from uvicorn[standard]==0.38.0->-r requirements.txt (line 2))
2026-06-24T08:09:57.823Z,backend,Collecting uvicorn==0.38.0 (from uvicorn[standard]==0.38.0->-r requirements.txt (line 2))
2026-06-24T08:09:57.841Z,backend,Downloading uvicorn-0.38.0-py3-none-any.whl.metadata (6.8 kB)
2026-06-24T08:09:57.841Z,backend,Downloading uvicorn-0.38.0-py3-none-any.whl.metadata (6.8 kB)
2026-06-24T08:09:58.126Z,backend,Collecting sqlalchemy==2.0.44 (from -r requirements.txt (line 3))
2026-06-24T08:09:58.126Z,backend,Collecting sqlalchemy==2.0.44 (from -r requirements.txt (line 3))
2026-06-24T08:09:58.148Z,backend,Downloading sqlalchemy-2.0.44-cp312-cp312-manylinux_2_17_x86_64.manylinux2014_x86_64.whl.metadata (9.5 kB)
2026-06-24T08:09:58.148Z,backend,Downloading sqlalchemy-2.0.44-cp312-cp312-manylinux_2_17_x86_64.manylinux2014_x86_64.whl.metadata (9.5 kB)
2026-06-24T08:09:58.202Z,backend,Collecting asyncpg==0.30.0 (from -r requirements.txt (line 4))
2026-06-24T08:09:58.202Z,backend,Collecting asyncpg==0.30.0 (from -r requirements.txt (line 4))
2026-06-24T08:09:58.220Z,backend,Downloading asyncpg-0.30.0-cp312-cp312-manylinux_2_17_x86_64.manylinux2014_x86_64.whl.metadata (5.0 kB)
2026-06-24T08:09:58.220Z,backend,Downloading asyncpg-0.30.0-cp312-cp312-manylinux_2_17_x86_64.manylinux2014_x86_64.whl.metadata (5.0 kB)
2026-06-24T08:09:58.284Z,backend,Collecting psycopg2-binary==2.9.10 (from -r requirements.txt (line 5))
2026-06-24T08:09:58.284Z,backend,Collecting psycopg2-binary==2.9.10 (from -r requirements.txt (line 5))
2026-06-24T08:09:58.317Z,backend,Downloading psycopg2_binary-2.9.10-cp312-cp312-manylinux_2_17_x86_64.manylinux2014_x86_64.whl.metadata (4.9 kB)
2026-06-24T08:09:58.317Z,backend,Downloading psycopg2_binary-2.9.10-cp312-cp312-manylinux_2_17_x86_64.manylinux2014_x86_64.whl.metadata (4.9 kB)
2026-06-24T08:09:58.347Z,backend,Collecting alembic==1.14.0 (from -r requirements.txt (line 6))
2026-06-24T08:09:58.347Z,backend,Collecting alembic==1.14.0 (from -r requirements.txt (line 6))
2026-06-24T08:09:58.367Z,backend,Downloading alembic-1.14.0-py3-none-any.whl.metadata (7.4 kB)
2026-06-24T08:09:58.367Z,backend,Downloading alembic-1.14.0-py3-none-any.whl.metadata (7.4 kB)
2026-06-24T08:09:58.472Z,backend,Collecting pydantic==2.12.5 (from pydantic[email]==2.12.5->-r requirements.txt (line 7))
2026-06-24T08:09:58.472Z,backend,Collecting pydantic==2.12.5 (from pydantic[email]==2.12.5->-r requirements.txt (line 7))
2026-06-24T08:09:58.493Z,backend,Downloading pydantic-2.12.5-py3-none-any.whl.metadata (90 kB)
2026-06-24T08:09:58.493Z,backend,Downloading pydantic-2.12.5-py3-none-any.whl.metadata (90 kB)
2026-06-24T08:09:58.539Z,backend,Collecting pydantic-settings==2.7.0 (from -r requirements.txt (line 8))
2026-06-24T08:09:58.539Z,backend,Collecting pydantic-settings==2.7.0 (from -r requirements.txt (line 8))
2026-06-24T08:09:58.562Z,backend,Downloading pydantic_settings-2.7.0-py3-none-any.whl.metadata (3.5 kB)
2026-06-24T08:09:58.562Z,backend,Downloading pydantic_settings-2.7.0-py3-none-any.whl.metadata (3.5 kB)
2026-06-24T08:09:58.588Z,backend,Collecting python-dotenv==1.2.1 (from -r requirements.txt (line 9))
2026-06-24T08:09:58.588Z,backend,Collecting python-dotenv==1.2.1 (from -r requirements.txt (line 9))
2026-06-24T08:09:58.606Z,backend,Downloading python_dotenv-1.2.1-py3-none-any.whl.metadata (25 kB)
2026-06-24T08:09:58.606Z,backend,Downloading python_dotenv-1.2.1-py3-none-any.whl.metadata (25 kB)
2026-06-24T08:09:58.634Z,backend,Collecting beautifulsoup4==4.14.2 (from -r requirements.txt (line 10))
2026-06-24T08:09:58.634Z,backend,Collecting beautifulsoup4==4.14.2 (from -r requirements.txt (line 10))
2026-06-24T08:09:58.653Z,backend,Downloading beautifulsoup4-4.14.2-py3-none-any.whl.metadata (3.8 kB)
2026-06-24T08:09:58.653Z,backend,Downloading beautifulsoup4-4.14.2-py3-none-any.whl.metadata (3.8 kB)
2026-06-24T08:09:58.683Z,backend,Collecting httpx==0.28.1 (from -r requirements.txt (line 11))
2026-06-24T08:09:58.683Z,backend,Collecting httpx==0.28.1 (from -r requirements.txt (line 11))
2026-06-24T08:09:58.702Z,backend,Downloading httpx-0.28.1-py3-none-any.whl.metadata (7.1 kB)
2026-06-24T08:09:58.702Z,backend,Downloading httpx-0.28.1-py3-none-any.whl.metadata (7.1 kB)
2026-06-24T08:09:58.727Z,backend,Collecting slowapi==0.1.9 (from -r requirements.txt (line 12))
2026-06-24T08:09:58.727Z,backend,Collecting slowapi==0.1.9 (from -r requirements.txt (line 12))
2026-06-24T08:09:58.746Z,backend,Downloading slowapi-0.1.9-py3-none-any.whl.metadata (3.0 kB)
2026-06-24T08:09:58.746Z,backend,Downloading slowapi-0.1.9-py3-none-any.whl.metadata (3.0 kB)
2026-06-24T08:09:58.771Z,backend,Collecting python-jose==3.5.0 (from python-jose[cryptography]==3.5.0->-r requirements.txt (line 13))
2026-06-24T08:09:58.771Z,backend,Collecting python-jose==3.5.0 (from python-jose[cryptography]==3.5.0->-r requirements.txt (line 13))
2026-06-24T08:09:58.789Z,backend,Downloading python_jose-3.5.0-py2.py3-none-any.whl.metadata (5.5 kB)
2026-06-24T08:09:58.789Z,backend,Downloading python_jose-3.5.0-py2.py3-none-any.whl.metadata (5.5 kB)
2026-06-24T08:09:58.813Z,backend,"Collecting pwdlib==0.3.0 (from pwdlib[argon2,bcrypt]==0.3.0->-r requirements.txt (line 14))"
2026-06-24T08:09:58.813Z,backend,"Collecting pwdlib==0.3.0 (from pwdlib[argon2,bcrypt]==0.3.0->-r requirements.txt (line 14))"
2026-06-24T08:09:58.834Z,backend,Downloading pwdlib-0.3.0-py3-none-any.whl.metadata (4.1 kB)
2026-06-24T08:09:58.834Z,backend,Downloading pwdlib-0.3.0-py3-none-any.whl.metadata (4.1 kB)
2026-06-24T08:09:58.880Z,backend,Collecting redis==5.2.1 (from -r requirements.txt (line 15))
2026-06-24T08:09:58.880Z,backend,Collecting redis==5.2.1 (from -r requirements.txt (line 15))
2026-06-24T08:09:58.901Z,backend,Downloading redis-5.2.1-py3-none-any.whl.metadata (9.1 kB)
2026-06-24T08:09:58.901Z,backend,Downloading redis-5.2.1-py3-none-any.whl.metadata (9.1 kB)
2026-06-24T08:09:58.958Z,backend,Collecting celery==5.4.0 (from celery[redis]==5.4.0->-r requirements.txt (line 16))
2026-06-24T08:09:58.958Z,backend,Collecting celery==5.4.0 (from celery[redis]==5.4.0->-r requirements.txt (line 16))
2026-06-24T08:09:58.979Z,backend,Downloading celery-5.4.0-py3-none-any.whl.metadata (21 kB)
2026-06-24T08:09:58.979Z,backend,Downloading celery-5.4.0-py3-none-any.whl.metadata (21 kB)
2026-06-24T08:09:59.099Z,backend,Collecting stripe==11.4.1 (from -r requirements.txt (line 17))
2026-06-24T08:09:59.099Z,backend,Collecting stripe==11.4.1 (from -r requirements.txt (line 17))
2026-06-24T08:09:59.121Z,backend,Downloading stripe-11.4.1-py2.py3-none-any.whl.metadata (2.7 kB)
2026-06-24T08:09:59.121Z,backend,Downloading stripe-11.4.1-py2.py3-none-any.whl.metadata (2.7 kB)
2026-06-24T08:09:59.152Z,backend,Collecting authlib==1.6.5 (from -r requirements.txt (line 18))
2026-06-24T08:09:59.152Z,backend,Collecting authlib==1.6.5 (from -r requirements.txt (line 18))
2026-06-24T08:09:59.178Z,backend,Downloading authlib-1.6.5-py2.py3-none-any.whl.metadata (9.8 kB)
2026-06-24T08:09:59.178Z,backend,Downloading authlib-1.6.5-py2.py3-none-any.whl.metadata (9.8 kB)
2026-06-24T08:09:59.202Z,backend,Collecting itsdangerous==2.2.0 (from -r requirements.txt (line 19))
2026-06-24T08:09:59.202Z,backend,Collecting itsdangerous==2.2.0 (from -r requirements.txt (line 19))
2026-06-24T08:09:59.220Z,backend,Downloading itsdangerous-2.2.0-py3-none-any.whl.metadata (1.9 kB)
2026-06-24T08:09:59.220Z,backend,Downloading itsdangerous-2.2.0-py3-none-any.whl.metadata (1.9 kB)
2026-06-24T08:09:59.268Z,backend,"Collecting starlette<0.51.0,>=0.40.0 (from fastapi==0.122.0->-r requirements.txt (line 1))"
2026-06-24T08:09:59.268Z,backend,"Collecting starlette<0.51.0,>=0.40.0 (from fastapi==0.122.0->-r requirements.txt (line 1))"
2026-06-24T08:09:59.286Z,backend,Downloading starlette-0.50.0-py3-none-any.whl.metadata (6.3 kB)
2026-06-24T08:09:59.286Z,backend,Downloading starlette-0.50.0-py3-none-any.whl.metadata (6.3 kB)
2026-06-24T08:09:59.365Z,backend,Collecting typing-extensions>=4.8.0 (from fastapi==0.122.0->-r requirements.txt (line 1))
2026-06-24T08:09:59.365Z,backend,Collecting typing-extensions>=4.8.0 (from fastapi==0.122.0->-r requirements.txt (line 1))
2026-06-24T08:09:59.384Z,backend,Downloading typing_extensions-4.15.0-py3-none-any.whl.metadata (3.3 kB)
2026-06-24T08:09:59.384Z,backend,Downloading typing_extensions-4.15.0-py3-none-any.whl.metadata (3.3 kB)
2026-06-24T08:09:59.407Z,backend,Collecting annotated-doc>=0.0.2 (from fastapi==0.122.0->-r requirements.txt (line 1))
2026-06-24T08:09:59.407Z,backend,Collecting annotated-doc>=0.0.2 (from fastapi==0.122.0->-r requirements.txt (line 1))
2026-06-24T08:09:59.424Z,backend,Downloading annotated_doc-0.0.4-py3-none-any.whl.metadata (6.6 kB)
2026-06-24T08:09:59.424Z,backend,Downloading annotated_doc-0.0.4-py3-none-any.whl.metadata (6.6 kB)
2026-06-24T08:09:59.458Z,backend,Collecting click>=7.0 (from uvicorn==0.38.0->uvicorn[standard]==0.38.0->-r requirements.txt (line 2))
2026-06-24T08:09:59.458Z,backend,Collecting click>=7.0 (from uvicorn==0.38.0->uvicorn[standard]==0.38.0->-r requirements.txt (line 2))
2026-06-24T08:09:59.479Z,backend,Downloading click-8.4.1-py3-none-any.whl.metadata (2.6 kB)
2026-06-24T08:09:59.479Z,backend,Downloading click-8.4.1-py3-none-any.whl.metadata (2.6 kB)
2026-06-24T08:09:59.504Z,backend,Collecting h11>=0.8 (from uvicorn==0.38.0->uvicorn[standard]==0.38.0->-r requirements.txt (line 2))
2026-06-24T08:09:59.504Z,backend,Collecting h11>=0.8 (from uvicorn==0.38.0->uvicorn[standard]==0.38.0->-r requirements.txt (line 2))
2026-06-24T08:09:59.521Z,backend,Downloading h11-0.16.0-py3-none-any.whl.metadata (8.3 kB)
2026-06-24T08:09:59.521Z,backend,Downloading h11-0.16.0-py3-none-any.whl.metadata (8.3 kB)
2026-06-24T08:09:59.725Z,backend,Collecting greenlet>=1 (from sqlalchemy==2.0.44->-r requirements.txt (line 3))
2026-06-24T08:09:59.725Z,backend,Collecting greenlet>=1 (from sqlalchemy==2.0.44->-r requirements.txt (line 3))
2026-06-24T08:09:59.746Z,backend,Downloading greenlet-3.5.2-cp312-cp312-manylinux_2_24_x86_64.manylinux_2_28_x86_64.whl.metadata (3.8 kB)
2026-06-24T08:09:59.746Z,backend,Downloading greenlet-3.5.2-cp312-cp312-manylinux_2_24_x86_64.manylinux_2_28_x86_64.whl.metadata (3.8 kB)
2026-06-24T08:09:59.795Z,backend,Collecting Mako (from alembic==1.14.0->-r requirements.txt (line 6))
2026-06-24T08:09:59.795Z,backend,Collecting Mako (from alembic==1.14.0->-r requirements.txt (line 6))
2026-06-24T08:09:59.813Z,backend,Downloading mako-1.3.12-py3-none-any.whl.metadata (2.9 kB)
2026-06-24T08:09:59.813Z,backend,Downloading mako-1.3.12-py3-none-any.whl.metadata (2.9 kB)
2026-06-24T08:09:59.842Z,backend,Collecting annotated-types>=0.6.0 (from pydantic==2.12.5->pydantic[email]==2.12.5->-r requirements.txt (line 7))
2026-06-24T08:09:59.842Z,backend,Collecting annotated-types>=0.6.0 (from pydantic==2.12.5->pydantic[email]==2.12.5->-r requirements.txt (line 7))
2026-06-24T08:09:59.859Z,backend,Downloading annotated_types-0.7.0-py3-none-any.whl.metadata (15 kB)
2026-06-24T08:09:59.859Z,backend,Downloading annotated_types-0.7.0-py3-none-any.whl.metadata (15 kB)
2026-06-24T08:10:00.625Z,backend,Collecting pydantic-core==2.41.5 (from pydantic==2.12.5->pydantic[email]==2.12.5->-r requirements.txt (line 7))
2026-06-24T08:10:00.625Z,backend,Collecting pydantic-core==2.41.5 (from pydantic==2.12.5->pydantic[email]==2.12.5->-r requirements.txt (line 7))
2026-06-24T08:10:00.643Z,backend,Downloading pydantic_core-2.41.5-cp312-cp312-manylinux_2_17_x86_64.manylinux2014_x86_64.whl.metadata (7.3 kB)
2026-06-24T08:10:00.643Z,backend,Downloading pydantic_core-2.41.5-cp312-cp312-manylinux_2_17_x86_64.manylinux2014_x86_64.whl.metadata (7.3 kB)
2026-06-24T08:10:00.669Z,backend,Collecting typing-inspection>=0.4.2 (from pydantic==2.12.5->pydantic[email]==2.12.5->-r requirements.txt (line 7))
2026-06-24T08:10:00.669Z,backend,Collecting typing-inspection>=0.4.2 (from pydantic==2.12.5->pydantic[email]==2.12.5->-r requirements.txt (line 7))
2026-06-24T08:10:00.687Z,backend,Downloading typing_inspection-0.4.2-py3-none-any.whl.metadata (2.6 kB)
2026-06-24T08:10:00.687Z,backend,Downloading typing_inspection-0.4.2-py3-none-any.whl.metadata (2.6 kB)
2026-06-24T08:10:00.773Z,backend,Collecting soupsieve>1.2 (from beautifulsoup4==4.14.2->-r requirements.txt (line 10))
2026-06-24T08:10:00.773Z,backend,Collecting soupsieve>1.2 (from beautifulsoup4==4.14.2->-r requirements.txt (line 10))
2026-06-24T08:10:00.794Z,backend,Downloading soupsieve-2.8.4-py3-none-any.whl.metadata (4.6 kB)
2026-06-24T08:10:00.794Z,backend,Downloading soupsieve-2.8.4-py3-none-any.whl.metadata (4.6 kB)
2026-06-24T08:10:00.827Z,backend,Collecting anyio (from httpx==0.28.1->-r requirements.txt (line 11))
2026-06-24T08:10:00.827Z,backend,Collecting anyio (from httpx==0.28.1->-r requirements.txt (line 11))
2026-06-24T08:10:00.846Z,backend,Downloading anyio-4.14.0-py3-none-any.whl.metadata (4.6 kB)
2026-06-24T08:10:00.846Z,backend,Downloading anyio-4.14.0-py3-none-any.whl.metadata (4.6 kB)
2026-06-24T08:10:00.873Z,backend,Collecting certifi (from httpx==0.28.1->-r requirements.txt (line 11))
2026-06-24T08:10:00.873Z,backend,Collecting certifi (from httpx==0.28.1->-r requirements.txt (line 11))
2026-06-24T08:10:00.890Z,backend,Downloading certifi-2026.6.17-py3-none-any.whl.metadata (2.5 kB)
2026-06-24T08:10:00.890Z,backend,Downloading certifi-2026.6.17-py3-none-any.whl.metadata (2.5 kB)
2026-06-24T08:10:00.916Z,backend,Collecting httpcore==1.* (from httpx==0.28.1->-r requirements.txt (line 11))
2026-06-24T08:10:00.916Z,backend,Collecting httpcore==1.* (from httpx==0.28.1->-r requirements.txt (line 11))
2026-06-24T08:10:00.935Z,backend,Downloading httpcore-1.0.9-py3-none-any.whl.metadata (21 kB)
2026-06-24T08:10:00.935Z,backend,Downloading httpcore-1.0.9-py3-none-any.whl.metadata (21 kB)
2026-06-24T08:10:00.961Z,backend,Collecting idna (from httpx==0.28.1->-r requirements.txt (line 11))
2026-06-24T08:10:00.961Z,backend,Collecting idna (from httpx==0.28.1->-r requirements.txt (line 11))
2026-06-24T08:10:00.979Z,backend,Downloading idna-3.18-py3-none-any.whl.metadata (6.1 kB)
2026-06-24T08:10:00.979Z,backend,Downloading idna-3.18-py3-none-any.whl.metadata (6.1 kB)
2026-06-24T08:10:01.014Z,backend,Collecting limits>=2.3 (from slowapi==0.1.9->-r requirements.txt (line 12))
2026-06-24T08:10:01.014Z,backend,Collecting limits>=2.3 (from slowapi==0.1.9->-r requirements.txt (line 12))
2026-06-24T08:10:01.031Z,backend,Downloading limits-5.8.0-py3-none-any.whl.metadata (10 kB)
2026-06-24T08:10:01.031Z,backend,Downloading limits-5.8.0-py3-none-any.whl.metadata (10 kB)
2026-06-24T08:10:01.059Z,backend,Collecting ecdsa!=0.15 (from python-jose==3.5.0->python-jose[cryptography]==3.5.0->-r requirements.txt (line 13))
2026-06-24T08:10:01.059Z,backend,Collecting ecdsa!=0.15 (from python-jose==3.5.0->python-jose[cryptography]==3.5.0->-r requirements.txt (line 13))
2026-06-24T08:10:01.078Z,backend,Downloading ecdsa-0.19.2-py2.py3-none-any.whl.metadata (29 kB)
2026-06-24T08:10:01.078Z,backend,Downloading ecdsa-0.19.2-py2.py3-none-any.whl.metadata (29 kB)
2026-06-24T08:10:01.105Z,backend,"Collecting rsa!=4.1.1,!=4.4,<5.0,>=4.0 (from python-jose==3.5.0->python-jose[cryptography]==3.5.0->-r requirements.txt (line 13))"
2026-06-24T08:10:01.105Z,backend,"Collecting rsa!=4.1.1,!=4.4,<5.0,>=4.0 (from python-jose==3.5.0->python-jose[cryptography]==3.5.0->-r requirements.txt (line 13))"
2026-06-24T08:10:01.125Z,backend,Downloading rsa-4.9.1-py3-none-any.whl.metadata (5.6 kB)
2026-06-24T08:10:01.125Z,backend,Downloading rsa-4.9.1-py3-none-any.whl.metadata (5.6 kB)
2026-06-24T08:10:01.158Z,backend,Collecting pyasn1>=0.5.0 (from python-jose==3.5.0->python-jose[cryptography]==3.5.0->-r requirements.txt (line 13))
2026-06-24T08:10:01.158Z,backend,Collecting pyasn1>=0.5.0 (from python-jose==3.5.0->python-jose[cryptography]==3.5.0->-r requirements.txt (line 13))
2026-06-24T08:10:01.175Z,backend,Downloading pyasn1-0.6.3-py3-none-any.whl.metadata (8.4 kB)
2026-06-24T08:10:01.175Z,backend,Downloading pyasn1-0.6.3-py3-none-any.whl.metadata (8.4 kB)
2026-06-24T08:10:01.210Z,backend,"Collecting billiard<5.0,>=4.2.0 (from celery==5.4.0->celery[redis]==5.4.0->-r requirements.txt (line 16))"
2026-06-24T08:10:01.210Z,backend,"Collecting billiard<5.0,>=4.2.0 (from celery==5.4.0->celery[redis]==5.4.0->-r requirements.txt (line 16))"
2026-06-24T08:10:01.228Z,backend,Downloading billiard-4.2.4-py3-none-any.whl.metadata (4.8 kB)
2026-06-24T08:10:01.228Z,backend,Downloading billiard-4.2.4-py3-none-any.whl.metadata (4.8 kB)
2026-06-24T08:10:01.280Z,backend,"Collecting kombu<6.0,>=5.3.4 (from celery==5.4.0->celery[redis]==5.4.0->-r requirements.txt (line 16))"
2026-06-24T08:10:01.280Z,backend,"Collecting kombu<6.0,>=5.3.4 (from celery==5.4.0->celery[redis]==5.4.0->-r requirements.txt (line 16))"
2026-06-24T08:10:01.301Z,backend,Downloading kombu-5.6.2-py3-none-any.whl.metadata (3.5 kB)
2026-06-24T08:10:01.301Z,backend,Downloading kombu-5.6.2-py3-none-any.whl.metadata (3.5 kB)
2026-06-24T08:10:01.333Z,backend,"Collecting vine<6.0,>=5.1.0 (from celery==5.4.0->celery[redis]==5.4.0->-r requirements.txt (line 16))"
2026-06-24T08:10:01.333Z,backend,"Collecting vine<6.0,>=5.1.0 (from celery==5.4.0->celery[redis]==5.4.0->-r requirements.txt (line 16))"
2026-06-24T08:10:01.351Z,backend,Downloading vine-5.1.0-py3-none-any.whl.metadata (2.7 kB)
2026-06-24T08:10:01.351Z,backend,Downloading vine-5.1.0-py3-none-any.whl.metadata (2.7 kB)
2026-06-24T08:10:01.378Z,backend,Collecting click-didyoumean>=0.3.0 (from celery==5.4.0->celery[redis]==5.4.0->-r requirements.txt (line 16))
2026-06-24T08:10:01.378Z,backend,Collecting click-didyoumean>=0.3.0 (from celery==5.4.0->celery[redis]==5.4.0->-r requirements.txt (line 16))
2026-06-24T08:10:01.398Z,backend,Downloading click_didyoumean-0.3.1-py3-none-any.whl.metadata (3.9 kB)
2026-06-24T08:10:01.398Z,backend,Downloading click_didyoumean-0.3.1-py3-none-any.whl.metadata (3.9 kB)
2026-06-24T08:10:01.422Z,backend,Collecting click-repl>=0.2.0 (from celery==5.4.0->celery[redis]==5.4.0->-r requirements.txt (line 16))
2026-06-24T08:10:01.422Z,backend,Collecting click-repl>=0.2.0 (from celery==5.4.0->celery[redis]==5.4.0->-r requirements.txt (line 16))
2026-06-24T08:10:01.441Z,backend,Downloading click_repl-0.3.0-py3-none-any.whl.metadata (3.6 kB)
2026-06-24T08:10:01.441Z,backend,Downloading click_repl-0.3.0-py3-none-any.whl.metadata (3.6 kB)
2026-06-24T08:10:01.464Z,backend,Collecting click-plugins>=1.1.1 (from celery==5.4.0->celery[redis]==5.4.0->-r requirements.txt (line 16))
2026-06-24T08:10:01.464Z,backend,Collecting click-plugins>=1.1.1 (from celery==5.4.0->celery[redis]==5.4.0->-r requirements.txt (line 16))
2026-06-24T08:10:01.487Z,backend,Downloading click_plugins-1.1.1.2-py2.py3-none-any.whl.metadata (6.5 kB)
2026-06-24T08:10:01.487Z,backend,Downloading click_plugins-1.1.1.2-py2.py3-none-any.whl.metadata (6.5 kB)
2026-06-24T08:10:01.517Z,backend,Collecting tzdata>=2022.7 (from celery==5.4.0->celery[redis]==5.4.0->-r requirements.txt (line 16))
2026-06-24T08:10:01.517Z,backend,Collecting tzdata>=2022.7 (from celery==5.4.0->celery[redis]==5.4.0->-r requirements.txt (line 16))
2026-06-24T08:10:01.537Z,backend,Downloading tzdata-2026.2-py2.py3-none-any.whl.metadata (1.4 kB)
2026-06-24T08:10:01.537Z,backend,Downloading tzdata-2026.2-py2.py3-none-any.whl.metadata (1.4 kB)
2026-06-24T08:10:01.561Z,backend,Collecting python-dateutil>=2.8.2 (from celery==5.4.0->celery[redis]==5.4.0->-r requirements.txt (line 16))
2026-06-24T08:10:01.561Z,backend,Collecting python-dateutil>=2.8.2 (from celery==5.4.0->celery[redis]==5.4.0->-r requirements.txt (line 16))
2026-06-24T08:10:01.578Z,backend,Downloading python_dateutil-2.9.0.post0-py2.py3-none-any.whl.metadata (8.4 kB)
2026-06-24T08:10:01.578Z,backend,Downloading python_dateutil-2.9.0.post0-py2.py3-none-any.whl.metadata (8.4 kB)
2026-06-24T08:10:01.622Z,backend,Collecting requests>=2.20 (from stripe==11.4.1->-r requirements.txt (line 17))
2026-06-24T08:10:01.622Z,backend,Collecting requests>=2.20 (from stripe==11.4.1->-r requirements.txt (line 17))
2026-06-24T08:10:01.640Z,backend,Downloading requests-2.34.2-py3-none-any.whl.metadata (4.8 kB)
2026-06-24T08:10:01.640Z,backend,Downloading requests-2.34.2-py3-none-any.whl.metadata (4.8 kB)
2026-06-24T08:10:01.813Z,backend,Collecting cryptography (from authlib==1.6.5->-r requirements.txt (line 18))
2026-06-24T08:10:01.813Z,backend,Collecting cryptography (from authlib==1.6.5->-r requirements.txt (line 18))
2026-06-24T08:10:01.833Z,backend,Downloading cryptography-49.0.0-cp311-abi3-manylinux_2_34_x86_64.whl.metadata (4.3 kB)
2026-06-24T08:10:01.833Z,backend,Downloading cryptography-49.0.0-cp311-abi3-manylinux_2_34_x86_64.whl.metadata (4.3 kB)
2026-06-24T08:10:01.882Z,backend,"Collecting argon2-cffi<26,>=23.1.0 (from pwdlib[argon2,bcrypt]==0.3.0->-r requirements.txt (line 14))"
2026-06-24T08:10:01.882Z,backend,"Collecting argon2-cffi<26,>=23.1.0 (from pwdlib[argon2,bcrypt]==0.3.0->-r requirements.txt (line 14))"
2026-06-24T08:10:01.903Z,backend,Downloading argon2_cffi-25.1.0-py3-none-any.whl.metadata (4.1 kB)
2026-06-24T08:10:01.903Z,backend,Downloading argon2_cffi-25.1.0-py3-none-any.whl.metadata (4.1 kB)
2026-06-24T08:10:01.960Z,backend,"Collecting bcrypt<6,>=4.1.2 (from pwdlib[argon2,bcrypt]==0.3.0->-r requirements.txt (line 14))"
2026-06-24T08:10:01.960Z,backend,"Collecting bcrypt<6,>=4.1.2 (from pwdlib[argon2,bcrypt]==0.3.0->-r requirements.txt (line 14))"
2026-06-24T08:10:01.977Z,backend,Downloading bcrypt-5.0.0-cp39-abi3-manylinux_2_34_x86_64.whl.metadata (10 kB)
2026-06-24T08:10:01.977Z,backend,Downloading bcrypt-5.0.0-cp39-abi3-manylinux_2_34_x86_64.whl.metadata (10 kB)
2026-06-24T08:10:02.006Z,backend,Collecting email-validator>=2.0.0 (from pydantic[email]==2.12.5->-r requirements.txt (line 7))
2026-06-24T08:10:02.006Z,backend,Collecting email-validator>=2.0.0 (from pydantic[email]==2.12.5->-r requirements.txt (line 7))
2026-06-24T08:10:02.023Z,backend,Downloading email_validator-2.3.0-py3-none-any.whl.metadata (26 kB)
2026-06-24T08:10:02.023Z,backend,Downloading email_validator-2.3.0-py3-none-any.whl.metadata (26 kB)
2026-06-24T08:10:02.100Z,backend,Collecting httptools>=0.6.3 (from uvicorn[standard]==0.38.0->-r requirements.txt (line 2))
2026-06-24T08:10:02.100Z,backend,Collecting httptools>=0.6.3 (from uvicorn[standard]==0.38.0->-r requirements.txt (line 2))
2026-06-24T08:10:02.119Z,backend,Downloading httptools-0.8.0-cp312-cp312-manylinux1_x86_64.manylinux_2_28_x86_64.manylinux_2_5_x86_64.whl.metadata (3.5 kB)
2026-06-24T08:10:02.119Z,backend,Downloading httptools-0.8.0-cp312-cp312-manylinux1_x86_64.manylinux_2_28_x86_64.manylinux_2_5_x86_64.whl.metadata (3.5 kB)
2026-06-24T08:10:02.174Z,backend,Collecting pyyaml>=5.1 (from uvicorn[standard]==0.38.0->-r requirements.txt (line 2))
2026-06-24T08:10:02.174Z,backend,Collecting pyyaml>=5.1 (from uvicorn[standard]==0.38.0->-r requirements.txt (line 2))
2026-06-24T08:10:02.195Z,backend,Downloading pyyaml-6.0.3-cp312-cp312-manylinux2014_x86_64.manylinux_2_17_x86_64.manylinux_2_28_x86_64.whl.metadata (2.4 kB)
2026-06-24T08:10:02.195Z,backend,Downloading pyyaml-6.0.3-cp312-cp312-manylinux2014_x86_64.manylinux_2_17_x86_64.manylinux_2_28_x86_64.whl.metadata (2.4 kB)
2026-06-24T08:10:02.247Z,backend,Collecting uvloop>=0.15.1 (from uvicorn[standard]==0.38.0->-r requirements.txt (line 2))
2026-06-24T08:10:02.247Z,backend,Collecting uvloop>=0.15.1 (from uvicorn[standard]==0.38.0->-r requirements.txt (line 2))
2026-06-24T08:10:02.271Z,backend,Downloading uvloop-0.22.1-cp312-cp312-manylinux2014_x86_64.manylinux_2_17_x86_64.manylinux_2_28_x86_64.whl.metadata (4.9 kB)
2026-06-24T08:10:02.271Z,backend,Downloading uvloop-0.22.1-cp312-cp312-manylinux2014_x86_64.manylinux_2_17_x86_64.manylinux_2_28_x86_64.whl.metadata (4.9 kB)
2026-06-24T08:10:02.371Z,backend,Collecting watchfiles>=0.13 (from uvicorn[standard]==0.38.0->-r requirements.txt (line 2))
2026-06-24T08:10:02.371Z,backend,Collecting watchfiles>=0.13 (from uvicorn[standard]==0.38.0->-r requirements.txt (line 2))
2026-06-24T08:10:02.391Z,backend,Downloading watchfiles-1.2.0-cp312-cp312-manylinux_2_17_x86_64.manylinux2014_x86_64.whl.metadata (4.9 kB)
2026-06-24T08:10:02.391Z,backend,Downloading watchfiles-1.2.0-cp312-cp312-manylinux_2_17_x86_64.manylinux2014_x86_64.whl.metadata (4.9 kB)
2026-06-24T08:10:02.542Z,backend,Collecting websockets>=10.4 (from uvicorn[standard]==0.38.0->-r requirements.txt (line 2))
2026-06-24T08:10:02.542Z,backend,Collecting websockets>=10.4 (from uvicorn[standard]==0.38.0->-r requirements.txt (line 2))
2026-06-24T08:10:02.564Z,backend,Downloading websockets-16.0-cp312-cp312-manylinux1_x86_64.manylinux_2_28_x86_64.manylinux_2_5_x86_64.whl.metadata (6.8 kB)
2026-06-24T08:10:02.564Z,backend,Downloading websockets-16.0-cp312-cp312-manylinux1_x86_64.manylinux_2_28_x86_64.manylinux_2_5_x86_64.whl.metadata (6.8 kB)
2026-06-24T08:10:02.597Z,backend,"Collecting argon2-cffi-bindings (from argon2-cffi<26,>=23.1.0->pwdlib[argon2,bcrypt]==0.3.0->-r requirements.txt (line 14))"
2026-06-24T08:10:02.597Z,backend,"Collecting argon2-cffi-bindings (from argon2-cffi<26,>=23.1.0->pwdlib[argon2,bcrypt]==0.3.0->-r requirements.txt (line 14))"
2026-06-24T08:10:02.619Z,backend,Downloading argon2_cffi_bindings-25.1.0-cp39-abi3-manylinux_2_26_x86_64.manylinux_2_28_x86_64.whl.metadata (7.4 kB)
2026-06-24T08:10:02.619Z,backend,Downloading argon2_cffi_bindings-25.1.0-cp39-abi3-manylinux_2_26_x86_64.manylinux_2_28_x86_64.whl.metadata (7.4 kB)
2026-06-24T08:10:02.687Z,backend,Collecting prompt-toolkit>=3.0.36 (from click-repl>=0.2.0->celery==5.4.0->celery[redis]==5.4.0->-r requirements.txt (line 16))
2026-06-24T08:10:02.687Z,backend,Collecting prompt-toolkit>=3.0.36 (from click-repl>=0.2.0->celery==5.4.0->celery[redis]==5.4.0->-r requirements.txt (line 16))
2026-06-24T08:10:02.707Z,backend,Downloading prompt_toolkit-3.0.52-py3-none-any.whl.metadata (6.4 kB)
2026-06-24T08:10:02.707Z,backend,Downloading prompt_toolkit-3.0.52-py3-none-any.whl.metadata (6.4 kB)
2026-06-24T08:10:02.824Z,backend,Collecting cffi>=2.0.0 (from cryptography->authlib==1.6.5->-r requirements.txt (line 18))
2026-06-24T08:10:02.824Z,backend,Collecting cffi>=2.0.0 (from cryptography->authlib==1.6.5->-r requirements.txt (line 18))
2026-06-24T08:10:02.841Z,backend,Downloading cffi-2.0.0-cp312-cp312-manylinux2014_x86_64.manylinux_2_17_x86_64.whl.metadata (2.6 kB)
2026-06-24T08:10:02.841Z,backend,Downloading cffi-2.0.0-cp312-cp312-manylinux2014_x86_64.manylinux_2_17_x86_64.whl.metadata (2.6 kB)
2026-06-24T08:10:02.868Z,backend,Collecting six>=1.9.0 (from ecdsa!=0.15->python-jose==3.5.0->python-jose[cryptography]==3.5.0->-r requirements.txt (line 13))
2026-06-24T08:10:02.868Z,backend,Collecting six>=1.9.0 (from ecdsa!=0.15->python-jose==3.5.0->python-jose[cryptography]==3.5.0->-r requirements.txt (line 13))
2026-06-24T08:10:02.886Z,backend,Downloading six-1.17.0-py2.py3-none-any.whl.metadata (1.7 kB)
2026-06-24T08:10:02.886Z,backend,Downloading six-1.17.0-py2.py3-none-any.whl.metadata (1.7 kB)
2026-06-24T08:10:02.914Z,backend,Collecting dnspython>=2.0.0 (from email-validator>=2.0.0->pydantic[email]==2.12.5->-r requirements.txt (line 7))
2026-06-24T08:10:02.914Z,backend,Collecting dnspython>=2.0.0 (from email-validator>=2.0.0->pydantic[email]==2.12.5->-r requirements.txt (line 7))
2026-06-24T08:10:02.931Z,backend,Downloading dnspython-2.8.0-py3-none-any.whl.metadata (5.7 kB)
2026-06-24T08:10:02.931Z,backend,Downloading dnspython-2.8.0-py3-none-any.whl.metadata (5.7 kB)
2026-06-24T08:10:02.985Z,backend,"Collecting amqp<6.0.0,>=5.1.1 (from kombu<6.0,>=5.3.4->celery==5.4.0->celery[redis]==5.4.0->-r requirements.txt (line 16))"
2026-06-24T08:10:02.985Z,backend,"Collecting amqp<6.0.0,>=5.1.1 (from kombu<6.0,>=5.3.4->celery==5.4.0->celery[redis]==5.4.0->-r requirements.txt (line 16))"
2026-06-24T08:10:03.006Z,backend,Downloading amqp-5.3.1-py3-none-any.whl.metadata (8.9 kB)
2026-06-24T08:10:03.006Z,backend,Downloading amqp-5.3.1-py3-none-any.whl.metadata (8.9 kB)
2026-06-24T08:10:03.037Z,backend,"Collecting packaging (from kombu<6.0,>=5.3.4->celery==5.4.0->celery[redis]==5.4.0->-r requirements.txt (line 16))"
2026-06-24T08:10:03.037Z,backend,"Collecting packaging (from kombu<6.0,>=5.3.4->celery==5.4.0->celery[redis]==5.4.0->-r requirements.txt (line 16))"
2026-06-24T08:10:03.055Z,backend,Downloading packaging-26.2-py3-none-any.whl.metadata (3.5 kB)
2026-06-24T08:10:03.055Z,backend,Downloading packaging-26.2-py3-none-any.whl.metadata (3.5 kB)
2026-06-24T08:10:03.084Z,backend,Collecting deprecated>=1.2 (from limits>=2.3->slowapi==0.1.9->-r requirements.txt (line 12))
2026-06-24T08:10:03.084Z,backend,Collecting deprecated>=1.2 (from limits>=2.3->slowapi==0.1.9->-r requirements.txt (line 12))
2026-06-24T08:10:03.101Z,backend,Downloading deprecated-1.3.1-py2.py3-none-any.whl.metadata (5.9 kB)
2026-06-24T08:10:03.101Z,backend,Downloading deprecated-1.3.1-py2.py3-none-any.whl.metadata (5.9 kB)
2026-06-24T08:10:03.232Z,backend,"Collecting charset_normalizer<4,>=2 (from requests>=2.20->stripe==11.4.1->-r requirements.txt (line 17))"
2026-06-24T08:10:03.232Z,backend,"Collecting charset_normalizer<4,>=2 (from requests>=2.20->stripe==11.4.1->-r requirements.txt (line 17))"
2026-06-24T08:10:03.251Z,backend,Downloading charset_normalizer-3.4.7-cp312-cp312-manylinux2014_x86_64.manylinux_2_17_x86_64.manylinux_2_28_x86_64.whl.metadata (40 kB)
2026-06-24T08:10:03.251Z,backend,Downloading charset_normalizer-3.4.7-cp312-cp312-manylinux2014_x86_64.manylinux_2_17_x86_64.manylinux_2_28_x86_64.whl.metadata (40 kB)
2026-06-24T08:10:03.310Z,backend,"Collecting urllib3<3,>=1.26 (from requests>=2.20->stripe==11.4.1->-r requirements.txt (line 17))"
2026-06-24T08:10:03.310Z,backend,"Collecting urllib3<3,>=1.26 (from requests>=2.20->stripe==11.4.1->-r requirements.txt (line 17))"
2026-06-24T08:10:03.329Z,backend,Downloading urllib3-2.7.0-py3-none-any.whl.metadata (6.9 kB)
2026-06-24T08:10:03.329Z,backend,Downloading urllib3-2.7.0-py3-none-any.whl.metadata (6.9 kB)
2026-06-24T08:10:03.462Z,backend,Collecting MarkupSafe>=0.9.2 (from Mako->alembic==1.14.0->-r requirements.txt (line 6))
2026-06-24T08:10:03.462Z,backend,Collecting MarkupSafe>=0.9.2 (from Mako->alembic==1.14.0->-r requirements.txt (line 6))
2026-06-24T08:10:03.481Z,backend,Downloading markupsafe-3.0.3-cp312-cp312-manylinux2014_x86_64.manylinux_2_17_x86_64.manylinux_2_28_x86_64.whl.metadata (2.7 kB)
2026-06-24T08:10:03.481Z,backend,Downloading markupsafe-3.0.3-cp312-cp312-manylinux2014_x86_64.manylinux_2_17_x86_64.manylinux_2_28_x86_64.whl.metadata (2.7 kB)
2026-06-24T08:10:03.515Z,backend,Collecting pycparser (from cffi>=2.0.0->cryptography->authlib==1.6.5->-r requirements.txt (line 18))
2026-06-24T08:10:03.515Z,backend,Collecting pycparser (from cffi>=2.0.0->cryptography->authlib==1.6.5->-r requirements.txt (line 18))
2026-06-24T08:10:03.535Z,backend,Downloading pycparser-3.0-py3-none-any.whl.metadata (8.2 kB)
2026-06-24T08:10:03.535Z,backend,Downloading pycparser-3.0-py3-none-any.whl.metadata (8.2 kB)
2026-06-24T08:10:03.799Z,backend,"Collecting wrapt<3,>=1.10 (from deprecated>=1.2->limits>=2.3->slowapi==0.1.9->-r requirements.txt (line 12))"
2026-06-24T08:10:03.799Z,backend,"Collecting wrapt<3,>=1.10 (from deprecated>=1.2->limits>=2.3->slowapi==0.1.9->-r requirements.txt (line 12))"
2026-06-24T08:10:03.825Z,backend,Downloading wrapt-2.2.2-cp312-cp312-manylinux1_x86_64.manylinux_2_28_x86_64.manylinux_2_5_x86_64.whl.metadata (7.4 kB)
2026-06-24T08:10:03.825Z,backend,Downloading wrapt-2.2.2-cp312-cp312-manylinux1_x86_64.manylinux_2_28_x86_64.manylinux_2_5_x86_64.whl.metadata (7.4 kB)
2026-06-24T08:10:03.869Z,backend,Collecting wcwidth (from prompt-toolkit>=3.0.36->click-repl>=0.2.0->celery==5.4.0->celery[redis]==5.4.0->-r requirements.txt (line 16))
2026-06-24T08:10:03.869Z,backend,Collecting wcwidth (from prompt-toolkit>=3.0.36->click-repl>=0.2.0->celery==5.4.0->celery[redis]==5.4.0->-r requirements.txt (line 16))
2026-06-24T08:10:03.886Z,backend,Downloading wcwidth-0.8.1-py3-none-any.whl.metadata (43 kB)
2026-06-24T08:10:03.886Z,backend,Downloading wcwidth-0.8.1-py3-none-any.whl.metadata (43 kB)
2026-06-24T08:10:03.938Z,backend,Downloading fastapi-0.122.0-py3-none-any.whl (110 kB)
2026-06-24T08:10:03.938Z,backend,Downloading fastapi-0.122.0-py3-none-any.whl (110 kB)
2026-06-24T08:10:03.966Z,backend,Downloading uvicorn-0.38.0-py3-none-any.whl (68 kB)
2026-06-24T08:10:03.966Z,backend,Downloading uvicorn-0.38.0-py3-none-any.whl (68 kB)
2026-06-24T08:10:04.002Z,backend,Downloading sqlalchemy-2.0.44-cp312-cp312-manylinux_2_17_x86_64.manylinux2014_x86_64.whl (3.3 MB)
2026-06-24T08:10:04.002Z,backend,Downloading sqlalchemy-2.0.44-cp312-cp312-manylinux_2_17_x86_64.manylinux2014_x86_64.whl (3.3 MB)
2026-06-24T08:10:04.198Z,backend,━━━━━━━━━━━━━━━━━━━━━━━━━━━━━━━━━━━━━━━━ 3.3/3.3 MB 18.8 MB/s eta 0:00:00
2026-06-24T08:10:04.198Z,backend,
2026-06-24T08:10:04.198Z,backend,━━━━━━━━━━━━━━━━━━━━━━━━━━━━━━━━━━━━━━━━ 3.3/3.3 MB 18.8 MB/s eta 0:00:00
2026-06-24T08:10:04.198Z,backend,
2026-06-24T08:10:04.222Z,backend,Downloading asyncpg-0.30.0-cp312-cp312-manylinux_2_17_x86_64.manylinux2014_x86_64.whl (3.6 MB)
2026-06-24T08:10:04.222Z,backend,Downloading asyncpg-0.30.0-cp312-cp312-manylinux_2_17_x86_64.manylinux2014_x86_64.whl (3.6 MB)
2026-06-24T08:10:04.374Z,backend,━━━━━━━━━━━━━━━━━━━━━━━━━━━━━━━━━━━━━━━━ 3.6/3.6 MB 24.5 MB/s eta 0:00:00
2026-06-24T08:10:04.374Z,backend,
2026-06-24T08:10:04.374Z,backend,━━━━━━━━━━━━━━━━━━━━━━━━━━━━━━━━━━━━━━━━ 3.6/3.6 MB 24.5 MB/s eta 0:00:00
2026-06-24T08:10:04.374Z,backend,
2026-06-24T08:10:04.407Z,backend,Downloading psycopg2_binary-2.9.10-cp312-cp312-manylinux_2_17_x86_64.manylinux2014_x86_64.whl (3.0 MB)
2026-06-24T08:10:04.407Z,backend,Downloading psycopg2_binary-2.9.10-cp312-cp312-manylinux_2_17_x86_64.manylinux2014_x86_64.whl (3.0 MB)
2026-06-24T08:10:04.539Z,backend,━━━━━━━━━━━━━━━━━━━━━━━━━━━━━━━━━━━━━━━━ 3.0/3.0 MB 24.5 MB/s eta 0:00:00
2026-06-24T08:10:04.539Z,backend,━━━━━━━━━━━━━━━━━━━━━━━━━━━━━━━━━━━━━━━━ 3.0/3.0 MB 24.5 MB/s eta 0:00:00
2026-06-24T08:10:04.563Z,backend,Downloading alembic-1.14.0-py3-none-any.whl (233 kB)
2026-06-24T08:10:04.563Z,backend,Downloading alembic-1.14.0-py3-none-any.whl (233 kB)
2026-06-24T08:10:04.595Z,backend,Downloading pydantic-2.12.5-py3-none-any.whl (463 kB)
2026-06-24T08:10:04.595Z,backend,Downloading pydantic-2.12.5-py3-none-any.whl (463 kB)
2026-06-24T08:10:04.636Z,backend,Downloading pydantic_settings-2.7.0-py3-none-any.whl (29 kB)
2026-06-24T08:10:04.636Z,backend,Downloading pydantic_settings-2.7.0-py3-none-any.whl (29 kB)
2026-06-24T08:10:04.654Z,backend,Downloading python_dotenv-1.2.1-py3-none-any.whl (21 kB)
2026-06-24T08:10:04.654Z,backend,Downloading python_dotenv-1.2.1-py3-none-any.whl (21 kB)
2026-06-24T08:10:04.674Z,backend,Downloading beautifulsoup4-4.14.2-py3-none-any.whl (106 kB)
2026-06-24T08:10:04.674Z,backend,Downloading beautifulsoup4-4.14.2-py3-none-any.whl (106 kB)
2026-06-24T08:10:04.698Z,backend,Downloading httpx-0.28.1-py3-none-any.whl (73 kB)
2026-06-24T08:10:04.698Z,backend,Downloading httpx-0.28.1-py3-none-any.whl (73 kB)
2026-06-24T08:10:04.723Z,backend,Downloading slowapi-0.1.9-py3-none-any.whl (14 kB)
2026-06-24T08:10:04.723Z,backend,Downloading slowapi-0.1.9-py3-none-any.whl (14 kB)
2026-06-24T08:10:04.740Z,backend,Downloading python_jose-3.5.0-py2.py3-none-any.whl (34 kB)
2026-06-24T08:10:04.740Z,backend,Downloading python_jose-3.5.0-py2.py3-none-any.whl (34 kB)
2026-06-24T08:10:04.761Z,backend,Downloading pwdlib-0.3.0-py3-none-any.whl (8.6 kB)
2026-06-24T08:10:04.761Z,backend,Downloading pwdlib-0.3.0-py3-none-any.whl (8.6 kB)
2026-06-24T08:10:04.784Z,backend,Downloading redis-5.2.1-py3-none-any.whl (261 kB)
2026-06-24T08:10:04.784Z,backend,Downloading redis-5.2.1-py3-none-any.whl (261 kB)
2026-06-24T08:10:04.826Z,backend,Downloading celery-5.4.0-py3-none-any.whl (425 kB)
2026-06-24T08:10:04.826Z,backend,Downloading celery-5.4.0-py3-none-any.whl (425 kB)
2026-06-24T08:10:04.880Z,backend,Downloading stripe-11.4.1-py2.py3-none-any.whl (1.6 MB)
2026-06-24T08:10:04.880Z,backend,Downloading stripe-11.4.1-py2.py3-none-any.whl (1.6 MB)
2026-06-24T08:10:04.972Z,backend,━━━━━━━━━━━━━━━━━━━━━━━━━━━━━━━━━━━━━━━━ 1.6/1.6 MB 20.4 MB/s eta 0:00:00
2026-06-24T08:10:04.972Z,backend,━━━━━━━━━━━━━━━━━━━━━━━━━━━━━━━━━━━━━━━━ 1.6/1.6 MB 20.4 MB/s eta 0:00:00
2026-06-24T08:10:04.973Z,backend,
2026-06-24T08:10:04.973Z,backend,
2026-06-24T08:10:04.993Z,backend,Downloading authlib-1.6.5-py2.py3-none-any.whl (243 kB)
2026-06-24T08:10:04.993Z,backend,Downloading authlib-1.6.5-py2.py3-none-any.whl (243 kB)
2026-06-24T08:10:05.023Z,backend,Downloading itsdangerous-2.2.0-py3-none-any.whl (16 kB)
2026-06-24T08:10:05.023Z,backend,Downloading itsdangerous-2.2.0-py3-none-any.whl (16 kB)
2026-06-24T08:10:05.042Z,backend,Downloading httpcore-1.0.9-py3-none-any.whl (78 kB)
2026-06-24T08:10:05.042Z,backend,Downloading httpcore-1.0.9-py3-none-any.whl (78 kB)
2026-06-24T08:10:05.068Z,backend,Downloading pydantic_core-2.41.5-cp312-cp312-manylinux_2_17_x86_64.manylinux2014_x86_64.whl (2.1 MB)
2026-06-24T08:10:05.068Z,backend,Downloading pydantic_core-2.41.5-cp312-cp312-manylinux_2_17_x86_64.manylinux2014_x86_64.whl (2.1 MB)
2026-06-24T08:10:05.144Z,backend,━━━━━━━━━━━━━━━━━━━━━━━━━━━━━━━━━━━━━━━━ 2.1/2.1 MB 31.7 MB/s eta 0:00:00
2026-06-24T08:10:05.144Z,backend,━━━━━━━━━━━━━━━━━━━━━━━━━━━━━━━━━━━━━━━━ 2.1/2.1 MB 31.7 MB/s eta 0:00:00
2026-06-24T08:10:05.145Z,backend,
2026-06-24T08:10:05.145Z,backend,
2026-06-24T08:10:05.161Z,backend,Downloading annotated_doc-0.0.4-py3-none-any.whl (5.3 kB)
2026-06-24T08:10:05.161Z,backend,Downloading annotated_doc-0.0.4-py3-none-any.whl (5.3 kB)
2026-06-24T08:10:05.178Z,backend,Downloading annotated_types-0.7.0-py3-none-any.whl (13 kB)
2026-06-24T08:10:05.178Z,backend,Downloading annotated_types-0.7.0-py3-none-any.whl (13 kB)
2026-06-24T08:10:05.197Z,backend,Downloading argon2_cffi-25.1.0-py3-none-any.whl (14 kB)
2026-06-24T08:10:05.197Z,backend,Downloading argon2_cffi-25.1.0-py3-none-any.whl (14 kB)
2026-06-24T08:10:05.221Z,backend,Downloading bcrypt-5.0.0-cp39-abi3-manylinux_2_34_x86_64.whl (278 kB)
2026-06-24T08:10:05.221Z,backend,Downloading bcrypt-5.0.0-cp39-abi3-manylinux_2_34_x86_64.whl (278 kB)
2026-06-24T08:10:05.254Z,backend,Downloading billiard-4.2.4-py3-none-any.whl (87 kB)
2026-06-24T08:10:05.254Z,backend,Downloading billiard-4.2.4-py3-none-any.whl (87 kB)
2026-06-24T08:10:05.278Z,backend,Downloading click-8.4.1-py3-none-any.whl (116 kB)
2026-06-24T08:10:05.278Z,backend,Downloading click-8.4.1-py3-none-any.whl (116 kB)
2026-06-24T08:10:05.305Z,backend,Downloading click_didyoumean-0.3.1-py3-none-any.whl (3.6 kB)
2026-06-24T08:10:05.305Z,backend,Downloading click_didyoumean-0.3.1-py3-none-any.whl (3.6 kB)
2026-06-24T08:10:05.325Z,backend,Downloading click_plugins-1.1.1.2-py2.py3-none-any.whl (11 kB)
2026-06-24T08:10:05.325Z,backend,Downloading click_plugins-1.1.1.2-py2.py3-none-any.whl (11 kB)
2026-06-24T08:10:05.345Z,backend,Downloading click_repl-0.3.0-py3-none-any.whl (10 kB)
2026-06-24T08:10:05.345Z,backend,Downloading click_repl-0.3.0-py3-none-any.whl (10 kB)
2026-06-24T08:10:05.363Z,backend,Downloading cryptography-49.0.0-cp311-abi3-manylinux_2_34_x86_64.whl (4.7 MB)
2026-06-24T08:10:05.363Z,backend,Downloading cryptography-49.0.0-cp311-abi3-manylinux_2_34_x86_64.whl (4.7 MB)
2026-06-24T08:10:05.614Z,backend,━━━━━━━━━━━━━━━━━━━━━━━━━━━━━━━━━━━━━━━━ 4.7/4.7 MB 19.9 MB/s eta 0:00:00
2026-06-24T08:10:05.614Z,backend,━━━━━━━━━━━━━━━━━━━━━━━━━━━━━━━━━━━━━━━━ 4.7/4.7 MB 19.9 MB/s eta 0:00:00
2026-06-24T08:10:05.637Z,backend,Downloading ecdsa-0.19.2-py2.py3-none-any.whl (150 kB)
2026-06-24T08:10:05.637Z,backend,Downloading ecdsa-0.19.2-py2.py3-none-any.whl (150 kB)
2026-06-24T08:10:05.666Z,backend,Downloading email_validator-2.3.0-py3-none-any.whl (35 kB)
2026-06-24T08:10:05.666Z,backend,Downloading email_validator-2.3.0-py3-none-any.whl (35 kB)
2026-06-24T08:10:05.687Z,backend,Downloading greenlet-3.5.2-cp312-cp312-manylinux_2_24_x86_64.manylinux_2_28_x86_64.whl (613 kB)
2026-06-24T08:10:05.687Z,backend,Downloading greenlet-3.5.2-cp312-cp312-manylinux_2_24_x86_64.manylinux_2_28_x86_64.whl (613 kB)
2026-06-24T08:10:05.731Z,backend,━━━━━━━━━━━━━━━━━━━━━━━━━━━━━━━━━━━━━━━━ 613.7/613.7 kB 18.2 MB/s eta 0:00:00
2026-06-24T08:10:05.731Z,backend,
2026-06-24T08:10:05.731Z,backend,━━━━━━━━━━━━━━━━━━━━━━━━━━━━━━━━━━━━━━━━ 613.7/613.7 kB 18.2 MB/s eta 0:00:00
2026-06-24T08:10:05.731Z,backend,
2026-06-24T08:10:05.750Z,backend,Downloading h11-0.16.0-py3-none-any.whl (37 kB)
2026-06-24T08:10:05.750Z,backend,Downloading h11-0.16.0-py3-none-any.whl (37 kB)
2026-06-24T08:10:05.773Z,backend,Downloading httptools-0.8.0-cp312-cp312-manylinux1_x86_64.manylinux_2_28_x86_64.manylinux_2_5_x86_64.whl (523 kB)
2026-06-24T08:10:05.773Z,backend,Downloading httptools-0.8.0-cp312-cp312-manylinux1_x86_64.manylinux_2_28_x86_64.manylinux_2_5_x86_64.whl (523 kB)
2026-06-24T08:10:05.812Z,backend,Downloading idna-3.18-py3-none-any.whl (65 kB)
2026-06-24T08:10:05.812Z,backend,Downloading idna-3.18-py3-none-any.whl (65 kB)
2026-06-24T08:10:05.835Z,backend,Downloading kombu-5.6.2-py3-none-any.whl (214 kB)
2026-06-24T08:10:05.835Z,backend,Downloading kombu-5.6.2-py3-none-any.whl (214 kB)
2026-06-24T08:10:05.866Z,backend,Downloading vine-5.1.0-py3-none-any.whl (9.6 kB)
2026-06-24T08:10:05.866Z,backend,Downloading vine-5.1.0-py3-none-any.whl (9.6 kB)
2026-06-24T08:10:05.884Z,backend,Downloading limits-5.8.0-py3-none-any.whl (60 kB)
2026-06-24T08:10:05.884Z,backend,Downloading limits-5.8.0-py3-none-any.whl (60 kB)
2026-06-24T08:10:05.907Z,backend,Downloading pyasn1-0.6.3-py3-none-any.whl (83 kB)
2026-06-24T08:10:05.907Z,backend,Downloading pyasn1-0.6.3-py3-none-any.whl (83 kB)
2026-06-24T08:10:05.932Z,backend,Downloading python_dateutil-2.9.0.post0-py2.py3-none-any.whl (229 kB)
2026-06-24T08:10:05.932Z,backend,Downloading python_dateutil-2.9.0.post0-py2.py3-none-any.whl (229 kB)
2026-06-24T08:10:05.956Z,backend,Downloading pyyaml-6.0.3-cp312-cp312-manylinux2014_x86_64.manylinux_2_17_x86_64.manylinux_2_28_x86_64.whl (807 kB)
2026-06-24T08:10:05.956Z,backend,Downloading pyyaml-6.0.3-cp312-cp312-manylinux2014_x86_64.manylinux_2_17_x86_64.manylinux_2_28_x86_64.whl (807 kB)
2026-06-24T08:10:05.996Z,backend,━━━━━━━━━━━━━━━━━━━━━━━━━━━━━━━━━━━━━━━━ 807.9/807.9 kB 27.0 MB/s eta 0:00:00
2026-06-24T08:10:05.996Z,backend,━━━━━━━━━━━━━━━━━━━━━━━━━━━━━━━━━━━━━━━━ 807.9/807.9 kB 27.0 MB/s eta 0:00:00
2026-06-24T08:10:05.998Z,backend,
2026-06-24T08:10:05.998Z,backend,
2026-06-24T08:10:06.016Z,backend,Downloading requests-2.34.2-py3-none-any.whl (73 kB)
2026-06-24T08:10:06.016Z,backend,Downloading requests-2.34.2-py3-none-any.whl (73 kB)
2026-06-24T08:10:06.041Z,backend,Downloading certifi-2026.6.17-py3-none-any.whl (133 kB)
2026-06-24T08:10:06.041Z,backend,Downloading certifi-2026.6.17-py3-none-any.whl (133 kB)
2026-06-24T08:10:06.067Z,backend,Downloading rsa-4.9.1-py3-none-any.whl (34 kB)
2026-06-24T08:10:06.067Z,backend,Downloading rsa-4.9.1-py3-none-any.whl (34 kB)
2026-06-24T08:10:06.085Z,backend,Downloading soupsieve-2.8.4-py3-none-any.whl (37 kB)
2026-06-24T08:10:06.085Z,backend,Downloading soupsieve-2.8.4-py3-none-any.whl (37 kB)
2026-06-24T08:10:06.105Z,backend,Downloading starlette-0.50.0-py3-none-any.whl (74 kB)
2026-06-24T08:10:06.105Z,backend,Downloading starlette-0.50.0-py3-none-any.whl (74 kB)
2026-06-24T08:10:06.125Z,backend,Downloading anyio-4.14.0-py3-none-any.whl (123 kB)
2026-06-24T08:10:06.125Z,backend,Downloading anyio-4.14.0-py3-none-any.whl (123 kB)
2026-06-24T08:10:06.150Z,backend,Downloading typing_extensions-4.15.0-py3-none-any.whl (44 kB)
2026-06-24T08:10:06.150Z,backend,Downloading typing_extensions-4.15.0-py3-none-any.whl (44 kB)
2026-06-24T08:10:06.168Z,backend,Downloading typing_inspection-0.4.2-py3-none-any.whl (14 kB)
2026-06-24T08:10:06.168Z,backend,Downloading typing_inspection-0.4.2-py3-none-any.whl (14 kB)
2026-06-24T08:10:06.187Z,backend,Downloading tzdata-2026.2-py2.py3-none-any.whl (349 kB)
2026-06-24T08:10:06.187Z,backend,Downloading tzdata-2026.2-py2.py3-none-any.whl (349 kB)
2026-06-24T08:10:06.232Z,backend,Downloading uvloop-0.22.1-cp312-cp312-manylinux2014_x86_64.manylinux_2_17_x86_64.manylinux_2_28_x86_64.whl (4.4 MB)
2026-06-24T08:10:06.232Z,backend,Downloading uvloop-0.22.1-cp312-cp312-manylinux2014_x86_64.manylinux_2_17_x86_64.manylinux_2_28_x86_64.whl (4.4 MB)
2026-06-24T08:10:06.471Z,backend,━━━━━━━━━━━━━━━━━━━━━━━━━━━━━━━━━━━━━━━━ 4.4/4.4 MB 19.0 MB/s eta 0:00:00
2026-06-24T08:10:06.471Z,backend,
2026-06-24T08:10:06.471Z,backend,━━━━━━━━━━━━━━━━━━━━━━━━━━━━━━━━━━━━━━━━ 4.4/4.4 MB 19.0 MB/s eta 0:00:00
2026-06-24T08:10:06.471Z,backend,
2026-06-24T08:10:06.499Z,backend,Downloading watchfiles-1.2.0-cp312-cp312-manylinux_2_17_x86_64.manylinux2014_x86_64.whl (456 kB)
2026-06-24T08:10:06.499Z,backend,Downloading watchfiles-1.2.0-cp312-cp312-manylinux_2_17_x86_64.manylinux2014_x86_64.whl (456 kB)
2026-06-24T08:10:06.537Z,backend,Downloading websockets-16.0-cp312-cp312-manylinux1_x86_64.manylinux_2_28_x86_64.manylinux_2_5_x86_64.whl (184 kB)
2026-06-24T08:10:06.537Z,backend,Downloading websockets-16.0-cp312-cp312-manylinux1_x86_64.manylinux_2_28_x86_64.manylinux_2_5_x86_64.whl (184 kB)
2026-06-24T08:10:06.564Z,backend,Downloading mako-1.3.12-py3-none-any.whl (78 kB)
2026-06-24T08:10:06.564Z,backend,Downloading mako-1.3.12-py3-none-any.whl (78 kB)
2026-06-24T08:10:06.587Z,backend,Downloading amqp-5.3.1-py3-none-any.whl (50 kB)
2026-06-24T08:10:06.587Z,backend,Downloading amqp-5.3.1-py3-none-any.whl (50 kB)
2026-06-24T08:10:06.621Z,backend,Downloading cffi-2.0.0-cp312-cp312-manylinux2014_x86_64.manylinux_2_17_x86_64.whl (219 kB)
2026-06-24T08:10:06.621Z,backend,Downloading cffi-2.0.0-cp312-cp312-manylinux2014_x86_64.manylinux_2_17_x86_64.whl (219 kB)
2026-06-24T08:10:06.661Z,backend,Downloading charset_normalizer-3.4.7-cp312-cp312-manylinux2014_x86_64.manylinux_2_17_x86_64.manylinux_2_28_x86_64.whl (216 kB)
2026-06-24T08:10:06.661Z,backend,Downloading charset_normalizer-3.4.7-cp312-cp312-manylinux2014_x86_64.manylinux_2_17_x86_64.manylinux_2_28_x86_64.whl (216 kB)
2026-06-24T08:10:06.693Z,backend,Downloading deprecated-1.3.1-py2.py3-none-any.whl (11 kB)
2026-06-24T08:10:06.693Z,backend,Downloading deprecated-1.3.1-py2.py3-none-any.whl (11 kB)
2026-06-24T08:10:06.714Z,backend,Downloading dnspython-2.8.0-py3-none-any.whl (331 kB)
2026-06-24T08:10:06.714Z,backend,Downloading dnspython-2.8.0-py3-none-any.whl (331 kB)
2026-06-24T08:10:06.747Z,backend,Downloading markupsafe-3.0.3-cp312-cp312-manylinux2014_x86_64.manylinux_2_17_x86_64.manylinux_2_28_x86_64.whl (22 kB)
2026-06-24T08:10:06.747Z,backend,Downloading markupsafe-3.0.3-cp312-cp312-manylinux2014_x86_64.manylinux_2_17_x86_64.manylinux_2_28_x86_64.whl (22 kB)
2026-06-24T08:10:06.765Z,backend,Downloading packaging-26.2-py3-none-any.whl (100 kB)
2026-06-24T08:10:06.765Z,backend,Downloading packaging-26.2-py3-none-any.whl (100 kB)
2026-06-24T08:10:06.786Z,backend,Downloading prompt_toolkit-3.0.52-py3-none-any.whl (391 kB)
2026-06-24T08:10:06.786Z,backend,Downloading prompt_toolkit-3.0.52-py3-none-any.whl (391 kB)
2026-06-24T08:10:06.831Z,backend,Downloading six-1.17.0-py2.py3-none-any.whl (11 kB)
2026-06-24T08:10:06.831Z,backend,Downloading six-1.17.0-py2.py3-none-any.whl (11 kB)
2026-06-24T08:10:06.851Z,backend,Downloading urllib3-2.7.0-py3-none-any.whl (131 kB)
2026-06-24T08:10:06.851Z,backend,Downloading urllib3-2.7.0-py3-none-any.whl (131 kB)
2026-06-24T08:10:06.875Z,backend,Downloading argon2_cffi_bindings-25.1.0-cp39-abi3-manylinux_2_26_x86_64.manylinux_2_28_x86_64.whl (87 kB)
2026-06-24T08:10:06.875Z,backend,Downloading argon2_cffi_bindings-25.1.0-cp39-abi3-manylinux_2_26_x86_64.manylinux_2_28_x86_64.whl (87 kB)
2026-06-24T08:10:06.902Z,backend,Downloading wrapt-2.2.2-cp312-cp312-manylinux1_x86_64.manylinux_2_28_x86_64.manylinux_2_5_x86_64.whl (169 kB)
2026-06-24T08:10:06.902Z,backend,Downloading wrapt-2.2.2-cp312-cp312-manylinux1_x86_64.manylinux_2_28_x86_64.manylinux_2_5_x86_64.whl (169 kB)
2026-06-24T08:10:06.928Z,backend,Downloading pycparser-3.0-py3-none-any.whl (48 kB)
2026-06-24T08:10:06.928Z,backend,Downloading pycparser-3.0-py3-none-any.whl (48 kB)
2026-06-24T08:10:06.947Z,backend,Downloading wcwidth-0.8.1-py3-none-any.whl (323 kB)
2026-06-24T08:10:06.947Z,backend,Downloading wcwidth-0.8.1-py3-none-any.whl (323 kB)
2026-06-24T08:10:07.175Z,backend,"Installing collected packages: wrapt, websockets, wcwidth, vine, uvloop, urllib3, tzdata, typing-extensions, soupsieve, six, redis, pyyaml, python-dotenv, pycparser, pyasn1, pwdlib, psycopg2-binary, packaging, MarkupSafe, itsdangerous, idna, httptools, h11, greenlet, dnspython, click, charset_normalizer, certifi, billiard, bcrypt, asyncpg, annotated-types, annotated-doc, uvicorn, typing-inspection, sqlalchemy, rsa, requests, python-dateutil, pydantic-core, prompt-toolkit, Mako, httpcore, email-validator, ecdsa, deprecated, click-plugins, click-didyoumean, cffi, beautifulsoup4, anyio, amqp, watchfiles, stripe, starlette, python-jose, pydantic, limits, kombu, httpx, cryptography, click-repl, argon2-cffi-bindings, alembic, slowapi, pydantic-settings, fastapi, celery, authlib, argon2-cffi"
2026-06-24T08:10:07.175Z,backend,"Installing collected packages: wrapt, websockets, wcwidth, vine, uvloop, urllib3, tzdata, typing-extensions, soupsieve, six, redis, pyyaml, python-dotenv, pycparser, pyasn1, pwdlib, psycopg2-binary, packaging, MarkupSafe, itsdangerous, idna, httptools, h11, greenlet, dnspython, click, charset_normalizer, certifi, billiard, bcrypt, asyncpg, annotated-types, annotated-doc, uvicorn, typing-inspection, sqlalchemy, rsa, requests, python-dateutil, pydantic-core, prompt-toolkit, Mako, httpcore, email-validator, ecdsa, deprecated, click-plugins, click-didyoumean, cffi, beautifulsoup4, anyio, amqp, watchfiles, stripe, starlette, python-jose, pydantic, limits, kombu, httpx, cryptography, click-repl, argon2-cffi-bindings, alembic, slowapi, pydantic-settings, fastapi, celery, authlib, argon2-cffi"
2026-06-24T08:10:16.138Z,backend,Successfully installed Mako-1.3.12 MarkupSafe-3.0.3 alembic-1.14.0 amqp-5.3.1 annotated-doc-0.0.4 annotated-types-0.7.0 anyio-4.14.0 argon2-cffi-25.1.0 argon2-cffi-bindings-25.1.0 asyncpg-0.30.0 authlib-1.6.5 bcrypt-5.0.0 beautifulsoup4-4.14.2 billiard-4.2.4 celery-5.4.0 certifi-2026.6.17 cffi-2.0.0 charset_normalizer-3.4.7 click-8.4.1 click-didyoumean-0.3.1 click-plugins-1.1.1.2 click-repl-0.3.0 cryptography-49.0.0 deprecated-1.3.1 dnspython-2.8.0 ecdsa-0.19.2 email-validator-2.3.0 fastapi-0.122.0 greenlet-3.5.2 h11-0.16.0 httpcore-1.0.9 httptools-0.8.0 httpx-0.28.1 idna-3.18 itsdangerous-2.2.0 kombu-5.6.2 limits-5.8.0 packaging-26.2 prompt-toolkit-3.0.52 psycopg2-binary-2.9.10 pwdlib-0.3.0 pyasn1-0.6.3 pycparser-3.0 pydantic-2.12.5 pydantic-core-2.41.5 pydantic-settings-2.7.0 python-dateutil-2.9.0.post0 python-dotenv-1.2.1 python-jose-3.5.0 pyyaml-6.0.3 redis-5.2.1 requests-2.34.2 rsa-4.9.1 six-1.17.0 slowapi-0.1.9 soupsieve-2.8.4 sqlalchemy-2.0.44 starlette-0.50.0 stripe-11.4.1 typing-extensions-4.15.0 typing-inspection-0.4.2 tzdata-2026.2 urllib3-2.7.0 uvicorn-0.38.0 uvloop-0.22.1 vine-5.1.0 watchfiles-1.2.0 wcwidth-0.8.1 websockets-16.0 wrapt-2.2.2
2026-06-24T08:10:16.138Z,backend,"WARNING: Running pip as the 'root' user can result in broken permissions and conflicting behaviour with the system package manager, possibly rendering your system unusable. It is recommended to use a virtual environment instead: https://pip.pypa.io/warnings/venv. Use the --root-user-action option if you know what you are doing and want to suppress this warning."
2026-06-24T08:10:16.138Z,backend,Successfully installed Mako-1.3.12 MarkupSafe-3.0.3 alembic-1.14.0 amqp-5.3.1 annotated-doc-0.0.4 annotated-types-0.7.0 anyio-4.14.0 argon2-cffi-25.1.0 argon2-cffi-bindings-25.1.0 asyncpg-0.30.0 authlib-1.6.5 bcrypt-5.0.0 beautifulsoup4-4.14.2 billiard-4.2.4 celery-5.4.0 certifi-2026.6.17 cffi-2.0.0 charset_normalizer-3.4.7 click-8.4.1 click-didyoumean-0.3.1 click-plugins-1.1.1.2 click-repl-0.3.0 cryptography-49.0.0 deprecated-1.3.1 dnspython-2.8.0 ecdsa-0.19.2 email-validator-2.3.0 fastapi-0.122.0 greenlet-3.5.2 h11-0.16.0 httpcore-1.0.9 httptools-0.8.0 httpx-0.28.1 idna-3.18 itsdangerous-2.2.0 kombu-5.6.2 limits-5.8.0 packaging-26.2 prompt-toolkit-3.0.52 psycopg2-binary-2.9.10 pwdlib-0.3.0 pyasn1-0.6.3 pycparser-3.0 pydantic-2.12.5 pydantic-core-2.41.5 pydantic-settings-2.7.0 python-dateutil-2.9.0.post0 python-dotenv-1.2.1 python-jose-3.5.0 pyyaml-6.0.3 redis-5.2.1 requests-2.34.2 rsa-4.9.1 six-1.17.0 slowapi-0.1.9 soupsieve-2.8.4 sqlalchemy-2.0.44 starlette-0.50.0 stripe-11.4.1 typing-extensions-4.15.0 typing-inspection-0.4.2 tzdata-2026.2 urllib3-2.7.0 uvicorn-0.38.0 uvloop-0.22.1 vine-5.1.0 watchfiles-1.2.0 wcwidth-0.8.1 websockets-16.0 wrapt-2.2.2
2026-06-24T08:10:16.138Z,backend,"WARNING: Running pip as the 'root' user can result in broken permissions and conflicting behaviour with the system package manager, possibly rendering your system unusable. It is recommended to use a virtual environment instead: https://pip.pypa.io/warnings/venv. Use the --root-user-action option if you know what you are doing and want to suppress this warning."
2026-06-24T08:10:16.282Z,backend,
2026-06-24T08:10:16.282Z,backend,[notice] A new release of pip is available: 25.0.1 -> 26.1.2
2026-06-24T08:10:16.282Z,backend,"[notice] To update, run: pip install --upgrade pip"
2026-06-24T08:10:16.282Z,backend,
2026-06-24T08:10:16.282Z,backend,[notice] A new release of pip is available: 25.0.1 -> 26.1.2
2026-06-24T08:10:16.282Z,backend,"[notice] To update, run: pip install --upgrade pip"
2026-06-24T08:48:33.895Z,backend,[internal] load build definition from Dockerfile
2026-06-24T08:48:33.895Z,backend,[internal] load build definition from Dockerfile
2026-06-24T08:48:33.895Z,backend,[internal] load build definition from Dockerfile
2026-06-24T08:48:33.895Z,backend,[internal] load build definition from Dockerfile
2026-06-24T08:48:33.950Z,backend,transferring (418 bytes)
2026-06-24T08:48:33.950Z,backend,transferring (418 bytes)
2026-06-24T08:48:33.963Z,backend,[internal] load metadata for docker.io/library/python:3.12-slim
2026-06-24T08:48:33.963Z,backend,[internal] load metadata for docker.io/library/python:3.12-slim
2026-06-24T08:48:34.791Z,backend,[internal] load .dockerignore
2026-06-24T08:48:34.791Z,backend,[internal] load .dockerignore
2026-06-24T08:48:34.791Z,backend,[internal] load .dockerignore
2026-06-24T08:48:34.791Z,backend,[internal] load .dockerignore
2026-06-24T08:48:34.791Z,backend,[internal] load .dockerignore
2026-06-24T08:48:34.813Z,backend,[1/6] FROM docker.io/library/python:3.12-slim@sha256:6c4dd321d176d61ea848dc8c73a4f7dbae8f70e0ee48bb411ea2f045b599fa8e
2026-06-24T08:48:34.813Z,backend,[1/6] FROM docker.io/library/python:3.12-slim@sha256:6c4dd321d176d61ea848dc8c73a4f7dbae8f70e0ee48bb411ea2f045b599fa8e
2026-06-24T08:48:34.813Z,backend,[internal] load build context
2026-06-24T08:48:34.813Z,backend,[internal] load build context
2026-06-24T08:48:34.813Z,backend,[1/6] FROM docker.io/library/python:3.12-slim@sha256:6c4dd321d176d61ea848dc8c73a4f7dbae8f70e0ee48bb411ea2f045b599fa8e
2026-06-24T08:48:34.813Z,backend,[internal] load build context
2026-06-24T08:48:34.814Z,backend,[internal] load build context
2026-06-24T08:48:34.814Z,backend,[internal] load build context
2026-06-24T08:48:34.845Z,backend,resolve docker.io/library/python:3.12-slim@sha256:6c4dd321d176d61ea848dc8c73a4f7dbae8f70e0ee48bb411ea2f045b599fa8e
2026-06-24T08:48:34.845Z,backend,resolve docker.io/library/python:3.12-slim@sha256:6c4dd321d176d61ea848dc8c73a4f7dbae8f70e0ee48bb411ea2f045b599fa8e
2026-06-24T08:48:34.846Z,backend,[1/6] FROM docker.io/library/python:3.12-slim@sha256:6c4dd321d176d61ea848dc8c73a4f7dbae8f70e0ee48bb411ea2f045b599fa8e
2026-06-24T08:48:34.846Z,backend,[1/6] FROM docker.io/library/python:3.12-slim@sha256:6c4dd321d176d61ea848dc8c73a4f7dbae8f70e0ee48bb411ea2f045b599fa8e
2026-06-24T08:48:35.397Z,backend,transferring (883203 bytes)
2026-06-24T08:48:35.397Z,backend,transferring (883203 bytes)
2026-06-24T08:48:35.414Z,backend,[2/6] WORKDIR /app
2026-06-24T08:48:35.414Z,backend,[3/6] RUN apt-get update && apt-get install -y --no-install-recommends     gcc libpq-dev     && rm -rf /var/lib/apt/lists/*
2026-06-24T08:48:35.414Z,backend,[4/6] COPY requirements.txt .
2026-06-24T08:48:35.414Z,backend,[5/6] RUN pip install --no-cache-dir -r requirements.txt
2026-06-24T08:48:35.414Z,backend,[6/6] COPY . .
2026-06-24T08:48:35.414Z,backend,[2/6] WORKDIR /app
2026-06-24T08:48:35.414Z,backend,[3/6] RUN apt-get update && apt-get install -y --no-install-recommends     gcc libpq-dev     && rm -rf /var/lib/apt/lists/*
2026-06-24T08:48:35.414Z,backend,[4/6] COPY requirements.txt .
2026-06-24T08:48:35.414Z,backend,[5/6] RUN pip install --no-cache-dir -r requirements.txt
2026-06-24T08:48:35.414Z,backend,[6/6] COPY . .
2026-06-24T08:48:35.416Z,backend,exporting to image
2026-06-24T08:48:35.418Z,backend,exporting to image
2026-06-24T08:48:35.420Z,backend,exporting layers
2026-06-24T08:48:35.423Z,backend,exporting layers
2026-06-24T08:48:35.424Z,backend,exporting manifest sha256:4d548cd429b3d7b41a061bfc570abb45672cab6d0de78165e041fc0834e0ce0b
2026-06-24T08:48:35.425Z,backend,exporting manifest sha256:8b4ce823377edca06fa7432d95c3f57ed5443917055d659027393d4dd689d030
2026-06-24T08:48:35.426Z,backend,exporting config sha256:865b172b070d5933a176a47761c686d27afc7dbe32df3fd491127c35ee0d4b58
2026-06-24T08:48:35.428Z,backend,exporting config sha256:d6defdcc465baf92861534c1a914112aad9c7a8283f1ef22d81f8f81a037a0de
2026-06-24T08:48:35.462Z,backend,exporting attestation manifest sha256:c952fea775f6272335407ac798c7272e0a5410333303b044faf01dc9895a16a8
2026-06-24T08:48:35.464Z,backend,exporting attestation manifest sha256:b68a66c7032e1aa83b390a3448a68667e2bdd9548bd5d54610293bed50721bd7
2026-06-24T08:48:35.475Z,backend,exporting manifest list sha256:71550d21460225340f05b719a1eefd20d88f4592c1605ea1d086e3fb48baff03
2026-06-24T08:48:35.478Z,backend,exporting manifest list sha256:32059ca5e61e4f0ded4061a95e85b492a9e4dccc5a543f8a8ef734840c5f8ef1
2026-06-24T08:48:35.480Z,backend,naming to docker.io/library/car-deal-finder-worker:latest
2026-06-24T08:48:35.482Z,backend,naming to docker.io/library/car-deal-finder-backend:latest
2026-06-24T08:48:35.489Z,backend,unpacking to docker.io/library/car-deal-finder-worker:latest
2026-06-24T08:48:35.490Z,backend,unpacking to docker.io/library/car-deal-finder-backend:latest
2026-06-25T23:16:19.548Z,backend,[internal] load build definition from Dockerfile
2026-06-25T23:16:19.548Z,backend,[internal] load build definition from Dockerfile
2026-06-25T23:16:19.553Z,backend,[internal] load build definition from Dockerfile
2026-06-25T23:16:19.553Z,backend,[internal] load build definition from Dockerfile
2026-06-25T23:16:19.616Z,backend,transferring (418 bytes)
2026-06-25T23:16:19.616Z,backend,transferring (418 bytes)
2026-06-25T23:16:19.648Z,backend,[internal] load metadata for docker.io/library/python:3.12-slim
2026-06-25T23:16:19.648Z,backend,[internal] load metadata for docker.io/library/python:3.12-slim
2026-06-25T23:16:20.767Z,backend,[internal] load .dockerignore
2026-06-25T23:16:20.767Z,backend,[internal] load .dockerignore
2026-06-25T23:16:20.767Z,backend,[internal] load .dockerignore
2026-06-25T23:16:20.767Z,backend,[internal] load .dockerignore
2026-06-25T23:16:20.767Z,backend,[internal] load .dockerignore
2026-06-25T23:16:20.841Z,backend,[1/6] FROM docker.io/library/python:3.12-slim@sha256:6c4dd321d176d61ea848dc8c73a4f7dbae8f70e0ee48bb411ea2f045b599fa8e
2026-06-25T23:16:20.841Z,backend,[1/6] FROM docker.io/library/python:3.12-slim@sha256:6c4dd321d176d61ea848dc8c73a4f7dbae8f70e0ee48bb411ea2f045b599fa8e
2026-06-25T23:16:20.841Z,backend,[internal] load build context
2026-06-25T23:16:20.841Z,backend,[1/6] FROM docker.io/library/python:3.12-slim@sha256:6c4dd321d176d61ea848dc8c73a4f7dbae8f70e0ee48bb411ea2f045b599fa8e
2026-06-25T23:16:20.841Z,backend,[internal] load build context
2026-06-25T23:16:20.844Z,backend,[internal] load build context
2026-06-25T23:16:20.844Z,backend,[internal] load build context
2026-06-25T23:16:20.844Z,backend,[internal] load build context
2026-06-25T23:16:20.911Z,backend,resolve docker.io/library/python:3.12-slim@sha256:6c4dd321d176d61ea848dc8c73a4f7dbae8f70e0ee48bb411ea2f045b599fa8e
2026-06-25T23:16:20.911Z,backend,resolve docker.io/library/python:3.12-slim@sha256:6c4dd321d176d61ea848dc8c73a4f7dbae8f70e0ee48bb411ea2f045b599fa8e
2026-06-25T23:16:20.912Z,backend,[1/6] FROM docker.io/library/python:3.12-slim@sha256:6c4dd321d176d61ea848dc8c73a4f7dbae8f70e0ee48bb411ea2f045b599fa8e
2026-06-25T23:16:20.912Z,backend,[1/6] FROM docker.io/library/python:3.12-slim@sha256:6c4dd321d176d61ea848dc8c73a4f7dbae8f70e0ee48bb411ea2f045b599fa8e
2026-06-25T23:16:22.044Z,backend,transferring (912500 bytes)
2026-06-25T23:16:22.044Z,backend,transferring (912500 bytes)
2026-06-25T23:16:22.085Z,backend,[2/6] WORKDIR /app
2026-06-25T23:16:22.085Z,backend,[3/6] RUN apt-get update && apt-get install -y --no-install-recommends     gcc libpq-dev     && rm -rf /var/lib/apt/lists/*
2026-06-25T23:16:22.085Z,backend,[4/6] COPY requirements.txt .
2026-06-25T23:16:22.085Z,backend,[5/6] RUN pip install --no-cache-dir -r requirements.txt
2026-06-25T23:16:22.085Z,backend,[6/6] COPY . .
2026-06-25T23:16:22.085Z,backend,[2/6] WORKDIR /app
2026-06-25T23:16:22.085Z,backend,[3/6] RUN apt-get update && apt-get install -y --no-install-recommends     gcc libpq-dev     && rm -rf /var/lib/apt/lists/*
2026-06-25T23:16:22.085Z,backend,[4/6] COPY requirements.txt .
2026-06-25T23:16:22.085Z,backend,[5/6] RUN pip install --no-cache-dir -r requirements.txt
2026-06-25T23:16:22.085Z,backend,[6/6] COPY . .
2026-06-25T23:16:31.088Z,backend,exporting to image
2026-06-25T23:16:31.091Z,backend,exporting to image
2026-06-25T23:16:39.367Z,backend,exporting layers
2026-06-25T23:16:39.367Z,backend,exporting layers
2026-06-25T23:16:39.405Z,backend,exporting manifest sha256:33dd47f0e495a70fe654d65e446b1989c64170111ea4ab6fbba5c3dfea996acc
2026-06-25T23:16:39.415Z,backend,exporting manifest sha256:84533ffa6a3b46bc3bb3d20dd3b49907ba9785f5f0def8b593850f63459b9474
2026-06-25T23:16:39.443Z,backend,exporting config sha256:54793505005dfa1de297568bc4e7d982eec9534dd7aa45b57f24eedc590bfb8f
2026-06-25T23:16:39.450Z,backend,exporting config sha256:9dd66e05b14ce5e8c3caefc76c91802a8764d6cb7342e5816fa187ee902f5da6
2026-06-25T23:16:39.548Z,backend,exporting attestation manifest sha256:87513d0d1588afd79152a43ecc12be2b08ae2f665151431f182cfa64b992419c
2026-06-25T23:16:39.556Z,backend,exporting attestation manifest sha256:b2898dc7039f830db23f7c4b5b897563449f110386396148e6058bd8237696d6
2026-06-25T23:16:39.581Z,backend,exporting manifest list sha256:1072c35c1137452ab75f6696f979932542991489b56fc35e76daac884894b9df
2026-06-25T23:16:39.588Z,backend,exporting manifest list sha256:a73861f439fe27694f6b9147484368f55b9dd28e4acb111e53bf567d609b5516
2026-06-25T23:16:39.591Z,backend,naming to docker.io/library/car-deal-finder-worker:latest
2026-06-25T23:16:39.595Z,backend,naming to docker.io/library/car-deal-finder-backend:latest
2026-06-25T23:16:43.971Z,backend,unpacking to docker.io/library/car-deal-finder-worker:latest
2026-06-25T23:16:43.974Z,backend,unpacking to docker.io/library/car-deal-finder-backend:latest
2026-06-25T23:16:46.503Z,car-deal-finder/redis,1:C 25 Jun 2026 23:16:46.503 * oO0OoO0OoO0Oo Redis is starting oO0OoO0OoO0Oo
2026-06-25T23:16:46.504Z,car-deal-finder/redis,"1:C 25 Jun 2026 23:16:46.503 * Redis version=7.4.9, bits=64, commit=00000000, modified=0, pid=1, just started"
2026-06-25T23:16:46.504Z,car-deal-finder/redis,"1:C 25 Jun 2026 23:16:46.503 # Warning: no config file specified, using the default config. In order to specify a config file use redis-server /path/to/redis.conf"
2026-06-25T23:16:46.505Z,car-deal-finder/redis,1:M 25 Jun 2026 23:16:46.505 * monotonic clock: POSIX clock_gettime
2026-06-25T23:16:46.512Z,car-deal-finder/redis,"1:M 25 Jun 2026 23:16:46.511 * Running mode=standalone, port=6379."
2026-06-25T23:16:46.514Z,car-deal-finder/redis,1:M 25 Jun 2026 23:16:46.514 * Server initialized
2026-06-25T23:16:46.515Z,car-deal-finder/redis,1:M 25 Jun 2026 23:16:46.515 * Ready to accept connections tcp
2026-06-25T23:16:46.634Z,car-deal-finder/db,"The files belonging to this database system will be owned by user ""postgres""."
2026-06-25T23:16:46.634Z,car-deal-finder/db,This user must also own the server process.
2026-06-25T23:16:46.634Z,car-deal-finder/db,
2026-06-25T23:16:46.635Z,car-deal-finder/db,"The database cluster will be initialized with locale ""en_US.utf8""."
2026-06-25T23:16:46.635Z,car-deal-finder/db,"The default database encoding has accordingly been set to ""UTF8""."
2026-06-25T23:16:46.635Z,car-deal-finder/db,"The default text search configuration will be set to ""english""."
2026-06-25T23:16:46.635Z,car-deal-finder/db,
2026-06-25T23:16:46.635Z,car-deal-finder/db,Data page checksums are disabled.
2026-06-25T23:16:46.635Z,car-deal-finder/db,
2026-06-25T23:16:46.635Z,car-deal-finder/db,fixing permissions on existing directory /var/lib/postgresql/data ... ok
2026-06-25T23:16:46.639Z,car-deal-finder/db,creating subdirectories ... ok
2026-06-25T23:16:46.640Z,car-deal-finder/db,selecting dynamic shared memory implementation ... posix
2026-06-25T23:16:46.697Z,car-deal-finder/db,selecting default max_connections ... 100
2026-06-25T23:16:46.720Z,car-deal-finder/db,selecting default shared_buffers ... 128MB
2026-06-25T23:16:46.902Z,car-deal-finder/db,selecting default time zone ... UTC
2026-06-25T23:16:46.907Z,car-deal-finder/db,creating configuration files ... ok
2026-06-25T23:16:47.064Z,car-deal-finder/db,running bootstrap script ... ok
2026-06-25T23:16:47.407Z,car-deal-finder/db,sh: locale: not found
2026-06-25T23:16:47.408Z,car-deal-finder/db,2026-06-25 23:16:47.408 UTC [35] WARNING:  no usable system locales were found
2026-06-25T23:16:48.053Z,car-deal-finder/db,performing post-bootstrap initialization ... ok
2026-06-25T23:16:48.479Z,car-deal-finder/db,syncing data to disk ... ok
2026-06-25T23:16:48.479Z,car-deal-finder/db,
2026-06-25T23:16:48.479Z,car-deal-finder/db,
2026-06-25T23:16:48.479Z,car-deal-finder/db,Success. You can now start the database server using:
2026-06-25T23:16:48.479Z,car-deal-finder/db,
2026-06-25T23:16:48.479Z,car-deal-finder/db,    pg_ctl -D /var/lib/postgresql/data -l logfile start
2026-06-25T23:16:48.479Z,car-deal-finder/db,
2026-06-25T23:16:48.479Z,car-deal-finder/db,"initdb: warning: enabling ""trust"" authentication for local connections"
2026-06-25T23:16:48.479Z,car-deal-finder/db,"initdb: hint: You can change this by editing pg_hba.conf or using the option -A, or --auth-local and --auth-host, the next time you run initdb."
2026-06-25T23:16:48.542Z,car-deal-finder/db,"waiting for server to start....2026-06-25 23:16:48.542 UTC [41] LOG:  starting PostgreSQL 16.14 on x86_64-pc-linux-musl, compiled by gcc (Alpine 15.2.0) 15.2.0, 64-bit"
2026-06-25T23:16:48.545Z,car-deal-finder/db,"2026-06-25 23:16:48.545 UTC [41] LOG:  listening on Unix socket ""/var/run/postgresql/.s.PGSQL.5432"""
2026-06-25T23:16:48.556Z,car-deal-finder/db,2026-06-25 23:16:48.555 UTC [44] LOG:  database system was shut down at 2026-06-25 23:16:48 UTC
2026-06-25T23:16:48.564Z,car-deal-finder/db,2026-06-25 23:16:48.564 UTC [41] LOG:  database system is ready to accept connections
2026-06-25T23:16:48.613Z,car-deal-finder/db, done
2026-06-25T23:16:48.613Z,car-deal-finder/db,server started
2026-06-25T23:16:48.729Z,car-deal-finder/db,CREATE DATABASE
2026-06-25T23:16:48.730Z,car-deal-finder/db,
2026-06-25T23:16:48.730Z,car-deal-finder/db,
2026-06-25T23:16:48.730Z,car-deal-finder/db,/usr/local/bin/docker-entrypoint.sh: ignoring /docker-entrypoint-initdb.d/*
2026-06-25T23:16:48.730Z,car-deal-finder/db,
2026-06-25T23:16:48.730Z,car-deal-finder/db,waiting for server to shut down....2026-06-25 23:16:48.728 UTC [41] LOG:  received fast shutdown request
2026-06-25T23:16:48.732Z,car-deal-finder/db,2026-06-25 23:16:48.732 UTC [41] LOG:  aborting any active transactions
2026-06-25T23:16:48.737Z,car-deal-finder/db,"2026-06-25 23:16:48.737 UTC [41] LOG:  background worker ""logical replication launcher"" (PID 47) exited with exit code 1"
2026-06-25T23:16:48.737Z,car-deal-finder/db,2026-06-25 23:16:48.737 UTC [42] LOG:  shutting down
2026-06-25T23:16:48.741Z,car-deal-finder/db,2026-06-25 23:16:48.740 UTC [42] LOG:  checkpoint starting: shutdown immediate
2026-06-25T23:16:48.870Z,car-deal-finder/db,"2026-06-25 23:16:48.869 UTC [42] LOG:  checkpoint complete: wrote 926 buffers (5.7%); 0 WAL file(s) added, 0 removed, 0 recycled; write=0.025 s, sync=0.097 s, total=0.133 s; sync files=301, longest=0.004 s, average=0.001 s; distance=4283 kB, estimate=4283 kB; lsn=0/1925D68, redo lsn=0/1925D68"
2026-06-25T23:16:48.878Z,car-deal-finder/db,2026-06-25 23:16:48.878 UTC [41] LOG:  database system is shut down
2026-06-25T23:16:48.930Z,car-deal-finder/db, done
2026-06-25T23:16:48.930Z,car-deal-finder/db,server stopped
2026-06-25T23:16:48.932Z,car-deal-finder/db,
2026-06-25T23:16:48.932Z,car-deal-finder/db,PostgreSQL init process complete; ready for start up.
2026-06-25T23:16:48.932Z,car-deal-finder/db,
2026-06-25T23:16:48.962Z,car-deal-finder/db,"2026-06-25 23:16:48.962 UTC [1] LOG:  starting PostgreSQL 16.14 on x86_64-pc-linux-musl, compiled by gcc (Alpine 15.2.0) 15.2.0, 64-bit"
2026-06-25T23:16:48.964Z,car-deal-finder/db,"2026-06-25 23:16:48.964 UTC [1] LOG:  listening on IPv4 address ""0.0.0.0"", port 5432"
2026-06-25T23:16:48.964Z,car-deal-finder/db,"2026-06-25 23:16:48.964 UTC [1] LOG:  listening on IPv6 address ""::"", port 5432"
2026-06-25T23:16:48.971Z,car-deal-finder/db,"2026-06-25 23:16:48.971 UTC [1] LOG:  listening on Unix socket ""/var/run/postgresql/.s.PGSQL.5432"""
2026-06-25T23:16:48.980Z,car-deal-finder/db,2026-06-25 23:16:48.979 UTC [57] LOG:  database system was shut down at 2026-06-25 23:16:48 UTC
2026-06-25T23:16:48.987Z,car-deal-finder/db,2026-06-25 23:16:48.987 UTC [1] LOG:  database system is ready to accept connections
2026-06-25T23:43:41.471Z,car-deal-finder/db,2026-06-25 23:43:41.470 UTC [55] LOG:  checkpoint starting: time
2026-06-25T23:43:53.673Z,car-deal-finder/db,"2026-06-25 23:43:53.673 UTC [55] LOG:  checkpoint complete: wrote 124 buffers (0.8%); 0 WAL file(s) added, 0 removed, 0 recycled; write=12.152 s, sync=0.034 s, total=12.203 s; sync files=63, longest=0.003 s, average=0.001 s; distance=514 kB, estimate=514 kB; lsn=0/19A6818, redo lsn=0/19A67E0"
2026-06-26T00:16:47.076Z,car-deal-finder/redis,1:M 26 Jun 2026 00:16:47.074 * 1 changes in 3600 seconds. Saving...
2026-06-26T00:16:47.081Z,car-deal-finder/redis,1:M 26 Jun 2026 00:16:47.081 * Background saving started by pid 1814
2026-06-26T00:16:47.104Z,car-deal-finder/redis,1814:C 26 Jun 2026 00:16:47.103 * DB saved on disk
2026-06-26T00:16:47.104Z,car-deal-finder/redis,"1814:C 26 Jun 2026 00:16:47.104 * Fork CoW for RDB: current 0 MB, peak 0 MB, average 0 MB"
2026-06-26T00:16:47.184Z,car-deal-finder/redis,1:M 26 Jun 2026 00:16:47.184 * Background saving terminated with success
2026-06-26T03:13:54.102Z,car-deal-finder/redis,1:M 26 Jun 2026 03:13:54.102 * 1 changes in 3600 seconds. Saving...
2026-06-26T03:13:54.103Z,car-deal-finder/redis,1:M 26 Jun 2026 03:13:54.103 * Background saving started by pid 4997
2026-06-26T03:13:54.120Z,car-deal-finder/redis,4997:C 26 Jun 2026 03:13:54.120 * DB saved on disk
2026-06-26T03:13:54.121Z,car-deal-finder/redis,"4997:C 26 Jun 2026 03:13:54.120 * Fork CoW for RDB: current 0 MB, peak 0 MB, average 0 MB"
2026-06-26T04:15:01.691Z,car-deal-finder/redis,1:M 26 Jun 2026 04:15:01.691 * Background saving terminated with success
2026-06-27T20:15:27.073Z,car-deal-finder/redis,1:M 27 Jun 2026 20:15:27.073 * 1 changes in 3600 seconds. Saving...
2026-06-27T20:15:27.073Z,car-deal-finder/redis,1:M 27 Jun 2026 20:15:27.073 * Background saving started by pid 5054
2026-06-27T20:15:27.078Z,car-deal-finder/redis,5054:C 27 Jun 2026 20:15:27.078 * DB saved on disk
2026-06-27T20:15:27.079Z,car-deal-finder/redis,"5054:C 27 Jun 2026 20:15:27.078 * Fork CoW for RDB: current 0 MB, peak 0 MB, average 0 MB"
2026-06-27T20:15:27.174Z,car-deal-finder/redis,1:M 27 Jun 2026 20:15:27.174 * Background saving terminated with success
2026-06-27T21:30:39.400Z,car-deal-finder/redis,1:M 27 Jun 2026 21:30:39.400 * 1 changes in 3600 seconds. Saving...
2026-06-27T21:30:39.401Z,car-deal-finder/redis,1:M 27 Jun 2026 21:30:39.401 * Background saving started by pid 5580
2026-06-27T21:30:39.406Z,car-deal-finder/redis,5580:C 27 Jun 2026 21:30:39.406 * DB saved on disk
2026-06-27T21:30:39.407Z,car-deal-finder/redis,"5580:C 27 Jun 2026 21:30:39.407 * Fork CoW for RDB: current 0 MB, peak 0 MB, average 0 MB"
2026-06-27T21:52:31.339Z,car-deal-finder/redis,1:M 27 Jun 2026 21:52:31.339 * Background saving terminated with success
2026-06-28T01:19:46.736Z,car-deal-finder/redis,1:M 28 Jun 2026 01:19:46.736 * 1 changes in 3600 seconds. Saving...
2026-06-28T01:19:46.737Z,car-deal-finder/redis,1:M 28 Jun 2026 01:19:46.737 * Background saving started by pid 5653
2026-06-28T01:19:46.742Z,car-deal-finder/redis,5653:C 28 Jun 2026 01:19:46.742 * DB saved on disk
2026-06-28T01:19:46.743Z,car-deal-finder/redis,"5653:C 28 Jun 2026 01:19:46.742 * Fork CoW for RDB: current 0 MB, peak 0 MB, average 0 MB"
2026-06-28T01:19:46.838Z,car-deal-finder/redis,1:M 28 Jun 2026 01:19:46.837 * Background saving terminated with success
2026-06-28T02:39:45.528Z,car-deal-finder/redis,1:M 28 Jun 2026 02:39:45.528 * 1 changes in 3600 seconds. Saving...
2026-06-28T02:39:45.529Z,car-deal-finder/redis,1:M 28 Jun 2026 02:39:45.528 * Background saving started by pid 6793
2026-06-28T02:39:45.543Z,car-deal-finder/redis,6793:C 28 Jun 2026 02:39:45.543 * DB saved on disk
2026-06-28T02:39:45.543Z,car-deal-finder/redis,"6793:C 28 Jun 2026 02:39:45.543 * Fork CoW for RDB: current 0 MB, peak 0 MB, average 0 MB"
2026-06-28T03:24:43.032Z,car-deal-finder/redis,1:M 28 Jun 2026 03:24:43.031 * Background saving terminated with success
2026-06-28T04:24:44.052Z,car-deal-finder/redis,1:M 28 Jun 2026 04:24:44.052 * 1 changes in 3600 seconds. Saving...
2026-06-28T04:24:44.053Z,car-deal-finder/redis,1:M 28 Jun 2026 04:24:44.053 * Background saving started by pid 10163
2026-06-28T04:24:44.061Z,car-deal-finder/redis,10163:C 28 Jun 2026 04:24:44.061 * DB saved on disk
2026-06-28T04:24:44.061Z,car-deal-finder/redis,"10163:C 28 Jun 2026 04:24:44.061 * Fork CoW for RDB: current 0 MB, peak 0 MB, average 0 MB"
2026-06-28T04:24:44.154Z,car-deal-finder/redis,1:M 28 Jun 2026 04:24:44.153 * Background saving terminated with success
2026-06-28T07:12:20.484Z,car-deal-finder/redis,1:M 28 Jun 2026 07:12:20.483 * 1 changes in 3600 seconds. Saving...
2026-06-28T07:12:20.484Z,car-deal-finder/redis,1:M 28 Jun 2026 07:12:20.484 * Background saving started by pid 11837
2026-06-28T07:12:20.525Z,car-deal-finder/redis,11837:C 28 Jun 2026 07:12:20.525 * DB saved on disk
2026-06-28T07:12:20.526Z,car-deal-finder/redis,"11837:C 28 Jun 2026 07:12:20.525 * Fork CoW for RDB: current 0 MB, peak 0 MB, average 0 MB"
2026-06-28T07:12:20.586Z,car-deal-finder/redis,1:M 28 Jun 2026 07:12:20.585 * Background saving terminated with success
2026-06-28T22:19:38.960Z,car-deal-finder/redis,1:M 28 Jun 2026 22:19:38.960 * 1 changes in 3600 seconds. Saving...
2026-06-28T22:19:38.961Z,car-deal-finder/redis,1:M 28 Jun 2026 22:19:38.960 * Background saving started by pid 11958
2026-06-28T22:19:38.968Z,car-deal-finder/redis,11958:C 28 Jun 2026 22:19:38.968 * DB saved on disk
2026-06-28T22:19:38.968Z,car-deal-finder/redis,"11958:C 28 Jun 2026 22:19:38.968 * Fork CoW for RDB: current 0 MB, peak 0 MB, average 0 MB"
2026-06-28T22:19:39.063Z,car-deal-finder/redis,1:M 28 Jun 2026 22:19:39.062 * Background saving terminated with success
2026-06-28T23:35:23.010Z,car-deal-finder/redis,1:M 28 Jun 2026 23:35:23.010 * 1 changes in 3600 seconds. Saving...
2026-06-28T23:35:23.011Z,car-deal-finder/redis,1:M 28 Jun 2026 23:35:23.011 * Background saving started by pid 12928
2026-06-28T23:35:23.025Z,car-deal-finder/redis,12928:C 28 Jun 2026 23:35:23.025 * DB saved on disk
2026-06-28T23:35:23.025Z,car-deal-finder/redis,"12928:C 28 Jun 2026 23:35:23.025 * Fork CoW for RDB: current 0 MB, peak 0 MB, average 0 MB"
2026-06-28T23:35:23.113Z,car-deal-finder/redis,1:M 28 Jun 2026 23:35:23.113 * Background saving terminated with success
2026-06-29T00:44:28.814Z,car-deal-finder/redis,1:M 29 Jun 2026 00:44:28.811 * 1 changes in 3600 seconds. Saving...
2026-06-29T00:44:28.868Z,car-deal-finder/redis,1:M 29 Jun 2026 00:44:28.816 * Background saving started by pid 13314
2026-06-29T00:44:28.911Z,car-deal-finder/redis,13314:C 29 Jun 2026 00:44:28.910 * DB saved on disk
2026-06-29T00:44:28.912Z,car-deal-finder/redis,"13314:C 29 Jun 2026 00:44:28.912 * Fork CoW for RDB: current 0 MB, peak 0 MB, average 0 MB"
2026-06-29T00:44:28.918Z,car-deal-finder/redis,1:M 29 Jun 2026 00:44:28.918 * Background saving terminated with success
2026-06-29T01:44:29.045Z,car-deal-finder/redis,1:M 29 Jun 2026 01:44:29.043 * 1 changes in 3600 seconds. Saving...
2026-06-29T01:44:29.049Z,car-deal-finder/redis,1:M 29 Jun 2026 01:44:29.047 * Background saving started by pid 15958
2026-06-29T01:44:29.068Z,car-deal-finder/redis,15958:C 29 Jun 2026 01:44:29.068 * DB saved on disk
2026-06-29T01:44:29.070Z,car-deal-finder/redis,"15958:C 29 Jun 2026 01:44:29.069 * Fork CoW for RDB: current 0 MB, peak 0 MB, average 0 MB"
2026-06-29T01:44:29.146Z,car-deal-finder/redis,1:M 29 Jun 2026 01:44:29.146 * Background saving terminated with success
2026-06-29T03:05:57.340Z,car-deal-finder/redis,1:M 29 Jun 2026 03:05:57.339 * 1 changes in 3600 seconds. Saving...
2026-06-29T03:05:57.341Z,car-deal-finder/redis,1:M 29 Jun 2026 03:05:57.340 * Background saving started by pid 18036
2026-06-29T03:05:57.362Z,car-deal-finder/redis,18036:C 29 Jun 2026 03:05:57.361 * DB saved on disk
2026-06-29T03:05:57.362Z,car-deal-finder/redis,"18036:C 29 Jun 2026 03:05:57.362 * Fork CoW for RDB: current 0 MB, peak 0 MB, average 0 MB"
2026-06-29T03:05:57.442Z,car-deal-finder/redis,1:M 29 Jun 2026 03:05:57.441 * Background saving terminated with success
2026-06-29T04:09:31.715Z,car-deal-finder/redis,1:M 29 Jun 2026 04:09:31.715 * 1 changes in 3600 seconds. Saving...
2026-06-29T04:09:31.716Z,car-deal-finder/redis,1:M 29 Jun 2026 04:09:31.716 * Background saving started by pid 22024
2026-06-29T04:09:31.737Z,car-deal-finder/redis,22024:C 29 Jun 2026 04:09:31.737 * DB saved on disk
2026-06-29T04:09:31.738Z,car-deal-finder/redis,"22024:C 29 Jun 2026 04:09:31.738 * Fork CoW for RDB: current 0 MB, peak 0 MB, average 0 MB"
2026-06-29T04:09:31.818Z,car-deal-finder/redis,1:M 29 Jun 2026 04:09:31.817 * Background saving terminated with success
2026-06-29T07:14:32.692Z,car-deal-finder/redis,1:M 29 Jun 2026 07:14:32.691 * 1 changes in 3600 seconds. Saving...
2026-06-29T07:14:32.692Z,car-deal-finder/redis,1:M 29 Jun 2026 07:14:32.692 * Background saving started by pid 22380
2026-06-29T07:14:32.705Z,car-deal-finder/redis,22380:C 29 Jun 2026 07:14:32.705 * DB saved on disk
2026-06-29T07:14:32.705Z,car-deal-finder/redis,"22380:C 29 Jun 2026 07:14:32.705 * Fork CoW for RDB: current 0 MB, peak 0 MB, average 0 MB"
2026-06-29T07:14:32.793Z,car-deal-finder/redis,1:M 29 Jun 2026 07:14:32.793 * Background saving terminated with success
2026-06-29T16:42:38.153Z,car-deal-finder/redis,1:M 29 Jun 2026 16:42:38.152 * 1 changes in 3600 seconds. Saving...
2026-06-29T16:42:38.153Z,car-deal-finder/redis,1:M 29 Jun 2026 16:42:38.153 * Background saving started by pid 22465
2026-06-29T16:42:38.160Z,car-deal-finder/redis,22465:C 29 Jun 2026 16:42:38.159 * DB saved on disk
2026-06-29T16:42:38.160Z,car-deal-finder/redis,"22465:C 29 Jun 2026 16:42:38.160 * Fork CoW for RDB: current 0 MB, peak 0 MB, average 0 MB"
2026-06-29T16:42:38.261Z,car-deal-finder/redis,1:M 29 Jun 2026 16:42:38.261 * Background saving terminated with success
2026-06-29T17:42:39.052Z,car-deal-finder/redis,1:M 29 Jun 2026 17:42:39.051 * 1 changes in 3600 seconds. Saving...
2026-06-29T17:42:39.052Z,car-deal-finder/redis,1:M 29 Jun 2026 17:42:39.052 * Background saving started by pid 26343
2026-06-29T17:42:39.057Z,car-deal-finder/redis,26343:C 29 Jun 2026 17:42:39.057 * DB saved on disk
2026-06-29T17:42:39.058Z,car-deal-finder/redis,"26343:C 29 Jun 2026 17:42:39.058 * Fork CoW for RDB: current 0 MB, peak 0 MB, average 0 MB"
2026-06-29T17:42:39.153Z,car-deal-finder/redis,1:M 29 Jun 2026 17:42:39.153 * Background saving terminated with success
2026-06-29T18:42:40.084Z,car-deal-finder/redis,1:M 29 Jun 2026 18:42:40.084 * 1 changes in 3600 seconds. Saving...
2026-06-29T18:42:40.085Z,car-deal-finder/redis,1:M 29 Jun 2026 18:42:40.084 * Background saving started by pid 30635
2026-06-29T18:42:40.090Z,car-deal-finder/redis,30635:C 29 Jun 2026 18:42:40.089 * DB saved on disk
2026-06-29T18:42:40.090Z,car-deal-finder/redis,"30635:C 29 Jun 2026 18:42:40.090 * Fork CoW for RDB: current 0 MB, peak 0 MB, average 0 MB"
2026-06-29T18:42:40.185Z,car-deal-finder/redis,1:M 29 Jun 2026 18:42:40.185 * Background saving terminated with success
2026-06-29T20:15:41.847Z,car-deal-finder/redis,1:M 29 Jun 2026 20:15:41.845 * 1 changes in 3600 seconds. Saving...
2026-06-29T20:15:41.867Z,car-deal-finder/redis,1:M 29 Jun 2026 20:15:41.867 * Background saving started by pid 34192
2026-06-29T20:15:41.967Z,car-deal-finder/redis,34192:C 29 Jun 2026 20:15:41.966 * DB saved on disk
2026-06-29T20:15:41.967Z,car-deal-finder/redis,"34192:C 29 Jun 2026 20:15:41.967 * Fork CoW for RDB: current 0 MB, peak 0 MB, average 0 MB"
2026-06-29T20:15:41.969Z,car-deal-finder/redis,1:M 29 Jun 2026 20:15:41.968 * Background saving terminated with success
2026-06-29T21:15:42.003Z,car-deal-finder/redis,1:M 29 Jun 2026 21:15:42.003 * 1 changes in 3600 seconds. Saving...
2026-06-29T21:15:42.006Z,car-deal-finder/redis,1:M 29 Jun 2026 21:15:42.004 * Background saving started by pid 35672
2026-06-29T21:15:42.021Z,car-deal-finder/redis,35672:C 29 Jun 2026 21:15:42.021 * DB saved on disk
2026-06-29T21:15:42.022Z,car-deal-finder/redis,"35672:C 29 Jun 2026 21:15:42.021 * Fork CoW for RDB: current 0 MB, peak 0 MB, average 0 MB"
2026-06-29T21:15:42.106Z,car-deal-finder/redis,1:M 29 Jun 2026 21:15:42.105 * Background saving terminated with success
2026-06-29T22:15:43.013Z,car-deal-finder/redis,1:M 29 Jun 2026 22:15:43.011 * 1 changes in 3600 seconds. Saving...
2026-06-29T22:15:43.014Z,car-deal-finder/redis,1:M 29 Jun 2026 22:15:43.014 * Background saving started by pid 38399
2026-06-29T22:15:43.031Z,car-deal-finder/redis,38399:C 29 Jun 2026 22:15:43.031 * DB saved on disk
2026-06-29T22:15:43.031Z,car-deal-finder/redis,"38399:C 29 Jun 2026 22:15:43.031 * Fork CoW for RDB: current 0 MB, peak 0 MB, average 0 MB"
2026-06-29T22:15:43.115Z,car-deal-finder/redis,1:M 29 Jun 2026 22:15:43.115 * Background saving terminated with success
2026-06-30T01:45:16.224Z,car-deal-finder/redis,1:M 30 Jun 2026 01:45:16.224 * 1 changes in 3600 seconds. Saving...
2026-06-30T01:45:16.226Z,car-deal-finder/redis,1:M 30 Jun 2026 01:45:16.225 * Background saving started by pid 40501
2026-06-30T01:45:16.241Z,car-deal-finder/redis,40501:C 30 Jun 2026 01:45:16.240 * DB saved on disk
2026-06-30T01:45:16.241Z,car-deal-finder/redis,"40501:C 30 Jun 2026 01:45:16.241 * Fork CoW for RDB: current 0 MB, peak 0 MB, average 0 MB"
2026-06-30T01:45:16.327Z,car-deal-finder/redis,1:M 30 Jun 2026 01:45:16.327 * Background saving terminated with success
2026-06-30T07:24:38.177Z,car-deal-finder/redis,1:M 30 Jun 2026 07:24:38.177 * 1 changes in 3600 seconds. Saving...
2026-06-30T07:24:38.182Z,car-deal-finder/redis,1:M 30 Jun 2026 07:24:38.178 * Background saving started by pid 40618
2026-06-30T07:24:38.190Z,car-deal-finder/redis,40618:C 30 Jun 2026 07:24:38.190 * DB saved on disk
2026-06-30T07:24:38.192Z,car-deal-finder/redis,"40618:C 30 Jun 2026 07:24:38.190 * Fork CoW for RDB: current 0 MB, peak 0 MB, average 0 MB"
2026-06-30T07:24:38.279Z,car-deal-finder/redis,1:M 30 Jun 2026 07:24:38.279 * Background saving terminated with success
2026-06-30T09:46:35.866Z,car-deal-finder/redis,1:M 30 Jun 2026 09:46:35.865 * 1 changes in 3600 seconds. Saving...
2026-06-30T09:46:35.869Z,car-deal-finder/redis,1:M 30 Jun 2026 09:46:35.868 * Background saving started by pid 43449
2026-06-30T09:46:35.887Z,car-deal-finder/redis,43449:C 30 Jun 2026 09:46:35.887 * DB saved on disk
2026-06-30T09:46:35.888Z,car-deal-finder/redis,"43449:C 30 Jun 2026 09:46:35.887 * Fork CoW for RDB: current 0 MB, peak 0 MB, average 0 MB"
2026-06-30T09:46:35.970Z,car-deal-finder/redis,1:M 30 Jun 2026 09:46:35.970 * Background saving terminated with success
2026-06-30T21:33:30.123Z,car-deal-finder/redis,1:M 30 Jun 2026 21:33:30.122 * 1 changes in 3600 seconds. Saving...
2026-06-30T21:33:30.123Z,car-deal-finder/redis,1:M 30 Jun 2026 21:33:30.123 * Background saving started by pid 43462
2026-06-30T21:33:30.138Z,car-deal-finder/redis,43462:C 30 Jun 2026 21:33:30.138 * DB saved on disk
2026-06-30T21:33:30.139Z,car-deal-finder/redis,"43462:C 30 Jun 2026 21:33:30.138 * Fork CoW for RDB: current 0 MB, peak 0 MB, average 0 MB"
2026-06-30T21:33:30.224Z,car-deal-finder/redis,1:M 30 Jun 2026 21:33:30.224 * Background saving terminated with success
2026-07-04T20:28:31.973Z,car-deal-finder/redis,1:C 04 Jul 2026 20:28:31.972 * oO0OoO0OoO0Oo Redis is starting oO0OoO0OoO0Oo
2026-07-04T20:28:31.973Z,car-deal-finder/redis,"1:C 04 Jul 2026 20:28:31.972 * Redis version=7.4.9, bits=64, commit=00000000, modified=0, pid=1, just started"
2026-07-04T20:28:31.973Z,car-deal-finder/redis,"1:C 04 Jul 2026 20:28:31.972 # Warning: no config file specified, using the default config. In order to specify a config file use redis-server /path/to/redis.conf"
2026-07-04T20:28:31.973Z,car-deal-finder/redis,1:M 04 Jul 2026 20:28:31.973 * monotonic clock: POSIX clock_gettime
2026-07-04T20:28:31.978Z,car-deal-finder/redis,"1:M 04 Jul 2026 20:28:31.978 * Running mode=standalone, port=6379."
2026-07-04T20:28:31.979Z,car-deal-finder/redis,1:M 04 Jul 2026 20:28:31.979 * Server initialized
2026-07-04T20:28:31.981Z,car-deal-finder/redis,1:M 04 Jul 2026 20:28:31.981 * Loading RDB produced by version 7.4.9
2026-07-04T20:28:31.981Z,car-deal-finder/redis,1:M 04 Jul 2026 20:28:31.981 * RDB age 341701 seconds
2026-07-04T20:28:31.981Z,car-deal-finder/redis,1:M 04 Jul 2026 20:28:31.981 * RDB memory usage when created 1.39 Mb
2026-07-04T20:28:31.981Z,car-deal-finder/redis,"1:M 04 Jul 2026 20:28:31.981 * Done loading RDB, keys loaded: 3, keys expired: 0."
2026-07-04T20:28:31.981Z,car-deal-finder/redis,1:M 04 Jul 2026 20:28:31.981 * DB loaded from disk: 0.002 seconds
2026-07-04T20:28:31.981Z,car-deal-finder/redis,1:M 04 Jul 2026 20:28:31.981 * Ready to accept connections tcp
2026-07-04T20:28:32.014Z,car-deal-finder/db,
2026-07-04T20:28:32.014Z,car-deal-finder/db,PostgreSQL Database directory appears to contain a database; Skipping initialization
2026-07-04T20:28:32.014Z,car-deal-finder/db,
2026-07-04T20:28:32.178Z,car-deal-finder/db,"2026-07-04 20:28:32.178 UTC [1] LOG:  starting PostgreSQL 16.14 on x86_64-pc-linux-musl, compiled by gcc (Alpine 15.2.0) 15.2.0, 64-bit"
2026-07-04T20:28:32.179Z,car-deal-finder/db,"2026-07-04 20:28:32.179 UTC [1] LOG:  listening on IPv4 address ""0.0.0.0"", port 5432"
2026-07-04T20:28:32.179Z,car-deal-finder/db,"2026-07-04 20:28:32.179 UTC [1] LOG:  listening on IPv6 address ""::"", port 5432"
2026-07-04T20:28:32.213Z,car-deal-finder/db,"2026-07-04 20:28:32.213 UTC [1] LOG:  listening on Unix socket ""/var/run/postgresql/.s.PGSQL.5432"""
2026-07-04T20:28:32.233Z,car-deal-finder/db,2026-07-04 20:28:32.232 UTC [30] LOG:  database system was interrupted; last known up at 2026-06-25 23:43:53 UTC
2026-07-04T20:28:33.201Z,car-deal-finder/db,2026-07-04 20:28:33.200 UTC [30] LOG:  database system was not properly shut down; automatic recovery in progress
2026-07-04T20:28:33.204Z,car-deal-finder/db,2026-07-04 20:28:33.203 UTC [30] LOG:  redo starts at 0/19A67E0
2026-07-04T20:28:33.204Z,car-deal-finder/db,"2026-07-04 20:28:33.203 UTC [30] LOG:  invalid record length at 0/19A68C8: expected at least 24, got 0"
2026-07-04T20:28:33.204Z,car-deal-finder/db,"2026-07-04 20:28:33.203 UTC [30] LOG:  redo done at 0/19A6890 system usage: CPU: user: 0.00 s, system: 0.00 s, elapsed: 0.00 s"
2026-07-04T20:28:33.216Z,car-deal-finder/db,2026-07-04 20:28:33.215 UTC [28] LOG:  checkpoint starting: end-of-recovery immediate wait
2026-07-04T20:28:33.235Z,car-deal-finder/db,"2026-07-04 20:28:33.235 UTC [28] LOG:  checkpoint complete: wrote 3 buffers (0.0%); 0 WAL file(s) added, 0 removed, 0 recycled; write=0.007 s, sync=0.004 s, total=0.024 s; sync files=2, longest=0.003 s, average=0.002 s; distance=0 kB, estimate=0 kB; lsn=0/19A68C8, redo lsn=0/19A68C8"
2026-07-04T20:28:33.246Z,car-deal-finder/db,2026-07-04 20:28:33.245 UTC [1] LOG:  database system is ready to accept connections
2026-07-04T20:30:15.036Z,backend,Collecting fastapi==0.122.0 (from -r requirements.txt (line 1))
2026-07-04T20:30:15.036Z,backend,Collecting fastapi==0.122.0 (from -r requirements.txt (line 1))
2026-07-04T20:30:15.036Z,backend,Collecting fastapi==0.122.0 (from -r requirements.txt (line 1))
2026-07-04T20:30:15.222Z,backend,Downloading fastapi-0.122.0-py3-none-any.whl.metadata (30 kB)
2026-07-04T20:30:15.222Z,backend,Downloading fastapi-0.122.0-py3-none-any.whl.metadata (30 kB)
2026-07-04T20:30:15.222Z,backend,Downloading fastapi-0.122.0-py3-none-any.whl.metadata (30 kB)
2026-07-04T20:30:15.291Z,backend,Collecting uvicorn==0.38.0 (from uvicorn[standard]==0.38.0->-r requirements.txt (line 2))
2026-07-04T20:30:15.291Z,backend,Collecting uvicorn==0.38.0 (from uvicorn[standard]==0.38.0->-r requirements.txt (line 2))
2026-07-04T20:30:15.291Z,backend,Collecting uvicorn==0.38.0 (from uvicorn[standard]==0.38.0->-r requirements.txt (line 2))
2026-07-04T20:30:15.311Z,backend,Downloading uvicorn-0.38.0-py3-none-any.whl.metadata (6.8 kB)
2026-07-04T20:30:15.311Z,backend,Downloading uvicorn-0.38.0-py3-none-any.whl.metadata (6.8 kB)
2026-07-04T20:30:15.311Z,backend,Downloading uvicorn-0.38.0-py3-none-any.whl.metadata (6.8 kB)
2026-07-04T20:30:15.686Z,backend,Collecting sqlalchemy==2.0.44 (from -r requirements.txt (line 3))
2026-07-04T20:30:15.686Z,backend,Collecting sqlalchemy==2.0.44 (from -r requirements.txt (line 3))
2026-07-04T20:30:15.686Z,backend,Collecting sqlalchemy==2.0.44 (from -r requirements.txt (line 3))
2026-07-04T20:30:15.713Z,backend,Downloading sqlalchemy-2.0.44-cp312-cp312-manylinux_2_17_x86_64.manylinux2014_x86_64.whl.metadata (9.5 kB)
2026-07-04T20:30:15.713Z,backend,Downloading sqlalchemy-2.0.44-cp312-cp312-manylinux_2_17_x86_64.manylinux2014_x86_64.whl.metadata (9.5 kB)
2026-07-04T20:30:15.713Z,backend,Downloading sqlalchemy-2.0.44-cp312-cp312-manylinux_2_17_x86_64.manylinux2014_x86_64.whl.metadata (9.5 kB)
2026-07-04T20:30:15.795Z,backend,Collecting asyncpg==0.30.0 (from -r requirements.txt (line 4))
2026-07-04T20:30:15.795Z,backend,Collecting asyncpg==0.30.0 (from -r requirements.txt (line 4))
2026-07-04T20:30:15.795Z,backend,Collecting asyncpg==0.30.0 (from -r requirements.txt (line 4))
2026-07-04T20:30:15.821Z,backend,Downloading asyncpg-0.30.0-cp312-cp312-manylinux_2_17_x86_64.manylinux2014_x86_64.whl.metadata (5.0 kB)
2026-07-04T20:30:15.821Z,backend,Downloading asyncpg-0.30.0-cp312-cp312-manylinux_2_17_x86_64.manylinux2014_x86_64.whl.metadata (5.0 kB)
2026-07-04T20:30:15.821Z,backend,Downloading asyncpg-0.30.0-cp312-cp312-manylinux_2_17_x86_64.manylinux2014_x86_64.whl.metadata (5.0 kB)
2026-07-04T20:30:15.915Z,backend,Collecting psycopg2-binary==2.9.10 (from -r requirements.txt (line 5))
2026-07-04T20:30:15.915Z,backend,Collecting psycopg2-binary==2.9.10 (from -r requirements.txt (line 5))
2026-07-04T20:30:15.915Z,backend,Collecting psycopg2-binary==2.9.10 (from -r requirements.txt (line 5))
2026-07-04T20:30:15.932Z,backend,Downloading psycopg2_binary-2.9.10-cp312-cp312-manylinux_2_17_x86_64.manylinux2014_x86_64.whl.metadata (4.9 kB)
2026-07-04T20:30:15.932Z,backend,Downloading psycopg2_binary-2.9.10-cp312-cp312-manylinux_2_17_x86_64.manylinux2014_x86_64.whl.metadata (4.9 kB)
2026-07-04T20:30:15.932Z,backend,Downloading psycopg2_binary-2.9.10-cp312-cp312-manylinux_2_17_x86_64.manylinux2014_x86_64.whl.metadata (4.9 kB)
2026-07-04T20:30:15.983Z,backend,Collecting alembic==1.14.0 (from -r requirements.txt (line 6))
2026-07-04T20:30:15.983Z,backend,Collecting alembic==1.14.0 (from -r requirements.txt (line 6))
2026-07-04T20:30:15.983Z,backend,Collecting alembic==1.14.0 (from -r requirements.txt (line 6))
2026-07-04T20:30:16.005Z,backend,Downloading alembic-1.14.0-py3-none-any.whl.metadata (7.4 kB)
2026-07-04T20:30:16.005Z,backend,Downloading alembic-1.14.0-py3-none-any.whl.metadata (7.4 kB)
2026-07-04T20:30:16.005Z,backend,Downloading alembic-1.14.0-py3-none-any.whl.metadata (7.4 kB)
2026-07-04T20:30:16.137Z,backend,Collecting pydantic==2.12.5 (from pydantic[email]==2.12.5->-r requirements.txt (line 7))
2026-07-04T20:30:16.137Z,backend,Collecting pydantic==2.12.5 (from pydantic[email]==2.12.5->-r requirements.txt (line 7))
2026-07-04T20:30:16.137Z,backend,Collecting pydantic==2.12.5 (from pydantic[email]==2.12.5->-r requirements.txt (line 7))
2026-07-04T20:30:16.157Z,backend,Downloading pydantic-2.12.5-py3-none-any.whl.metadata (90 kB)
2026-07-04T20:30:16.157Z,backend,Downloading pydantic-2.12.5-py3-none-any.whl.metadata (90 kB)
2026-07-04T20:30:16.157Z,backend,Downloading pydantic-2.12.5-py3-none-any.whl.metadata (90 kB)
2026-07-04T20:30:16.217Z,backend,Collecting pydantic-settings==2.7.0 (from -r requirements.txt (line 8))
2026-07-04T20:30:16.217Z,backend,Collecting pydantic-settings==2.7.0 (from -r requirements.txt (line 8))
2026-07-04T20:30:16.217Z,backend,Collecting pydantic-settings==2.7.0 (from -r requirements.txt (line 8))
2026-07-04T20:30:16.234Z,backend,Downloading pydantic_settings-2.7.0-py3-none-any.whl.metadata (3.5 kB)
2026-07-04T20:30:16.234Z,backend,Downloading pydantic_settings-2.7.0-py3-none-any.whl.metadata (3.5 kB)
2026-07-04T20:30:16.234Z,backend,Downloading pydantic_settings-2.7.0-py3-none-any.whl.metadata (3.5 kB)
2026-07-04T20:30:16.273Z,backend,Collecting python-dotenv==1.2.1 (from -r requirements.txt (line 9))
2026-07-04T20:30:16.273Z,backend,Collecting python-dotenv==1.2.1 (from -r requirements.txt (line 9))
2026-07-04T20:30:16.273Z,backend,Collecting python-dotenv==1.2.1 (from -r requirements.txt (line 9))
2026-07-04T20:30:16.293Z,backend,Downloading python_dotenv-1.2.1-py3-none-any.whl.metadata (25 kB)
2026-07-04T20:30:16.293Z,backend,Downloading python_dotenv-1.2.1-py3-none-any.whl.metadata (25 kB)
2026-07-04T20:30:16.293Z,backend,Downloading python_dotenv-1.2.1-py3-none-any.whl.metadata (25 kB)
2026-07-04T20:30:16.335Z,backend,Collecting beautifulsoup4==4.14.2 (from -r requirements.txt (line 10))
2026-07-04T20:30:16.335Z,backend,Collecting beautifulsoup4==4.14.2 (from -r requirements.txt (line 10))
2026-07-04T20:30:16.335Z,backend,Collecting beautifulsoup4==4.14.2 (from -r requirements.txt (line 10))
2026-07-04T20:30:16.357Z,backend,Downloading beautifulsoup4-4.14.2-py3-none-any.whl.metadata (3.8 kB)
2026-07-04T20:30:16.357Z,backend,Downloading beautifulsoup4-4.14.2-py3-none-any.whl.metadata (3.8 kB)
2026-07-04T20:30:16.357Z,backend,Downloading beautifulsoup4-4.14.2-py3-none-any.whl.metadata (3.8 kB)
2026-07-04T20:30:16.398Z,backend,Collecting httpx==0.28.1 (from -r requirements.txt (line 11))
2026-07-04T20:30:16.398Z,backend,Collecting httpx==0.28.1 (from -r requirements.txt (line 11))
2026-07-04T20:30:16.398Z,backend,Collecting httpx==0.28.1 (from -r requirements.txt (line 11))
2026-07-04T20:30:16.417Z,backend,Downloading httpx-0.28.1-py3-none-any.whl.metadata (7.1 kB)
2026-07-04T20:30:16.417Z,backend,Downloading httpx-0.28.1-py3-none-any.whl.metadata (7.1 kB)
2026-07-04T20:30:16.417Z,backend,Downloading httpx-0.28.1-py3-none-any.whl.metadata (7.1 kB)
2026-07-04T20:30:16.458Z,backend,Collecting slowapi==0.1.9 (from -r requirements.txt (line 12))
2026-07-04T20:30:16.458Z,backend,Collecting slowapi==0.1.9 (from -r requirements.txt (line 12))
2026-07-04T20:30:16.458Z,backend,Collecting slowapi==0.1.9 (from -r requirements.txt (line 12))
2026-07-04T20:30:16.483Z,backend,Downloading slowapi-0.1.9-py3-none-any.whl.metadata (3.0 kB)
2026-07-04T20:30:16.483Z,backend,Downloading slowapi-0.1.9-py3-none-any.whl.metadata (3.0 kB)
2026-07-04T20:30:16.483Z,backend,Downloading slowapi-0.1.9-py3-none-any.whl.metadata (3.0 kB)
2026-07-04T20:30:16.521Z,backend,Collecting python-jose==3.5.0 (from python-jose[cryptography]==3.5.0->-r requirements.txt (line 13))
2026-07-04T20:30:16.521Z,backend,Collecting python-jose==3.5.0 (from python-jose[cryptography]==3.5.0->-r requirements.txt (line 13))
2026-07-04T20:30:16.521Z,backend,Collecting python-jose==3.5.0 (from python-jose[cryptography]==3.5.0->-r requirements.txt (line 13))
2026-07-04T20:30:16.541Z,backend,Downloading python_jose-3.5.0-py2.py3-none-any.whl.metadata (5.5 kB)
2026-07-04T20:30:16.541Z,backend,Downloading python_jose-3.5.0-py2.py3-none-any.whl.metadata (5.5 kB)
2026-07-04T20:30:16.541Z,backend,Downloading python_jose-3.5.0-py2.py3-none-any.whl.metadata (5.5 kB)
2026-07-04T20:30:16.606Z,backend,"Collecting pwdlib==0.3.0 (from pwdlib[argon2,bcrypt]==0.3.0->-r requirements.txt (line 14))"
2026-07-04T20:30:16.606Z,backend,"Collecting pwdlib==0.3.0 (from pwdlib[argon2,bcrypt]==0.3.0->-r requirements.txt (line 14))"
2026-07-04T20:30:16.606Z,backend,"Collecting pwdlib==0.3.0 (from pwdlib[argon2,bcrypt]==0.3.0->-r requirements.txt (line 14))"
2026-07-04T20:30:16.624Z,backend,Downloading pwdlib-0.3.0-py3-none-any.whl.metadata (4.1 kB)
2026-07-04T20:30:16.624Z,backend,Downloading pwdlib-0.3.0-py3-none-any.whl.metadata (4.1 kB)
2026-07-04T20:30:16.624Z,backend,Downloading pwdlib-0.3.0-py3-none-any.whl.metadata (4.1 kB)
2026-07-04T20:30:16.674Z,backend,Collecting redis==5.2.1 (from -r requirements.txt (line 15))
2026-07-04T20:30:16.674Z,backend,Collecting redis==5.2.1 (from -r requirements.txt (line 15))
2026-07-04T20:30:16.674Z,backend,Collecting redis==5.2.1 (from -r requirements.txt (line 15))
2026-07-04T20:30:16.692Z,backend,Downloading redis-5.2.1-py3-none-any.whl.metadata (9.1 kB)
2026-07-04T20:30:16.692Z,backend,Downloading redis-5.2.1-py3-none-any.whl.metadata (9.1 kB)
2026-07-04T20:30:16.692Z,backend,Downloading redis-5.2.1-py3-none-any.whl.metadata (9.1 kB)
2026-07-04T20:30:16.750Z,backend,Collecting celery==5.4.0 (from celery[redis]==5.4.0->-r requirements.txt (line 16))
2026-07-04T20:30:16.750Z,backend,Collecting celery==5.4.0 (from celery[redis]==5.4.0->-r requirements.txt (line 16))
2026-07-04T20:30:16.750Z,backend,Collecting celery==5.4.0 (from celery[redis]==5.4.0->-r requirements.txt (line 16))
2026-07-04T20:30:16.769Z,backend,Downloading celery-5.4.0-py3-none-any.whl.metadata (21 kB)
2026-07-04T20:30:16.769Z,backend,Downloading celery-5.4.0-py3-none-any.whl.metadata (21 kB)
2026-07-04T20:30:16.769Z,backend,Downloading celery-5.4.0-py3-none-any.whl.metadata (21 kB)
2026-07-04T20:30:16.903Z,backend,Collecting stripe==11.4.1 (from -r requirements.txt (line 17))
2026-07-04T20:30:16.903Z,backend,Collecting stripe==11.4.1 (from -r requirements.txt (line 17))
2026-07-04T20:30:16.903Z,backend,Collecting stripe==11.4.1 (from -r requirements.txt (line 17))
2026-07-04T20:30:16.922Z,backend,Downloading stripe-11.4.1-py2.py3-none-any.whl.metadata (2.7 kB)
2026-07-04T20:30:16.922Z,backend,Downloading stripe-11.4.1-py2.py3-none-any.whl.metadata (2.7 kB)
2026-07-04T20:30:16.922Z,backend,Downloading stripe-11.4.1-py2.py3-none-any.whl.metadata (2.7 kB)
2026-07-04T20:30:16.972Z,backend,Collecting authlib==1.6.5 (from -r requirements.txt (line 18))
2026-07-04T20:30:16.972Z,backend,Collecting authlib==1.6.5 (from -r requirements.txt (line 18))
2026-07-04T20:30:16.972Z,backend,Collecting authlib==1.6.5 (from -r requirements.txt (line 18))
2026-07-04T20:30:16.995Z,backend,Downloading authlib-1.6.5-py2.py3-none-any.whl.metadata (9.8 kB)
2026-07-04T20:30:16.995Z,backend,Downloading authlib-1.6.5-py2.py3-none-any.whl.metadata (9.8 kB)
2026-07-04T20:30:16.995Z,backend,Downloading authlib-1.6.5-py2.py3-none-any.whl.metadata (9.8 kB)
2026-07-04T20:30:17.029Z,backend,Collecting itsdangerous==2.2.0 (from -r requirements.txt (line 19))
2026-07-04T20:30:17.029Z,backend,Collecting itsdangerous==2.2.0 (from -r requirements.txt (line 19))
2026-07-04T20:30:17.029Z,backend,Collecting itsdangerous==2.2.0 (from -r requirements.txt (line 19))
2026-07-04T20:30:17.048Z,backend,Downloading itsdangerous-2.2.0-py3-none-any.whl.metadata (1.9 kB)
2026-07-04T20:30:17.048Z,backend,Downloading itsdangerous-2.2.0-py3-none-any.whl.metadata (1.9 kB)
2026-07-04T20:30:17.048Z,backend,Downloading itsdangerous-2.2.0-py3-none-any.whl.metadata (1.9 kB)
2026-07-04T20:30:17.107Z,backend,Collecting anthropic==0.116.0 (from -r requirements.txt (line 20))
2026-07-04T20:30:17.107Z,backend,Collecting anthropic==0.116.0 (from -r requirements.txt (line 20))
2026-07-04T20:30:17.107Z,backend,Collecting anthropic==0.116.0 (from -r requirements.txt (line 20))
2026-07-04T20:30:17.126Z,backend,Downloading anthropic-0.116.0-py3-none-any.whl.metadata (3.2 kB)
2026-07-04T20:30:17.126Z,backend,Downloading anthropic-0.116.0-py3-none-any.whl.metadata (3.2 kB)
2026-07-04T20:30:17.126Z,backend,Downloading anthropic-0.116.0-py3-none-any.whl.metadata (3.2 kB)
2026-07-04T20:30:17.182Z,backend,"Collecting starlette<0.51.0,>=0.40.0 (from fastapi==0.122.0->-r requirements.txt (line 1))"
2026-07-04T20:30:17.182Z,backend,"Collecting starlette<0.51.0,>=0.40.0 (from fastapi==0.122.0->-r requirements.txt (line 1))"
2026-07-04T20:30:17.182Z,backend,"Collecting starlette<0.51.0,>=0.40.0 (from fastapi==0.122.0->-r requirements.txt (line 1))"
2026-07-04T20:30:17.204Z,backend,Downloading starlette-0.50.0-py3-none-any.whl.metadata (6.3 kB)
2026-07-04T20:30:17.204Z,backend,Downloading starlette-0.50.0-py3-none-any.whl.metadata (6.3 kB)
2026-07-04T20:30:17.204Z,backend,Downloading starlette-0.50.0-py3-none-any.whl.metadata (6.3 kB)
2026-07-04T20:30:17.284Z,backend,Collecting typing-extensions>=4.8.0 (from fastapi==0.122.0->-r requirements.txt (line 1))
2026-07-04T20:30:17.284Z,backend,Collecting typing-extensions>=4.8.0 (from fastapi==0.122.0->-r requirements.txt (line 1))
2026-07-04T20:30:17.284Z,backend,Collecting typing-extensions>=4.8.0 (from fastapi==0.122.0->-r requirements.txt (line 1))
2026-07-04T20:30:17.303Z,backend,Downloading typing_extensions-4.16.0-py3-none-any.whl.metadata (3.3 kB)
2026-07-04T20:30:17.303Z,backend,Downloading typing_extensions-4.16.0-py3-none-any.whl.metadata (3.3 kB)
2026-07-04T20:30:17.303Z,backend,Downloading typing_extensions-4.16.0-py3-none-any.whl.metadata (3.3 kB)
2026-07-04T20:30:17.335Z,backend,Collecting annotated-doc>=0.0.2 (from fastapi==0.122.0->-r requirements.txt (line 1))
2026-07-04T20:30:17.335Z,backend,Collecting annotated-doc>=0.0.2 (from fastapi==0.122.0->-r requirements.txt (line 1))
2026-07-04T20:30:17.335Z,backend,Collecting annotated-doc>=0.0.2 (from fastapi==0.122.0->-r requirements.txt (line 1))
2026-07-04T20:30:17.353Z,backend,Downloading annotated_doc-0.0.4-py3-none-any.whl.metadata (6.6 kB)
2026-07-04T20:30:17.353Z,backend,Downloading annotated_doc-0.0.4-py3-none-any.whl.metadata (6.6 kB)
2026-07-04T20:30:17.353Z,backend,Downloading annotated_doc-0.0.4-py3-none-any.whl.metadata (6.6 kB)
2026-07-04T20:30:17.431Z,backend,Collecting click>=7.0 (from uvicorn==0.38.0->uvicorn[standard]==0.38.0->-r requirements.txt (line 2))
2026-07-04T20:30:17.431Z,backend,Collecting click>=7.0 (from uvicorn==0.38.0->uvicorn[standard]==0.38.0->-r requirements.txt (line 2))
2026-07-04T20:30:17.431Z,backend,Collecting click>=7.0 (from uvicorn==0.38.0->uvicorn[standard]==0.38.0->-r requirements.txt (line 2))
2026-07-04T20:30:17.455Z,backend,Downloading click-8.4.2-py3-none-any.whl.metadata (2.6 kB)
2026-07-04T20:30:17.455Z,backend,Downloading click-8.4.2-py3-none-any.whl.metadata (2.6 kB)
2026-07-04T20:30:17.455Z,backend,Downloading click-8.4.2-py3-none-any.whl.metadata (2.6 kB)
2026-07-04T20:30:17.492Z,backend,Collecting h11>=0.8 (from uvicorn==0.38.0->uvicorn[standard]==0.38.0->-r requirements.txt (line 2))
2026-07-04T20:30:17.492Z,backend,Collecting h11>=0.8 (from uvicorn==0.38.0->uvicorn[standard]==0.38.0->-r requirements.txt (line 2))
2026-07-04T20:30:17.492Z,backend,Collecting h11>=0.8 (from uvicorn==0.38.0->uvicorn[standard]==0.38.0->-r requirements.txt (line 2))
2026-07-04T20:30:17.510Z,backend,Downloading h11-0.16.0-py3-none-any.whl.metadata (8.3 kB)
2026-07-04T20:30:17.510Z,backend,Downloading h11-0.16.0-py3-none-any.whl.metadata (8.3 kB)
2026-07-04T20:30:17.510Z,backend,Downloading h11-0.16.0-py3-none-any.whl.metadata (8.3 kB)
2026-07-04T20:30:17.691Z,backend,Collecting greenlet>=1 (from sqlalchemy==2.0.44->-r requirements.txt (line 3))
2026-07-04T20:30:17.691Z,backend,Collecting greenlet>=1 (from sqlalchemy==2.0.44->-r requirements.txt (line 3))
2026-07-04T20:30:17.691Z,backend,Collecting greenlet>=1 (from sqlalchemy==2.0.44->-r requirements.txt (line 3))
2026-07-04T20:30:17.717Z,backend,Downloading greenlet-3.5.3-cp312-cp312-manylinux_2_24_x86_64.manylinux_2_28_x86_64.whl.metadata (3.8 kB)
2026-07-04T20:30:17.717Z,backend,Downloading greenlet-3.5.3-cp312-cp312-manylinux_2_24_x86_64.manylinux_2_28_x86_64.whl.metadata (3.8 kB)
2026-07-04T20:30:17.717Z,backend,Downloading greenlet-3.5.3-cp312-cp312-manylinux_2_24_x86_64.manylinux_2_28_x86_64.whl.metadata (3.8 kB)
2026-07-04T20:30:17.780Z,backend,Collecting Mako (from alembic==1.14.0->-r requirements.txt (line 6))
2026-07-04T20:30:17.780Z,backend,Collecting Mako (from alembic==1.14.0->-r requirements.txt (line 6))
2026-07-04T20:30:17.780Z,backend,Collecting Mako (from alembic==1.14.0->-r requirements.txt (line 6))
2026-07-04T20:30:17.802Z,backend,Downloading mako-1.3.12-py3-none-any.whl.metadata (2.9 kB)
2026-07-04T20:30:17.802Z,backend,Downloading mako-1.3.12-py3-none-any.whl.metadata (2.9 kB)
2026-07-04T20:30:17.802Z,backend,Downloading mako-1.3.12-py3-none-any.whl.metadata (2.9 kB)
2026-07-04T20:30:17.842Z,backend,Collecting annotated-types>=0.6.0 (from pydantic==2.12.5->pydantic[email]==2.12.5->-r requirements.txt (line 7))
2026-07-04T20:30:17.842Z,backend,Collecting annotated-types>=0.6.0 (from pydantic==2.12.5->pydantic[email]==2.12.5->-r requirements.txt (line 7))
2026-07-04T20:30:17.842Z,backend,Collecting annotated-types>=0.6.0 (from pydantic==2.12.5->pydantic[email]==2.12.5->-r requirements.txt (line 7))
2026-07-04T20:30:17.890Z,backend,Downloading annotated_types-0.7.0-py3-none-any.whl.metadata (15 kB)
2026-07-04T20:30:17.890Z,backend,Downloading annotated_types-0.7.0-py3-none-any.whl.metadata (15 kB)
2026-07-04T20:30:17.890Z,backend,Downloading annotated_types-0.7.0-py3-none-any.whl.metadata (15 kB)
2026-07-04T20:30:18.770Z,backend,Collecting pydantic-core==2.41.5 (from pydantic==2.12.5->pydantic[email]==2.12.5->-r requirements.txt (line 7))
2026-07-04T20:30:18.770Z,backend,Collecting pydantic-core==2.41.5 (from pydantic==2.12.5->pydantic[email]==2.12.5->-r requirements.txt (line 7))
2026-07-04T20:30:18.770Z,backend,Collecting pydantic-core==2.41.5 (from pydantic==2.12.5->pydantic[email]==2.12.5->-r requirements.txt (line 7))
2026-07-04T20:30:18.795Z,backend,Downloading pydantic_core-2.41.5-cp312-cp312-manylinux_2_17_x86_64.manylinux2014_x86_64.whl.metadata (7.3 kB)
2026-07-04T20:30:18.795Z,backend,Downloading pydantic_core-2.41.5-cp312-cp312-manylinux_2_17_x86_64.manylinux2014_x86_64.whl.metadata (7.3 kB)
2026-07-04T20:30:18.795Z,backend,Downloading pydantic_core-2.41.5-cp312-cp312-manylinux_2_17_x86_64.manylinux2014_x86_64.whl.metadata (7.3 kB)
2026-07-04T20:30:18.829Z,backend,Collecting typing-inspection>=0.4.2 (from pydantic==2.12.5->pydantic[email]==2.12.5->-r requirements.txt (line 7))
2026-07-04T20:30:18.829Z,backend,Collecting typing-inspection>=0.4.2 (from pydantic==2.12.5->pydantic[email]==2.12.5->-r requirements.txt (line 7))
2026-07-04T20:30:18.829Z,backend,Collecting typing-inspection>=0.4.2 (from pydantic==2.12.5->pydantic[email]==2.12.5->-r requirements.txt (line 7))
2026-07-04T20:30:18.849Z,backend,Downloading typing_inspection-0.4.2-py3-none-any.whl.metadata (2.6 kB)
2026-07-04T20:30:18.849Z,backend,Downloading typing_inspection-0.4.2-py3-none-any.whl.metadata (2.6 kB)
2026-07-04T20:30:18.849Z,backend,Downloading typing_inspection-0.4.2-py3-none-any.whl.metadata (2.6 kB)
2026-07-04T20:30:18.944Z,backend,Collecting soupsieve>1.2 (from beautifulsoup4==4.14.2->-r requirements.txt (line 10))
2026-07-04T20:30:18.944Z,backend,Collecting soupsieve>1.2 (from beautifulsoup4==4.14.2->-r requirements.txt (line 10))
2026-07-04T20:30:18.944Z,backend,Collecting soupsieve>1.2 (from beautifulsoup4==4.14.2->-r requirements.txt (line 10))
2026-07-04T20:30:18.965Z,backend,Downloading soupsieve-2.8.4-py3-none-any.whl.metadata (4.6 kB)
2026-07-04T20:30:18.965Z,backend,Downloading soupsieve-2.8.4-py3-none-any.whl.metadata (4.6 kB)
2026-07-04T20:30:18.965Z,backend,Downloading soupsieve-2.8.4-py3-none-any.whl.metadata (4.6 kB)
2026-07-04T20:30:19.005Z,backend,Collecting anyio (from httpx==0.28.1->-r requirements.txt (line 11))
2026-07-04T20:30:19.005Z,backend,Collecting anyio (from httpx==0.28.1->-r requirements.txt (line 11))
2026-07-04T20:30:19.005Z,backend,Collecting anyio (from httpx==0.28.1->-r requirements.txt (line 11))
2026-07-04T20:30:19.023Z,backend,Downloading anyio-4.14.1-py3-none-any.whl.metadata (4.6 kB)
2026-07-04T20:30:19.023Z,backend,Downloading anyio-4.14.1-py3-none-any.whl.metadata (4.6 kB)
2026-07-04T20:30:19.023Z,backend,Downloading anyio-4.14.1-py3-none-any.whl.metadata (4.6 kB)
2026-07-04T20:30:19.062Z,backend,Collecting certifi (from httpx==0.28.1->-r requirements.txt (line 11))
2026-07-04T20:30:19.062Z,backend,Collecting certifi (from httpx==0.28.1->-r requirements.txt (line 11))
2026-07-04T20:30:19.062Z,backend,Collecting certifi (from httpx==0.28.1->-r requirements.txt (line 11))
2026-07-04T20:30:19.079Z,backend,Downloading certifi-2026.6.17-py3-none-any.whl.metadata (2.5 kB)
2026-07-04T20:30:19.079Z,backend,Downloading certifi-2026.6.17-py3-none-any.whl.metadata (2.5 kB)
2026-07-04T20:30:19.079Z,backend,Downloading certifi-2026.6.17-py3-none-any.whl.metadata (2.5 kB)
2026-07-04T20:30:19.118Z,backend,Collecting httpcore==1.* (from httpx==0.28.1->-r requirements.txt (line 11))
2026-07-04T20:30:19.118Z,backend,Collecting httpcore==1.* (from httpx==0.28.1->-r requirements.txt (line 11))
2026-07-04T20:30:19.118Z,backend,Collecting httpcore==1.* (from httpx==0.28.1->-r requirements.txt (line 11))
2026-07-04T20:30:19.136Z,backend,Downloading httpcore-1.0.9-py3-none-any.whl.metadata (21 kB)
2026-07-04T20:30:19.136Z,backend,Downloading httpcore-1.0.9-py3-none-any.whl.metadata (21 kB)
2026-07-04T20:30:19.136Z,backend,Downloading httpcore-1.0.9-py3-none-any.whl.metadata (21 kB)
2026-07-04T20:30:19.175Z,backend,Collecting idna (from httpx==0.28.1->-r requirements.txt (line 11))
2026-07-04T20:30:19.175Z,backend,Collecting idna (from httpx==0.28.1->-r requirements.txt (line 11))
2026-07-04T20:30:19.175Z,backend,Collecting idna (from httpx==0.28.1->-r requirements.txt (line 11))
2026-07-04T20:30:19.192Z,backend,Downloading idna-3.18-py3-none-any.whl.metadata (6.1 kB)
2026-07-04T20:30:19.192Z,backend,Downloading idna-3.18-py3-none-any.whl.metadata (6.1 kB)
2026-07-04T20:30:19.192Z,backend,Downloading idna-3.18-py3-none-any.whl.metadata (6.1 kB)
2026-07-04T20:30:19.245Z,backend,Collecting limits>=2.3 (from slowapi==0.1.9->-r requirements.txt (line 12))
2026-07-04T20:30:19.245Z,backend,Collecting limits>=2.3 (from slowapi==0.1.9->-r requirements.txt (line 12))
2026-07-04T20:30:19.245Z,backend,Collecting limits>=2.3 (from slowapi==0.1.9->-r requirements.txt (line 12))
2026-07-04T20:30:19.267Z,backend,Downloading limits-5.8.0-py3-none-any.whl.metadata (10 kB)
2026-07-04T20:30:19.267Z,backend,Downloading limits-5.8.0-py3-none-any.whl.metadata (10 kB)
2026-07-04T20:30:19.267Z,backend,Downloading limits-5.8.0-py3-none-any.whl.metadata (10 kB)
2026-07-04T20:30:19.305Z,backend,Collecting ecdsa!=0.15 (from python-jose==3.5.0->python-jose[cryptography]==3.5.0->-r requirements.txt (line 13))
2026-07-04T20:30:19.305Z,backend,Collecting ecdsa!=0.15 (from python-jose==3.5.0->python-jose[cryptography]==3.5.0->-r requirements.txt (line 13))
2026-07-04T20:30:19.305Z,backend,Collecting ecdsa!=0.15 (from python-jose==3.5.0->python-jose[cryptography]==3.5.0->-r requirements.txt (line 13))
2026-07-04T20:30:19.324Z,backend,Downloading ecdsa-0.19.2-py2.py3-none-any.whl.metadata (29 kB)
2026-07-04T20:30:19.324Z,backend,Downloading ecdsa-0.19.2-py2.py3-none-any.whl.metadata (29 kB)
2026-07-04T20:30:19.324Z,backend,Downloading ecdsa-0.19.2-py2.py3-none-any.whl.metadata (29 kB)
2026-07-04T20:30:19.373Z,backend,"Collecting rsa!=4.1.1,!=4.4,<5.0,>=4.0 (from python-jose==3.5.0->python-jose[cryptography]==3.5.0->-r requirements.txt (line 13))"
2026-07-04T20:30:19.373Z,backend,"Collecting rsa!=4.1.1,!=4.4,<5.0,>=4.0 (from python-jose==3.5.0->python-jose[cryptography]==3.5.0->-r requirements.txt (line 13))"
2026-07-04T20:30:19.373Z,backend,"Collecting rsa!=4.1.1,!=4.4,<5.0,>=4.0 (from python-jose==3.5.0->python-jose[cryptography]==3.5.0->-r requirements.txt (line 13))"
2026-07-04T20:30:19.391Z,backend,Downloading rsa-4.9.1-py3-none-any.whl.metadata (5.6 kB)
2026-07-04T20:30:19.391Z,backend,Downloading rsa-4.9.1-py3-none-any.whl.metadata (5.6 kB)
2026-07-04T20:30:19.391Z,backend,Downloading rsa-4.9.1-py3-none-any.whl.metadata (5.6 kB)
2026-07-04T20:30:19.435Z,backend,Collecting pyasn1>=0.5.0 (from python-jose==3.5.0->python-jose[cryptography]==3.5.0->-r requirements.txt (line 13))
2026-07-04T20:30:19.435Z,backend,Collecting pyasn1>=0.5.0 (from python-jose==3.5.0->python-jose[cryptography]==3.5.0->-r requirements.txt (line 13))
2026-07-04T20:30:19.435Z,backend,Collecting pyasn1>=0.5.0 (from python-jose==3.5.0->python-jose[cryptography]==3.5.0->-r requirements.txt (line 13))
2026-07-04T20:30:19.455Z,backend,Downloading pyasn1-0.6.3-py3-none-any.whl.metadata (8.4 kB)
2026-07-04T20:30:19.455Z,backend,Downloading pyasn1-0.6.3-py3-none-any.whl.metadata (8.4 kB)
2026-07-04T20:30:19.455Z,backend,Downloading pyasn1-0.6.3-py3-none-any.whl.metadata (8.4 kB)
2026-07-04T20:30:19.508Z,backend,"Collecting billiard<5.0,>=4.2.0 (from celery==5.4.0->celery[redis]==5.4.0->-r requirements.txt (line 16))"
2026-07-04T20:30:19.508Z,backend,"Collecting billiard<5.0,>=4.2.0 (from celery==5.4.0->celery[redis]==5.4.0->-r requirements.txt (line 16))"
2026-07-04T20:30:19.508Z,backend,"Collecting billiard<5.0,>=4.2.0 (from celery==5.4.0->celery[redis]==5.4.0->-r requirements.txt (line 16))"
2026-07-04T20:30:19.528Z,backend,Downloading billiard-4.2.4-py3-none-any.whl.metadata (4.8 kB)
2026-07-04T20:30:19.528Z,backend,Downloading billiard-4.2.4-py3-none-any.whl.metadata (4.8 kB)
2026-07-04T20:30:19.528Z,backend,Downloading billiard-4.2.4-py3-none-any.whl.metadata (4.8 kB)
2026-07-04T20:30:19.600Z,backend,"Collecting kombu<6.0,>=5.3.4 (from celery==5.4.0->celery[redis]==5.4.0->-r requirements.txt (line 16))"
2026-07-04T20:30:19.600Z,backend,"Collecting kombu<6.0,>=5.3.4 (from celery==5.4.0->celery[redis]==5.4.0->-r requirements.txt (line 16))"
2026-07-04T20:30:19.600Z,backend,"Collecting kombu<6.0,>=5.3.4 (from celery==5.4.0->celery[redis]==5.4.0->-r requirements.txt (line 16))"
2026-07-04T20:30:19.625Z,backend,Downloading kombu-5.6.2-py3-none-any.whl.metadata (3.5 kB)
2026-07-04T20:30:19.625Z,backend,Downloading kombu-5.6.2-py3-none-any.whl.metadata (3.5 kB)
2026-07-04T20:30:19.625Z,backend,Downloading kombu-5.6.2-py3-none-any.whl.metadata (3.5 kB)
2026-07-04T20:30:19.669Z,backend,"Collecting vine<6.0,>=5.1.0 (from celery==5.4.0->celery[redis]==5.4.0->-r requirements.txt (line 16))"
2026-07-04T20:30:19.669Z,backend,"Collecting vine<6.0,>=5.1.0 (from celery==5.4.0->celery[redis]==5.4.0->-r requirements.txt (line 16))"
2026-07-04T20:30:19.669Z,backend,"Collecting vine<6.0,>=5.1.0 (from celery==5.4.0->celery[redis]==5.4.0->-r requirements.txt (line 16))"
2026-07-04T20:30:19.694Z,backend,Downloading vine-5.1.0-py3-none-any.whl.metadata (2.7 kB)
2026-07-04T20:30:19.694Z,backend,Downloading vine-5.1.0-py3-none-any.whl.metadata (2.7 kB)
2026-07-04T20:30:19.694Z,backend,Downloading vine-5.1.0-py3-none-any.whl.metadata (2.7 kB)
2026-07-04T20:30:19.735Z,backend,Collecting click-didyoumean>=0.3.0 (from celery==5.4.0->celery[redis]==5.4.0->-r requirements.txt (line 16))
2026-07-04T20:30:19.735Z,backend,Collecting click-didyoumean>=0.3.0 (from celery==5.4.0->celery[redis]==5.4.0->-r requirements.txt (line 16))
2026-07-04T20:30:19.735Z,backend,Collecting click-didyoumean>=0.3.0 (from celery==5.4.0->celery[redis]==5.4.0->-r requirements.txt (line 16))
2026-07-04T20:30:19.754Z,backend,Downloading click_didyoumean-0.3.1-py3-none-any.whl.metadata (3.9 kB)
2026-07-04T20:30:19.754Z,backend,Downloading click_didyoumean-0.3.1-py3-none-any.whl.metadata (3.9 kB)
2026-07-04T20:30:19.754Z,backend,Downloading click_didyoumean-0.3.1-py3-none-any.whl.metadata (3.9 kB)
2026-07-04T20:30:19.789Z,backend,Collecting click-repl>=0.2.0 (from celery==5.4.0->celery[redis]==5.4.0->-r requirements.txt (line 16))
2026-07-04T20:30:19.789Z,backend,Collecting click-repl>=0.2.0 (from celery==5.4.0->celery[redis]==5.4.0->-r requirements.txt (line 16))
2026-07-04T20:30:19.789Z,backend,Collecting click-repl>=0.2.0 (from celery==5.4.0->celery[redis]==5.4.0->-r requirements.txt (line 16))
2026-07-04T20:30:19.809Z,backend,Downloading click_repl-0.3.0-py3-none-any.whl.metadata (3.6 kB)
2026-07-04T20:30:19.809Z,backend,Downloading click_repl-0.3.0-py3-none-any.whl.metadata (3.6 kB)
2026-07-04T20:30:19.809Z,backend,Downloading click_repl-0.3.0-py3-none-any.whl.metadata (3.6 kB)
2026-07-04T20:30:19.861Z,backend,Collecting click-plugins>=1.1.1 (from celery==5.4.0->celery[redis]==5.4.0->-r requirements.txt (line 16))
2026-07-04T20:30:19.861Z,backend,Collecting click-plugins>=1.1.1 (from celery==5.4.0->celery[redis]==5.4.0->-r requirements.txt (line 16))
2026-07-04T20:30:19.861Z,backend,Collecting click-plugins>=1.1.1 (from celery==5.4.0->celery[redis]==5.4.0->-r requirements.txt (line 16))
2026-07-04T20:30:19.892Z,backend,Downloading click_plugins-1.1.1.2-py2.py3-none-any.whl.metadata (6.5 kB)
2026-07-04T20:30:19.892Z,backend,Downloading click_plugins-1.1.1.2-py2.py3-none-any.whl.metadata (6.5 kB)
2026-07-04T20:30:19.892Z,backend,Downloading click_plugins-1.1.1.2-py2.py3-none-any.whl.metadata (6.5 kB)
2026-07-04T20:30:19.937Z,backend,Collecting tzdata>=2022.7 (from celery==5.4.0->celery[redis]==5.4.0->-r requirements.txt (line 16))
2026-07-04T20:30:19.937Z,backend,Collecting tzdata>=2022.7 (from celery==5.4.0->celery[redis]==5.4.0->-r requirements.txt (line 16))
2026-07-04T20:30:19.937Z,backend,Collecting tzdata>=2022.7 (from celery==5.4.0->celery[redis]==5.4.0->-r requirements.txt (line 16))
2026-07-04T20:30:19.961Z,backend,Downloading tzdata-2026.2-py2.py3-none-any.whl.metadata (1.4 kB)
2026-07-04T20:30:19.961Z,backend,Downloading tzdata-2026.2-py2.py3-none-any.whl.metadata (1.4 kB)
2026-07-04T20:30:19.961Z,backend,Downloading tzdata-2026.2-py2.py3-none-any.whl.metadata (1.4 kB)
2026-07-04T20:30:19.998Z,backend,Collecting python-dateutil>=2.8.2 (from celery==5.4.0->celery[redis]==5.4.0->-r requirements.txt (line 16))
2026-07-04T20:30:19.998Z,backend,Collecting python-dateutil>=2.8.2 (from celery==5.4.0->celery[redis]==5.4.0->-r requirements.txt (line 16))
2026-07-04T20:30:19.998Z,backend,Collecting python-dateutil>=2.8.2 (from celery==5.4.0->celery[redis]==5.4.0->-r requirements.txt (line 16))
2026-07-04T20:30:20.017Z,backend,Downloading python_dateutil-2.9.0.post0-py2.py3-none-any.whl.metadata (8.4 kB)
2026-07-04T20:30:20.017Z,backend,Downloading python_dateutil-2.9.0.post0-py2.py3-none-any.whl.metadata (8.4 kB)
2026-07-04T20:30:20.017Z,backend,Downloading python_dateutil-2.9.0.post0-py2.py3-none-any.whl.metadata (8.4 kB)
2026-07-04T20:30:20.075Z,backend,Collecting requests>=2.20 (from stripe==11.4.1->-r requirements.txt (line 17))
2026-07-04T20:30:20.075Z,backend,Collecting requests>=2.20 (from stripe==11.4.1->-r requirements.txt (line 17))
2026-07-04T20:30:20.075Z,backend,Collecting requests>=2.20 (from stripe==11.4.1->-r requirements.txt (line 17))
2026-07-04T20:30:20.098Z,backend,Downloading requests-2.34.2-py3-none-any.whl.metadata (4.8 kB)
2026-07-04T20:30:20.098Z,backend,Downloading requests-2.34.2-py3-none-any.whl.metadata (4.8 kB)
2026-07-04T20:30:20.098Z,backend,Downloading requests-2.34.2-py3-none-any.whl.metadata (4.8 kB)
2026-07-04T20:30:20.335Z,backend,Collecting cryptography (from authlib==1.6.5->-r requirements.txt (line 18))
2026-07-04T20:30:20.335Z,backend,Collecting cryptography (from authlib==1.6.5->-r requirements.txt (line 18))
2026-07-04T20:30:20.335Z,backend,Collecting cryptography (from authlib==1.6.5->-r requirements.txt (line 18))
2026-07-04T20:30:20.354Z,backend,Downloading cryptography-49.0.0-cp311-abi3-manylinux_2_34_x86_64.whl.metadata (4.3 kB)
2026-07-04T20:30:20.354Z,backend,Downloading cryptography-49.0.0-cp311-abi3-manylinux_2_34_x86_64.whl.metadata (4.3 kB)
2026-07-04T20:30:20.354Z,backend,Downloading cryptography-49.0.0-cp311-abi3-manylinux_2_34_x86_64.whl.metadata (4.3 kB)
2026-07-04T20:30:20.401Z,backend,"Collecting distro<2,>=1.7.0 (from anthropic==0.116.0->-r requirements.txt (line 20))"
2026-07-04T20:30:20.401Z,backend,"Collecting distro<2,>=1.7.0 (from anthropic==0.116.0->-r requirements.txt (line 20))"
2026-07-04T20:30:20.401Z,backend,"Collecting distro<2,>=1.7.0 (from anthropic==0.116.0->-r requirements.txt (line 20))"
2026-07-04T20:30:20.424Z,backend,Downloading distro-1.9.0-py3-none-any.whl.metadata (6.8 kB)
2026-07-04T20:30:20.424Z,backend,Downloading distro-1.9.0-py3-none-any.whl.metadata (6.8 kB)
2026-07-04T20:30:20.424Z,backend,Downloading distro-1.9.0-py3-none-any.whl.metadata (6.8 kB)
2026-07-04T20:30:20.460Z,backend,"Collecting docstring-parser<1,>=0.15 (from anthropic==0.116.0->-r requirements.txt (line 20))"
2026-07-04T20:30:20.460Z,backend,"Collecting docstring-parser<1,>=0.15 (from anthropic==0.116.0->-r requirements.txt (line 20))"
2026-07-04T20:30:20.460Z,backend,"Collecting docstring-parser<1,>=0.15 (from anthropic==0.116.0->-r requirements.txt (line 20))"
2026-07-04T20:30:20.482Z,backend,Downloading docstring_parser-0.18.0-py3-none-any.whl.metadata (3.5 kB)
2026-07-04T20:30:20.482Z,backend,Downloading docstring_parser-0.18.0-py3-none-any.whl.metadata (3.5 kB)
2026-07-04T20:30:20.482Z,backend,Downloading docstring_parser-0.18.0-py3-none-any.whl.metadata (3.5 kB)
2026-07-04T20:30:20.602Z,backend,"Collecting jiter<1,>=0.4.0 (from anthropic==0.116.0->-r requirements.txt (line 20))"
2026-07-04T20:30:20.602Z,backend,"Collecting jiter<1,>=0.4.0 (from anthropic==0.116.0->-r requirements.txt (line 20))"
2026-07-04T20:30:20.602Z,backend,"Collecting jiter<1,>=0.4.0 (from anthropic==0.116.0->-r requirements.txt (line 20))"
2026-07-04T20:30:20.620Z,backend,Downloading jiter-0.16.0-cp312-cp312-manylinux_2_17_x86_64.manylinux2014_x86_64.whl.metadata (5.2 kB)
2026-07-04T20:30:20.620Z,backend,Downloading jiter-0.16.0-cp312-cp312-manylinux_2_17_x86_64.manylinux2014_x86_64.whl.metadata (5.2 kB)
2026-07-04T20:30:20.620Z,backend,Downloading jiter-0.16.0-cp312-cp312-manylinux_2_17_x86_64.manylinux2014_x86_64.whl.metadata (5.2 kB)
2026-07-04T20:30:20.720Z,backend,Collecting sniffio (from anthropic==0.116.0->-r requirements.txt (line 20))
2026-07-04T20:30:20.720Z,backend,Collecting sniffio (from anthropic==0.116.0->-r requirements.txt (line 20))
2026-07-04T20:30:20.720Z,backend,Collecting sniffio (from anthropic==0.116.0->-r requirements.txt (line 20))
2026-07-04T20:30:20.740Z,backend,Downloading sniffio-1.3.1-py3-none-any.whl.metadata (3.9 kB)
2026-07-04T20:30:20.740Z,backend,Downloading sniffio-1.3.1-py3-none-any.whl.metadata (3.9 kB)
2026-07-04T20:30:20.740Z,backend,Downloading sniffio-1.3.1-py3-none-any.whl.metadata (3.9 kB)
2026-07-04T20:30:20.806Z,backend,"Collecting argon2-cffi<26,>=23.1.0 (from pwdlib[argon2,bcrypt]==0.3.0->-r requirements.txt (line 14))"
2026-07-04T20:30:20.806Z,backend,"Collecting argon2-cffi<26,>=23.1.0 (from pwdlib[argon2,bcrypt]==0.3.0->-r requirements.txt (line 14))"
2026-07-04T20:30:20.806Z,backend,"Collecting argon2-cffi<26,>=23.1.0 (from pwdlib[argon2,bcrypt]==0.3.0->-r requirements.txt (line 14))"
2026-07-04T20:30:20.828Z,backend,Downloading argon2_cffi-25.1.0-py3-none-any.whl.metadata (4.1 kB)
2026-07-04T20:30:20.828Z,backend,Downloading argon2_cffi-25.1.0-py3-none-any.whl.metadata (4.1 kB)
2026-07-04T20:30:20.828Z,backend,Downloading argon2_cffi-25.1.0-py3-none-any.whl.metadata (4.1 kB)
2026-07-04T20:30:20.902Z,backend,"Collecting bcrypt<6,>=4.1.2 (from pwdlib[argon2,bcrypt]==0.3.0->-r requirements.txt (line 14))"
2026-07-04T20:30:20.902Z,backend,"Collecting bcrypt<6,>=4.1.2 (from pwdlib[argon2,bcrypt]==0.3.0->-r requirements.txt (line 14))"
2026-07-04T20:30:20.902Z,backend,"Collecting bcrypt<6,>=4.1.2 (from pwdlib[argon2,bcrypt]==0.3.0->-r requirements.txt (line 14))"
2026-07-04T20:30:20.932Z,backend,Downloading bcrypt-5.0.0-cp39-abi3-manylinux_2_34_x86_64.whl.metadata (10 kB)
2026-07-04T20:30:20.932Z,backend,Downloading bcrypt-5.0.0-cp39-abi3-manylinux_2_34_x86_64.whl.metadata (10 kB)
2026-07-04T20:30:20.932Z,backend,Downloading bcrypt-5.0.0-cp39-abi3-manylinux_2_34_x86_64.whl.metadata (10 kB)
2026-07-04T20:30:20.971Z,backend,Collecting email-validator>=2.0.0 (from pydantic[email]==2.12.5->-r requirements.txt (line 7))
2026-07-04T20:30:20.971Z,backend,Collecting email-validator>=2.0.0 (from pydantic[email]==2.12.5->-r requirements.txt (line 7))
2026-07-04T20:30:20.971Z,backend,Collecting email-validator>=2.0.0 (from pydantic[email]==2.12.5->-r requirements.txt (line 7))
2026-07-04T20:30:20.993Z,backend,Downloading email_validator-2.3.0-py3-none-any.whl.metadata (26 kB)
2026-07-04T20:30:20.993Z,backend,Downloading email_validator-2.3.0-py3-none-any.whl.metadata (26 kB)
2026-07-04T20:30:20.993Z,backend,Downloading email_validator-2.3.0-py3-none-any.whl.metadata (26 kB)
2026-07-04T20:30:21.071Z,backend,Collecting httptools>=0.6.3 (from uvicorn[standard]==0.38.0->-r requirements.txt (line 2))
2026-07-04T20:30:21.071Z,backend,Collecting httptools>=0.6.3 (from uvicorn[standard]==0.38.0->-r requirements.txt (line 2))
2026-07-04T20:30:21.071Z,backend,Collecting httptools>=0.6.3 (from uvicorn[standard]==0.38.0->-r requirements.txt (line 2))
2026-07-04T20:30:21.089Z,backend,Downloading httptools-0.8.0-cp312-cp312-manylinux1_x86_64.manylinux_2_28_x86_64.manylinux_2_5_x86_64.whl.metadata (3.5 kB)
2026-07-04T20:30:21.089Z,backend,Downloading httptools-0.8.0-cp312-cp312-manylinux1_x86_64.manylinux_2_28_x86_64.manylinux_2_5_x86_64.whl.metadata (3.5 kB)
2026-07-04T20:30:21.089Z,backend,Downloading httptools-0.8.0-cp312-cp312-manylinux1_x86_64.manylinux_2_28_x86_64.manylinux_2_5_x86_64.whl.metadata (3.5 kB)
2026-07-04T20:30:21.194Z,backend,Collecting pyyaml>=5.1 (from uvicorn[standard]==0.38.0->-r requirements.txt (line 2))
2026-07-04T20:30:21.194Z,backend,Collecting pyyaml>=5.1 (from uvicorn[standard]==0.38.0->-r requirements.txt (line 2))
2026-07-04T20:30:21.194Z,backend,Collecting pyyaml>=5.1 (from uvicorn[standard]==0.38.0->-r requirements.txt (line 2))
2026-07-04T20:30:21.214Z,backend,Downloading pyyaml-6.0.3-cp312-cp312-manylinux2014_x86_64.manylinux_2_17_x86_64.manylinux_2_28_x86_64.whl.metadata (2.4 kB)
2026-07-04T20:30:21.214Z,backend,Downloading pyyaml-6.0.3-cp312-cp312-manylinux2014_x86_64.manylinux_2_17_x86_64.manylinux_2_28_x86_64.whl.metadata (2.4 kB)
2026-07-04T20:30:21.214Z,backend,Downloading pyyaml-6.0.3-cp312-cp312-manylinux2014_x86_64.manylinux_2_17_x86_64.manylinux_2_28_x86_64.whl.metadata (2.4 kB)
2026-07-04T20:30:21.268Z,backend,Collecting uvloop>=0.15.1 (from uvicorn[standard]==0.38.0->-r requirements.txt (line 2))
2026-07-04T20:30:21.268Z,backend,Collecting uvloop>=0.15.1 (from uvicorn[standard]==0.38.0->-r requirements.txt (line 2))
2026-07-04T20:30:21.268Z,backend,Collecting uvloop>=0.15.1 (from uvicorn[standard]==0.38.0->-r requirements.txt (line 2))
2026-07-04T20:30:21.288Z,backend,Downloading uvloop-0.22.1-cp312-cp312-manylinux2014_x86_64.manylinux_2_17_x86_64.manylinux_2_28_x86_64.whl.metadata (4.9 kB)
2026-07-04T20:30:21.288Z,backend,Downloading uvloop-0.22.1-cp312-cp312-manylinux2014_x86_64.manylinux_2_17_x86_64.manylinux_2_28_x86_64.whl.metadata (4.9 kB)
2026-07-04T20:30:21.288Z,backend,Downloading uvloop-0.22.1-cp312-cp312-manylinux2014_x86_64.manylinux_2_17_x86_64.manylinux_2_28_x86_64.whl.metadata (4.9 kB)
2026-07-04T20:30:21.401Z,backend,Collecting watchfiles>=0.13 (from uvicorn[standard]==0.38.0->-r requirements.txt (line 2))
2026-07-04T20:30:21.401Z,backend,Collecting watchfiles>=0.13 (from uvicorn[standard]==0.38.0->-r requirements.txt (line 2))
2026-07-04T20:30:21.401Z,backend,Collecting watchfiles>=0.13 (from uvicorn[standard]==0.38.0->-r requirements.txt (line 2))
2026-07-04T20:30:21.421Z,backend,Downloading watchfiles-1.2.0-cp312-cp312-manylinux_2_17_x86_64.manylinux2014_x86_64.whl.metadata (4.9 kB)
2026-07-04T20:30:21.421Z,backend,Downloading watchfiles-1.2.0-cp312-cp312-manylinux_2_17_x86_64.manylinux2014_x86_64.whl.metadata (4.9 kB)
2026-07-04T20:30:21.421Z,backend,Downloading watchfiles-1.2.0-cp312-cp312-manylinux_2_17_x86_64.manylinux2014_x86_64.whl.metadata (4.9 kB)
2026-07-04T20:30:21.519Z,backend,Collecting websockets>=10.4 (from uvicorn[standard]==0.38.0->-r requirements.txt (line 2))
2026-07-04T20:30:21.519Z,backend,Collecting websockets>=10.4 (from uvicorn[standard]==0.38.0->-r requirements.txt (line 2))
2026-07-04T20:30:21.519Z,backend,Collecting websockets>=10.4 (from uvicorn[standard]==0.38.0->-r requirements.txt (line 2))
2026-07-04T20:30:21.539Z,backend,Downloading websockets-16.0-cp312-cp312-manylinux1_x86_64.manylinux_2_28_x86_64.manylinux_2_5_x86_64.whl.metadata (6.8 kB)
2026-07-04T20:30:21.539Z,backend,Downloading websockets-16.0-cp312-cp312-manylinux1_x86_64.manylinux_2_28_x86_64.manylinux_2_5_x86_64.whl.metadata (6.8 kB)
2026-07-04T20:30:21.539Z,backend,Downloading websockets-16.0-cp312-cp312-manylinux1_x86_64.manylinux_2_28_x86_64.manylinux_2_5_x86_64.whl.metadata (6.8 kB)
2026-07-04T20:30:21.583Z,backend,"Collecting argon2-cffi-bindings (from argon2-cffi<26,>=23.1.0->pwdlib[argon2,bcrypt]==0.3.0->-r requirements.txt (line 14))"
2026-07-04T20:30:21.583Z,backend,"Collecting argon2-cffi-bindings (from argon2-cffi<26,>=23.1.0->pwdlib[argon2,bcrypt]==0.3.0->-r requirements.txt (line 14))"
2026-07-04T20:30:21.583Z,backend,"Collecting argon2-cffi-bindings (from argon2-cffi<26,>=23.1.0->pwdlib[argon2,bcrypt]==0.3.0->-r requirements.txt (line 14))"
2026-07-04T20:30:21.605Z,backend,Downloading argon2_cffi_bindings-25.1.0-cp39-abi3-manylinux_2_26_x86_64.manylinux_2_28_x86_64.whl.metadata (7.4 kB)
2026-07-04T20:30:21.605Z,backend,Downloading argon2_cffi_bindings-25.1.0-cp39-abi3-manylinux_2_26_x86_64.manylinux_2_28_x86_64.whl.metadata (7.4 kB)
2026-07-04T20:30:21.605Z,backend,Downloading argon2_cffi_bindings-25.1.0-cp39-abi3-manylinux_2_26_x86_64.manylinux_2_28_x86_64.whl.metadata (7.4 kB)
2026-07-04T20:30:21.677Z,backend,Collecting prompt-toolkit>=3.0.36 (from click-repl>=0.2.0->celery==5.4.0->celery[redis]==5.4.0->-r requirements.txt (line 16))
2026-07-04T20:30:21.677Z,backend,Collecting prompt-toolkit>=3.0.36 (from click-repl>=0.2.0->celery==5.4.0->celery[redis]==5.4.0->-r requirements.txt (line 16))
2026-07-04T20:30:21.677Z,backend,Collecting prompt-toolkit>=3.0.36 (from click-repl>=0.2.0->celery==5.4.0->celery[redis]==5.4.0->-r requirements.txt (line 16))
2026-07-04T20:30:21.694Z,backend,Downloading prompt_toolkit-3.0.52-py3-none-any.whl.metadata (6.4 kB)
2026-07-04T20:30:21.694Z,backend,Downloading prompt_toolkit-3.0.52-py3-none-any.whl.metadata (6.4 kB)
2026-07-04T20:30:21.694Z,backend,Downloading prompt_toolkit-3.0.52-py3-none-any.whl.metadata (6.4 kB)
2026-07-04T20:30:21.817Z,backend,Collecting cffi>=2.0.0 (from cryptography->authlib==1.6.5->-r requirements.txt (line 18))
2026-07-04T20:30:21.817Z,backend,Collecting cffi>=2.0.0 (from cryptography->authlib==1.6.5->-r requirements.txt (line 18))
2026-07-04T20:30:21.817Z,backend,Collecting cffi>=2.0.0 (from cryptography->authlib==1.6.5->-r requirements.txt (line 18))
2026-07-04T20:30:21.837Z,backend,Downloading cffi-2.0.0-cp312-cp312-manylinux2014_x86_64.manylinux_2_17_x86_64.whl.metadata (2.6 kB)
2026-07-04T20:30:21.837Z,backend,Downloading cffi-2.0.0-cp312-cp312-manylinux2014_x86_64.manylinux_2_17_x86_64.whl.metadata (2.6 kB)
2026-07-04T20:30:21.837Z,backend,Downloading cffi-2.0.0-cp312-cp312-manylinux2014_x86_64.manylinux_2_17_x86_64.whl.metadata (2.6 kB)
2026-07-04T20:30:21.883Z,backend,Collecting six>=1.9.0 (from ecdsa!=0.15->python-jose==3.5.0->python-jose[cryptography]==3.5.0->-r requirements.txt (line 13))
2026-07-04T20:30:21.883Z,backend,Collecting six>=1.9.0 (from ecdsa!=0.15->python-jose==3.5.0->python-jose[cryptography]==3.5.0->-r requirements.txt (line 13))
2026-07-04T20:30:21.883Z,backend,Collecting six>=1.9.0 (from ecdsa!=0.15->python-jose==3.5.0->python-jose[cryptography]==3.5.0->-r requirements.txt (line 13))
2026-07-04T20:30:21.903Z,backend,Downloading six-1.17.0-py2.py3-none-any.whl.metadata (1.7 kB)
2026-07-04T20:30:21.903Z,backend,Downloading six-1.17.0-py2.py3-none-any.whl.metadata (1.7 kB)
2026-07-04T20:30:21.903Z,backend,Downloading six-1.17.0-py2.py3-none-any.whl.metadata (1.7 kB)
2026-07-04T20:30:21.944Z,backend,Collecting dnspython>=2.0.0 (from email-validator>=2.0.0->pydantic[email]==2.12.5->-r requirements.txt (line 7))
2026-07-04T20:30:21.944Z,backend,Collecting dnspython>=2.0.0 (from email-validator>=2.0.0->pydantic[email]==2.12.5->-r requirements.txt (line 7))
2026-07-04T20:30:21.944Z,backend,Collecting dnspython>=2.0.0 (from email-validator>=2.0.0->pydantic[email]==2.12.5->-r requirements.txt (line 7))
2026-07-04T20:30:21.965Z,backend,Downloading dnspython-2.8.0-py3-none-any.whl.metadata (5.7 kB)
2026-07-04T20:30:21.965Z,backend,Downloading dnspython-2.8.0-py3-none-any.whl.metadata (5.7 kB)
2026-07-04T20:30:21.965Z,backend,Downloading dnspython-2.8.0-py3-none-any.whl.metadata (5.7 kB)
2026-07-04T20:30:22.046Z,backend,"Collecting amqp<6.0.0,>=5.1.1 (from kombu<6.0,>=5.3.4->celery==5.4.0->celery[redis]==5.4.0->-r requirements.txt (line 16))"
2026-07-04T20:30:22.046Z,backend,"Collecting amqp<6.0.0,>=5.1.1 (from kombu<6.0,>=5.3.4->celery==5.4.0->celery[redis]==5.4.0->-r requirements.txt (line 16))"
2026-07-04T20:30:22.046Z,backend,"Collecting amqp<6.0.0,>=5.1.1 (from kombu<6.0,>=5.3.4->celery==5.4.0->celery[redis]==5.4.0->-r requirements.txt (line 16))"
2026-07-04T20:30:22.067Z,backend,Downloading amqp-5.3.1-py3-none-any.whl.metadata (8.9 kB)
2026-07-04T20:30:22.067Z,backend,Downloading amqp-5.3.1-py3-none-any.whl.metadata (8.9 kB)
2026-07-04T20:30:22.067Z,backend,Downloading amqp-5.3.1-py3-none-any.whl.metadata (8.9 kB)
2026-07-04T20:30:22.121Z,backend,"Collecting packaging (from kombu<6.0,>=5.3.4->celery==5.4.0->celery[redis]==5.4.0->-r requirements.txt (line 16))"
2026-07-04T20:30:22.121Z,backend,"Collecting packaging (from kombu<6.0,>=5.3.4->celery==5.4.0->celery[redis]==5.4.0->-r requirements.txt (line 16))"
2026-07-04T20:30:22.121Z,backend,"Collecting packaging (from kombu<6.0,>=5.3.4->celery==5.4.0->celery[redis]==5.4.0->-r requirements.txt (line 16))"
2026-07-04T20:30:22.143Z,backend,Downloading packaging-26.2-py3-none-any.whl.metadata (3.5 kB)
2026-07-04T20:30:22.143Z,backend,Downloading packaging-26.2-py3-none-any.whl.metadata (3.5 kB)
2026-07-04T20:30:22.143Z,backend,Downloading packaging-26.2-py3-none-any.whl.metadata (3.5 kB)
2026-07-04T20:30:22.184Z,backend,Collecting deprecated>=1.2 (from limits>=2.3->slowapi==0.1.9->-r requirements.txt (line 12))
2026-07-04T20:30:22.184Z,backend,Collecting deprecated>=1.2 (from limits>=2.3->slowapi==0.1.9->-r requirements.txt (line 12))
2026-07-04T20:30:22.184Z,backend,Collecting deprecated>=1.2 (from limits>=2.3->slowapi==0.1.9->-r requirements.txt (line 12))
2026-07-04T20:30:22.205Z,backend,Downloading deprecated-1.3.1-py2.py3-none-any.whl.metadata (5.9 kB)
2026-07-04T20:30:22.205Z,backend,Downloading deprecated-1.3.1-py2.py3-none-any.whl.metadata (5.9 kB)
2026-07-04T20:30:22.205Z,backend,Downloading deprecated-1.3.1-py2.py3-none-any.whl.metadata (5.9 kB)
2026-07-04T20:30:22.341Z,backend,"Collecting charset_normalizer<4,>=2 (from requests>=2.20->stripe==11.4.1->-r requirements.txt (line 17))"
2026-07-04T20:30:22.341Z,backend,"Collecting charset_normalizer<4,>=2 (from requests>=2.20->stripe==11.4.1->-r requirements.txt (line 17))"
2026-07-04T20:30:22.341Z,backend,"Collecting charset_normalizer<4,>=2 (from requests>=2.20->stripe==11.4.1->-r requirements.txt (line 17))"
2026-07-04T20:30:22.362Z,backend,Downloading charset_normalizer-3.4.7-cp312-cp312-manylinux2014_x86_64.manylinux_2_17_x86_64.manylinux_2_28_x86_64.whl.metadata (40 kB)
2026-07-04T20:30:22.362Z,backend,Downloading charset_normalizer-3.4.7-cp312-cp312-manylinux2014_x86_64.manylinux_2_17_x86_64.manylinux_2_28_x86_64.whl.metadata (40 kB)
2026-07-04T20:30:22.362Z,backend,Downloading charset_normalizer-3.4.7-cp312-cp312-manylinux2014_x86_64.manylinux_2_17_x86_64.manylinux_2_28_x86_64.whl.metadata (40 kB)
2026-07-04T20:30:22.438Z,backend,"Collecting urllib3<3,>=1.26 (from requests>=2.20->stripe==11.4.1->-r requirements.txt (line 17))"
2026-07-04T20:30:22.438Z,backend,"Collecting urllib3<3,>=1.26 (from requests>=2.20->stripe==11.4.1->-r requirements.txt (line 17))"
2026-07-04T20:30:22.438Z,backend,"Collecting urllib3<3,>=1.26 (from requests>=2.20->stripe==11.4.1->-r requirements.txt (line 17))"
2026-07-04T20:30:22.459Z,backend,Downloading urllib3-2.7.0-py3-none-any.whl.metadata (6.9 kB)
2026-07-04T20:30:22.459Z,backend,Downloading urllib3-2.7.0-py3-none-any.whl.metadata (6.9 kB)
2026-07-04T20:30:22.459Z,backend,Downloading urllib3-2.7.0-py3-none-any.whl.metadata (6.9 kB)
2026-07-04T20:30:22.614Z,backend,Collecting MarkupSafe>=0.9.2 (from Mako->alembic==1.14.0->-r requirements.txt (line 6))
2026-07-04T20:30:22.614Z,backend,Collecting MarkupSafe>=0.9.2 (from Mako->alembic==1.14.0->-r requirements.txt (line 6))
2026-07-04T20:30:22.614Z,backend,Collecting MarkupSafe>=0.9.2 (from Mako->alembic==1.14.0->-r requirements.txt (line 6))
2026-07-04T20:30:22.641Z,backend,Downloading markupsafe-3.0.3-cp312-cp312-manylinux2014_x86_64.manylinux_2_17_x86_64.manylinux_2_28_x86_64.whl.metadata (2.7 kB)
2026-07-04T20:30:22.641Z,backend,Downloading markupsafe-3.0.3-cp312-cp312-manylinux2014_x86_64.manylinux_2_17_x86_64.manylinux_2_28_x86_64.whl.metadata (2.7 kB)
2026-07-04T20:30:22.641Z,backend,Downloading markupsafe-3.0.3-cp312-cp312-manylinux2014_x86_64.manylinux_2_17_x86_64.manylinux_2_28_x86_64.whl.metadata (2.7 kB)
2026-07-04T20:30:22.683Z,backend,Collecting pycparser (from cffi>=2.0.0->cryptography->authlib==1.6.5->-r requirements.txt (line 18))
2026-07-04T20:30:22.683Z,backend,Collecting pycparser (from cffi>=2.0.0->cryptography->authlib==1.6.5->-r requirements.txt (line 18))
2026-07-04T20:30:22.683Z,backend,Collecting pycparser (from cffi>=2.0.0->cryptography->authlib==1.6.5->-r requirements.txt (line 18))
2026-07-04T20:30:22.701Z,backend,Downloading pycparser-3.0-py3-none-any.whl.metadata (8.2 kB)
2026-07-04T20:30:22.701Z,backend,Downloading pycparser-3.0-py3-none-any.whl.metadata (8.2 kB)
2026-07-04T20:30:22.701Z,backend,Downloading pycparser-3.0-py3-none-any.whl.metadata (8.2 kB)
2026-07-04T20:30:23.139Z,backend,"Collecting wrapt<3,>=1.10 (from deprecated>=1.2->limits>=2.3->slowapi==0.1.9->-r requirements.txt (line 12))"
2026-07-04T20:30:23.139Z,backend,"Collecting wrapt<3,>=1.10 (from deprecated>=1.2->limits>=2.3->slowapi==0.1.9->-r requirements.txt (line 12))"
2026-07-04T20:30:23.139Z,backend,"Collecting wrapt<3,>=1.10 (from deprecated>=1.2->limits>=2.3->slowapi==0.1.9->-r requirements.txt (line 12))"
2026-07-04T20:30:23.157Z,backend,Downloading wrapt-2.2.2-cp312-cp312-manylinux1_x86_64.manylinux_2_28_x86_64.manylinux_2_5_x86_64.whl.metadata (7.4 kB)
2026-07-04T20:30:23.157Z,backend,Downloading wrapt-2.2.2-cp312-cp312-manylinux1_x86_64.manylinux_2_28_x86_64.manylinux_2_5_x86_64.whl.metadata (7.4 kB)
2026-07-04T20:30:23.157Z,backend,Downloading wrapt-2.2.2-cp312-cp312-manylinux1_x86_64.manylinux_2_28_x86_64.manylinux_2_5_x86_64.whl.metadata (7.4 kB)
2026-07-04T20:30:23.208Z,backend,Collecting wcwidth (from prompt-toolkit>=3.0.36->click-repl>=0.2.0->celery==5.4.0->celery[redis]==5.4.0->-r requirements.txt (line 16))
2026-07-04T20:30:23.208Z,backend,Collecting wcwidth (from prompt-toolkit>=3.0.36->click-repl>=0.2.0->celery==5.4.0->celery[redis]==5.4.0->-r requirements.txt (line 16))
2026-07-04T20:30:23.208Z,backend,Collecting wcwidth (from prompt-toolkit>=3.0.36->click-repl>=0.2.0->celery==5.4.0->celery[redis]==5.4.0->-r requirements.txt (line 16))
2026-07-04T20:30:23.227Z,backend,Downloading wcwidth-0.8.2-py3-none-any.whl.metadata (43 kB)
2026-07-04T20:30:23.227Z,backend,Downloading wcwidth-0.8.2-py3-none-any.whl.metadata (43 kB)
2026-07-04T20:30:23.227Z,backend,Downloading wcwidth-0.8.2-py3-none-any.whl.metadata (43 kB)
2026-07-04T20:30:23.279Z,backend,Downloading fastapi-0.122.0-py3-none-any.whl (110 kB)
2026-07-04T20:30:23.279Z,backend,Downloading fastapi-0.122.0-py3-none-any.whl (110 kB)
2026-07-04T20:30:23.279Z,backend,Downloading fastapi-0.122.0-py3-none-any.whl (110 kB)
2026-07-04T20:30:23.310Z,backend,Downloading uvicorn-0.38.0-py3-none-any.whl (68 kB)
2026-07-04T20:30:23.310Z,backend,Downloading uvicorn-0.38.0-py3-none-any.whl (68 kB)
2026-07-04T20:30:23.310Z,backend,Downloading uvicorn-0.38.0-py3-none-any.whl (68 kB)
2026-07-04T20:30:23.334Z,backend,Downloading sqlalchemy-2.0.44-cp312-cp312-manylinux_2_17_x86_64.manylinux2014_x86_64.whl (3.3 MB)
2026-07-04T20:30:23.334Z,backend,Downloading sqlalchemy-2.0.44-cp312-cp312-manylinux_2_17_x86_64.manylinux2014_x86_64.whl (3.3 MB)
2026-07-04T20:30:23.334Z,backend,Downloading sqlalchemy-2.0.44-cp312-cp312-manylinux_2_17_x86_64.manylinux2014_x86_64.whl (3.3 MB)
2026-07-04T20:30:23.544Z,backend,━━━━━━━━━━━━━━━━━━━━━━━━━━━━━━━━━━━━━━━━ 3.3/3.3 MB 17.2 MB/s eta 0:00:00
2026-07-04T20:30:23.544Z,backend,
2026-07-04T20:30:23.544Z,backend,━━━━━━━━━━━━━━━━━━━━━━━━━━━━━━━━━━━━━━━━ 3.3/3.3 MB 17.2 MB/s eta 0:00:00
2026-07-04T20:30:23.544Z,backend,
2026-07-04T20:30:23.544Z,backend,━━━━━━━━━━━━━━━━━━━━━━━━━━━━━━━━━━━━━━━━ 3.3/3.3 MB 17.2 MB/s eta 0:00:00
2026-07-04T20:30:23.544Z,backend,
2026-07-04T20:30:23.572Z,backend,Downloading asyncpg-0.30.0-cp312-cp312-manylinux_2_17_x86_64.manylinux2014_x86_64.whl (3.6 MB)
2026-07-04T20:30:23.572Z,backend,Downloading asyncpg-0.30.0-cp312-cp312-manylinux_2_17_x86_64.manylinux2014_x86_64.whl (3.6 MB)
2026-07-04T20:30:23.572Z,backend,Downloading asyncpg-0.30.0-cp312-cp312-manylinux_2_17_x86_64.manylinux2014_x86_64.whl (3.6 MB)
2026-07-04T20:30:23.754Z,backend,━━━━━━━━━━━━━━━━━━━━━━━━━━━━━━━━━━━━━━━━ 3.6/3.6 MB 22.2 MB/s eta 0:00:00
2026-07-04T20:30:23.754Z,backend,━━━━━━━━━━━━━━━━━━━━━━━━━━━━━━━━━━━━━━━━ 3.6/3.6 MB 22.2 MB/s eta 0:00:00
2026-07-04T20:30:23.754Z,backend,━━━━━━━━━━━━━━━━━━━━━━━━━━━━━━━━━━━━━━━━ 3.6/3.6 MB 22.2 MB/s eta 0:00:00
2026-07-04T20:30:23.755Z,backend,
2026-07-04T20:30:23.755Z,backend,
2026-07-04T20:30:23.755Z,backend,
2026-07-04T20:30:23.777Z,backend,Downloading psycopg2_binary-2.9.10-cp312-cp312-manylinux_2_17_x86_64.manylinux2014_x86_64.whl (3.0 MB)
2026-07-04T20:30:23.777Z,backend,Downloading psycopg2_binary-2.9.10-cp312-cp312-manylinux_2_17_x86_64.manylinux2014_x86_64.whl (3.0 MB)
2026-07-04T20:30:23.777Z,backend,Downloading psycopg2_binary-2.9.10-cp312-cp312-manylinux_2_17_x86_64.manylinux2014_x86_64.whl (3.0 MB)
2026-07-04T20:30:23.911Z,backend,━━━━━━━━━━━━━━━━━━━━━━━━━━━━━━━━━━━━━━━━ 3.0/3.0 MB 23.8 MB/s eta 0:00:00
2026-07-04T20:30:23.911Z,backend,
2026-07-04T20:30:23.911Z,backend,━━━━━━━━━━━━━━━━━━━━━━━━━━━━━━━━━━━━━━━━ 3.0/3.0 MB 23.8 MB/s eta 0:00:00
2026-07-04T20:30:23.911Z,backend,
2026-07-04T20:30:23.911Z,backend,━━━━━━━━━━━━━━━━━━━━━━━━━━━━━━━━━━━━━━━━ 3.0/3.0 MB 23.8 MB/s eta 0:00:00
2026-07-04T20:30:23.911Z,backend,
2026-07-04T20:30:23.935Z,backend,Downloading alembic-1.14.0-py3-none-any.whl (233 kB)
2026-07-04T20:30:23.935Z,backend,Downloading alembic-1.14.0-py3-none-any.whl (233 kB)
2026-07-04T20:30:23.935Z,backend,Downloading alembic-1.14.0-py3-none-any.whl (233 kB)
2026-07-04T20:30:23.963Z,backend,Downloading pydantic-2.12.5-py3-none-any.whl (463 kB)
2026-07-04T20:30:23.963Z,backend,Downloading pydantic-2.12.5-py3-none-any.whl (463 kB)
2026-07-04T20:30:23.963Z,backend,Downloading pydantic-2.12.5-py3-none-any.whl (463 kB)
2026-07-04T20:30:24.016Z,backend,Downloading pydantic_settings-2.7.0-py3-none-any.whl (29 kB)
2026-07-04T20:30:24.016Z,backend,Downloading pydantic_settings-2.7.0-py3-none-any.whl (29 kB)
2026-07-04T20:30:24.016Z,backend,Downloading pydantic_settings-2.7.0-py3-none-any.whl (29 kB)
2026-07-04T20:30:24.037Z,backend,Downloading python_dotenv-1.2.1-py3-none-any.whl (21 kB)
2026-07-04T20:30:24.037Z,backend,Downloading python_dotenv-1.2.1-py3-none-any.whl (21 kB)
2026-07-04T20:30:24.037Z,backend,Downloading python_dotenv-1.2.1-py3-none-any.whl (21 kB)
2026-07-04T20:30:24.058Z,backend,Downloading beautifulsoup4-4.14.2-py3-none-any.whl (106 kB)
2026-07-04T20:30:24.058Z,backend,Downloading beautifulsoup4-4.14.2-py3-none-any.whl (106 kB)
2026-07-04T20:30:24.058Z,backend,Downloading beautifulsoup4-4.14.2-py3-none-any.whl (106 kB)
2026-07-04T20:30:24.084Z,backend,Downloading httpx-0.28.1-py3-none-any.whl (73 kB)
2026-07-04T20:30:24.084Z,backend,Downloading httpx-0.28.1-py3-none-any.whl (73 kB)
2026-07-04T20:30:24.084Z,backend,Downloading httpx-0.28.1-py3-none-any.whl (73 kB)
2026-07-04T20:30:24.104Z,backend,Downloading slowapi-0.1.9-py3-none-any.whl (14 kB)
2026-07-04T20:30:24.104Z,backend,Downloading slowapi-0.1.9-py3-none-any.whl (14 kB)
2026-07-04T20:30:24.104Z,backend,Downloading slowapi-0.1.9-py3-none-any.whl (14 kB)
2026-07-04T20:30:24.121Z,backend,Downloading python_jose-3.5.0-py2.py3-none-any.whl (34 kB)
2026-07-04T20:30:24.121Z,backend,Downloading python_jose-3.5.0-py2.py3-none-any.whl (34 kB)
2026-07-04T20:30:24.121Z,backend,Downloading python_jose-3.5.0-py2.py3-none-any.whl (34 kB)
2026-07-04T20:30:24.142Z,backend,Downloading pwdlib-0.3.0-py3-none-any.whl (8.6 kB)
2026-07-04T20:30:24.142Z,backend,Downloading pwdlib-0.3.0-py3-none-any.whl (8.6 kB)
2026-07-04T20:30:24.142Z,backend,Downloading pwdlib-0.3.0-py3-none-any.whl (8.6 kB)
2026-07-04T20:30:24.164Z,backend,Downloading redis-5.2.1-py3-none-any.whl (261 kB)
2026-07-04T20:30:24.164Z,backend,Downloading redis-5.2.1-py3-none-any.whl (261 kB)
2026-07-04T20:30:24.164Z,backend,Downloading redis-5.2.1-py3-none-any.whl (261 kB)
2026-07-04T20:30:24.204Z,backend,Downloading celery-5.4.0-py3-none-any.whl (425 kB)
2026-07-04T20:30:24.204Z,backend,Downloading celery-5.4.0-py3-none-any.whl (425 kB)
2026-07-04T20:30:24.204Z,backend,Downloading celery-5.4.0-py3-none-any.whl (425 kB)
2026-07-04T20:30:24.244Z,backend,Downloading stripe-11.4.1-py2.py3-none-any.whl (1.6 MB)
2026-07-04T20:30:24.244Z,backend,Downloading stripe-11.4.1-py2.py3-none-any.whl (1.6 MB)
2026-07-04T20:30:24.244Z,backend,Downloading stripe-11.4.1-py2.py3-none-any.whl (1.6 MB)
2026-07-04T20:30:24.322Z,backend,━━━━━━━━━━━━━━━━━━━━━━━━━━━━━━━━━━━━━━━━ 1.6/1.6 MB 25.1 MB/s eta 0:00:00
2026-07-04T20:30:24.322Z,backend,
2026-07-04T20:30:24.322Z,backend,━━━━━━━━━━━━━━━━━━━━━━━━━━━━━━━━━━━━━━━━ 1.6/1.6 MB 25.1 MB/s eta 0:00:00
2026-07-04T20:30:24.322Z,backend,
2026-07-04T20:30:24.322Z,backend,━━━━━━━━━━━━━━━━━━━━━━━━━━━━━━━━━━━━━━━━ 1.6/1.6 MB 25.1 MB/s eta 0:00:00
2026-07-04T20:30:24.322Z,backend,
2026-07-04T20:30:24.347Z,backend,Downloading authlib-1.6.5-py2.py3-none-any.whl (243 kB)
2026-07-04T20:30:24.347Z,backend,Downloading authlib-1.6.5-py2.py3-none-any.whl (243 kB)
2026-07-04T20:30:24.347Z,backend,Downloading authlib-1.6.5-py2.py3-none-any.whl (243 kB)
2026-07-04T20:30:24.376Z,backend,Downloading itsdangerous-2.2.0-py3-none-any.whl (16 kB)
2026-07-04T20:30:24.376Z,backend,Downloading itsdangerous-2.2.0-py3-none-any.whl (16 kB)
2026-07-04T20:30:24.376Z,backend,Downloading itsdangerous-2.2.0-py3-none-any.whl (16 kB)
2026-07-04T20:30:24.395Z,backend,Downloading anthropic-0.116.0-py3-none-any.whl (956 kB)
2026-07-04T20:30:24.395Z,backend,Downloading anthropic-0.116.0-py3-none-any.whl (956 kB)
2026-07-04T20:30:24.395Z,backend,Downloading anthropic-0.116.0-py3-none-any.whl (956 kB)
2026-07-04T20:30:24.439Z,backend,━━━━━━━━━━━━━━━━━━━━━━━━━━━━━━━━━━━━━━━━ 956.9/956.9 kB 27.0 MB/s eta 0:00:00
2026-07-04T20:30:24.439Z,backend,━━━━━━━━━━━━━━━━━━━━━━━━━━━━━━━━━━━━━━━━ 956.9/956.9 kB 27.0 MB/s eta 0:00:00
2026-07-04T20:30:24.439Z,backend,━━━━━━━━━━━━━━━━━━━━━━━━━━━━━━━━━━━━━━━━ 956.9/956.9 kB 27.0 MB/s eta 0:00:00
2026-07-04T20:30:24.440Z,backend,
2026-07-04T20:30:24.440Z,backend,
2026-07-04T20:30:24.440Z,backend,
2026-07-04T20:30:24.457Z,backend,Downloading httpcore-1.0.9-py3-none-any.whl (78 kB)
2026-07-04T20:30:24.457Z,backend,Downloading httpcore-1.0.9-py3-none-any.whl (78 kB)
2026-07-04T20:30:24.457Z,backend,Downloading httpcore-1.0.9-py3-none-any.whl (78 kB)
2026-07-04T20:30:24.482Z,backend,Downloading pydantic_core-2.41.5-cp312-cp312-manylinux_2_17_x86_64.manylinux2014_x86_64.whl (2.1 MB)
2026-07-04T20:30:24.482Z,backend,Downloading pydantic_core-2.41.5-cp312-cp312-manylinux_2_17_x86_64.manylinux2014_x86_64.whl (2.1 MB)
2026-07-04T20:30:24.482Z,backend,Downloading pydantic_core-2.41.5-cp312-cp312-manylinux_2_17_x86_64.manylinux2014_x86_64.whl (2.1 MB)
2026-07-04T20:30:24.590Z,backend,━━━━━━━━━━━━━━━━━━━━━━━━━━━━━━━━━━━━━━━━ 2.1/2.1 MB 22.0 MB/s eta 0:00:00
2026-07-04T20:30:24.590Z,backend,
2026-07-04T20:30:24.590Z,backend,━━━━━━━━━━━━━━━━━━━━━━━━━━━━━━━━━━━━━━━━ 2.1/2.1 MB 22.0 MB/s eta 0:00:00
2026-07-04T20:30:24.590Z,backend,
2026-07-04T20:30:24.590Z,backend,━━━━━━━━━━━━━━━━━━━━━━━━━━━━━━━━━━━━━━━━ 2.1/2.1 MB 22.0 MB/s eta 0:00:00
2026-07-04T20:30:24.590Z,backend,
2026-07-04T20:30:24.606Z,backend,Downloading annotated_doc-0.0.4-py3-none-any.whl (5.3 kB)
2026-07-04T20:30:24.606Z,backend,Downloading annotated_doc-0.0.4-py3-none-any.whl (5.3 kB)
2026-07-04T20:30:24.606Z,backend,Downloading annotated_doc-0.0.4-py3-none-any.whl (5.3 kB)
2026-07-04T20:30:24.623Z,backend,Downloading annotated_types-0.7.0-py3-none-any.whl (13 kB)
2026-07-04T20:30:24.623Z,backend,Downloading annotated_types-0.7.0-py3-none-any.whl (13 kB)
2026-07-04T20:30:24.623Z,backend,Downloading annotated_types-0.7.0-py3-none-any.whl (13 kB)
2026-07-04T20:30:24.642Z,backend,Downloading anyio-4.14.1-py3-none-any.whl (124 kB)
2026-07-04T20:30:24.642Z,backend,Downloading anyio-4.14.1-py3-none-any.whl (124 kB)
2026-07-04T20:30:24.642Z,backend,Downloading anyio-4.14.1-py3-none-any.whl (124 kB)
2026-07-04T20:30:24.669Z,backend,Downloading argon2_cffi-25.1.0-py3-none-any.whl (14 kB)
2026-07-04T20:30:24.669Z,backend,Downloading argon2_cffi-25.1.0-py3-none-any.whl (14 kB)
2026-07-04T20:30:24.669Z,backend,Downloading argon2_cffi-25.1.0-py3-none-any.whl (14 kB)
2026-07-04T20:30:24.694Z,backend,Downloading bcrypt-5.0.0-cp39-abi3-manylinux_2_34_x86_64.whl (278 kB)
2026-07-04T20:30:24.694Z,backend,Downloading bcrypt-5.0.0-cp39-abi3-manylinux_2_34_x86_64.whl (278 kB)
2026-07-04T20:30:24.694Z,backend,Downloading bcrypt-5.0.0-cp39-abi3-manylinux_2_34_x86_64.whl (278 kB)
2026-07-04T20:30:24.731Z,backend,Downloading billiard-4.2.4-py3-none-any.whl (87 kB)
2026-07-04T20:30:24.731Z,backend,Downloading billiard-4.2.4-py3-none-any.whl (87 kB)
2026-07-04T20:30:24.731Z,backend,Downloading billiard-4.2.4-py3-none-any.whl (87 kB)
2026-07-04T20:30:24.750Z,backend,Downloading click-8.4.2-py3-none-any.whl (119 kB)
2026-07-04T20:30:24.750Z,backend,Downloading click-8.4.2-py3-none-any.whl (119 kB)
2026-07-04T20:30:24.750Z,backend,Downloading click-8.4.2-py3-none-any.whl (119 kB)
2026-07-04T20:30:24.787Z,backend,Downloading click_didyoumean-0.3.1-py3-none-any.whl (3.6 kB)
2026-07-04T20:30:24.787Z,backend,Downloading click_didyoumean-0.3.1-py3-none-any.whl (3.6 kB)
2026-07-04T20:30:24.787Z,backend,Downloading click_didyoumean-0.3.1-py3-none-any.whl (3.6 kB)
2026-07-04T20:30:24.806Z,backend,Downloading click_plugins-1.1.1.2-py2.py3-none-any.whl (11 kB)
2026-07-04T20:30:24.806Z,backend,Downloading click_plugins-1.1.1.2-py2.py3-none-any.whl (11 kB)
2026-07-04T20:30:24.806Z,backend,Downloading click_plugins-1.1.1.2-py2.py3-none-any.whl (11 kB)
2026-07-04T20:30:24.824Z,backend,Downloading click_repl-0.3.0-py3-none-any.whl (10 kB)
2026-07-04T20:30:24.824Z,backend,Downloading click_repl-0.3.0-py3-none-any.whl (10 kB)
2026-07-04T20:30:24.824Z,backend,Downloading click_repl-0.3.0-py3-none-any.whl (10 kB)
2026-07-04T20:30:24.847Z,backend,Downloading cryptography-49.0.0-cp311-abi3-manylinux_2_34_x86_64.whl (4.7 MB)
2026-07-04T20:30:24.847Z,backend,Downloading cryptography-49.0.0-cp311-abi3-manylinux_2_34_x86_64.whl (4.7 MB)
2026-07-04T20:30:24.847Z,backend,Downloading cryptography-49.0.0-cp311-abi3-manylinux_2_34_x86_64.whl (4.7 MB)
2026-07-04T20:30:25.107Z,backend,━━━━━━━━━━━━━━━━━━━━━━━━━━━━━━━━━━━━━━━━ 4.7/4.7 MB 18.7 MB/s eta 0:00:00
2026-07-04T20:30:25.107Z,backend,
2026-07-04T20:30:25.107Z,backend,━━━━━━━━━━━━━━━━━━━━━━━━━━━━━━━━━━━━━━━━ 4.7/4.7 MB 18.7 MB/s eta 0:00:00
2026-07-04T20:30:25.107Z,backend,
2026-07-04T20:30:25.107Z,backend,━━━━━━━━━━━━━━━━━━━━━━━━━━━━━━━━━━━━━━━━ 4.7/4.7 MB 18.7 MB/s eta 0:00:00
2026-07-04T20:30:25.107Z,backend,
2026-07-04T20:30:25.144Z,backend,Downloading distro-1.9.0-py3-none-any.whl (20 kB)
2026-07-04T20:30:25.144Z,backend,Downloading distro-1.9.0-py3-none-any.whl (20 kB)
2026-07-04T20:30:25.144Z,backend,Downloading distro-1.9.0-py3-none-any.whl (20 kB)
2026-07-04T20:30:25.163Z,backend,Downloading docstring_parser-0.18.0-py3-none-any.whl (22 kB)
2026-07-04T20:30:25.163Z,backend,Downloading docstring_parser-0.18.0-py3-none-any.whl (22 kB)
2026-07-04T20:30:25.163Z,backend,Downloading docstring_parser-0.18.0-py3-none-any.whl (22 kB)
2026-07-04T20:30:25.186Z,backend,Downloading ecdsa-0.19.2-py2.py3-none-any.whl (150 kB)
2026-07-04T20:30:25.186Z,backend,Downloading ecdsa-0.19.2-py2.py3-none-any.whl (150 kB)
2026-07-04T20:30:25.186Z,backend,Downloading ecdsa-0.19.2-py2.py3-none-any.whl (150 kB)
2026-07-04T20:30:25.220Z,backend,Downloading email_validator-2.3.0-py3-none-any.whl (35 kB)
2026-07-04T20:30:25.220Z,backend,Downloading email_validator-2.3.0-py3-none-any.whl (35 kB)
2026-07-04T20:30:25.220Z,backend,Downloading email_validator-2.3.0-py3-none-any.whl (35 kB)
2026-07-04T20:30:25.242Z,backend,Downloading greenlet-3.5.3-cp312-cp312-manylinux_2_24_x86_64.manylinux_2_28_x86_64.whl (614 kB)
2026-07-04T20:30:25.242Z,backend,Downloading greenlet-3.5.3-cp312-cp312-manylinux_2_24_x86_64.manylinux_2_28_x86_64.whl (614 kB)
2026-07-04T20:30:25.242Z,backend,Downloading greenlet-3.5.3-cp312-cp312-manylinux_2_24_x86_64.manylinux_2_28_x86_64.whl (614 kB)
2026-07-04T20:30:25.278Z,backend,━━━━━━━━━━━━━━━━━━━━━━━━━━━━━━━━━━━━━━━━ 614.2/614.2 kB 24.5 MB/s eta 0:00:00
2026-07-04T20:30:25.278Z,backend,
2026-07-04T20:30:25.278Z,backend,━━━━━━━━━━━━━━━━━━━━━━━━━━━━━━━━━━━━━━━━ 614.2/614.2 kB 24.5 MB/s eta 0:00:00
2026-07-04T20:30:25.278Z,backend,
2026-07-04T20:30:25.278Z,backend,━━━━━━━━━━━━━━━━━━━━━━━━━━━━━━━━━━━━━━━━ 614.2/614.2 kB 24.5 MB/s eta 0:00:00
2026-07-04T20:30:25.278Z,backend,
2026-07-04T20:30:25.295Z,backend,Downloading h11-0.16.0-py3-none-any.whl (37 kB)
2026-07-04T20:30:25.295Z,backend,Downloading h11-0.16.0-py3-none-any.whl (37 kB)
2026-07-04T20:30:25.295Z,backend,Downloading h11-0.16.0-py3-none-any.whl (37 kB)
2026-07-04T20:30:25.322Z,backend,Downloading httptools-0.8.0-cp312-cp312-manylinux1_x86_64.manylinux_2_28_x86_64.manylinux_2_5_x86_64.whl (523 kB)
2026-07-04T20:30:25.322Z,backend,Downloading httptools-0.8.0-cp312-cp312-manylinux1_x86_64.manylinux_2_28_x86_64.manylinux_2_5_x86_64.whl (523 kB)
2026-07-04T20:30:25.322Z,backend,Downloading httptools-0.8.0-cp312-cp312-manylinux1_x86_64.manylinux_2_28_x86_64.manylinux_2_5_x86_64.whl (523 kB)
2026-07-04T20:30:25.371Z,backend,Downloading idna-3.18-py3-none-any.whl (65 kB)
2026-07-04T20:30:25.371Z,backend,Downloading idna-3.18-py3-none-any.whl (65 kB)
2026-07-04T20:30:25.371Z,backend,Downloading idna-3.18-py3-none-any.whl (65 kB)
2026-07-04T20:30:25.398Z,backend,Downloading jiter-0.16.0-cp312-cp312-manylinux_2_17_x86_64.manylinux2014_x86_64.whl (343 kB)
2026-07-04T20:30:25.398Z,backend,Downloading jiter-0.16.0-cp312-cp312-manylinux_2_17_x86_64.manylinux2014_x86_64.whl (343 kB)
2026-07-04T20:30:25.398Z,backend,Downloading jiter-0.16.0-cp312-cp312-manylinux_2_17_x86_64.manylinux2014_x86_64.whl (343 kB)
2026-07-04T20:30:25.437Z,backend,Downloading kombu-5.6.2-py3-none-any.whl (214 kB)
2026-07-04T20:30:25.437Z,backend,Downloading kombu-5.6.2-py3-none-any.whl (214 kB)
2026-07-04T20:30:25.437Z,backend,Downloading kombu-5.6.2-py3-none-any.whl (214 kB)
2026-07-04T20:30:25.477Z,backend,Downloading vine-5.1.0-py3-none-any.whl (9.6 kB)
2026-07-04T20:30:25.477Z,backend,Downloading vine-5.1.0-py3-none-any.whl (9.6 kB)
2026-07-04T20:30:25.477Z,backend,Downloading vine-5.1.0-py3-none-any.whl (9.6 kB)
2026-07-04T20:30:25.497Z,backend,Downloading limits-5.8.0-py3-none-any.whl (60 kB)
2026-07-04T20:30:25.497Z,backend,Downloading limits-5.8.0-py3-none-any.whl (60 kB)
2026-07-04T20:30:25.497Z,backend,Downloading limits-5.8.0-py3-none-any.whl (60 kB)
2026-07-04T20:30:25.522Z,backend,Downloading pyasn1-0.6.3-py3-none-any.whl (83 kB)
2026-07-04T20:30:25.522Z,backend,Downloading pyasn1-0.6.3-py3-none-any.whl (83 kB)
2026-07-04T20:30:25.522Z,backend,Downloading pyasn1-0.6.3-py3-none-any.whl (83 kB)
2026-07-04T20:30:25.551Z,backend,Downloading python_dateutil-2.9.0.post0-py2.py3-none-any.whl (229 kB)
2026-07-04T20:30:25.551Z,backend,Downloading python_dateutil-2.9.0.post0-py2.py3-none-any.whl (229 kB)
2026-07-04T20:30:25.551Z,backend,Downloading python_dateutil-2.9.0.post0-py2.py3-none-any.whl (229 kB)
2026-07-04T20:30:25.583Z,backend,Downloading pyyaml-6.0.3-cp312-cp312-manylinux2014_x86_64.manylinux_2_17_x86_64.manylinux_2_28_x86_64.whl (807 kB)
2026-07-04T20:30:25.583Z,backend,Downloading pyyaml-6.0.3-cp312-cp312-manylinux2014_x86_64.manylinux_2_17_x86_64.manylinux_2_28_x86_64.whl (807 kB)
2026-07-04T20:30:25.583Z,backend,Downloading pyyaml-6.0.3-cp312-cp312-manylinux2014_x86_64.manylinux_2_17_x86_64.manylinux_2_28_x86_64.whl (807 kB)
2026-07-04T20:30:25.619Z,backend,━━━━━━━━━━━━━━━━━━━━━━━━━━━━━━━━━━━━━━━━ 807.9/807.9 kB 31.1 MB/s eta 0:00:00
2026-07-04T20:30:25.619Z,backend,
2026-07-04T20:30:25.619Z,backend,━━━━━━━━━━━━━━━━━━━━━━━━━━━━━━━━━━━━━━━━ 807.9/807.9 kB 31.1 MB/s eta 0:00:00
2026-07-04T20:30:25.619Z,backend,
2026-07-04T20:30:25.619Z,backend,━━━━━━━━━━━━━━━━━━━━━━━━━━━━━━━━━━━━━━━━ 807.9/807.9 kB 31.1 MB/s eta 0:00:00
2026-07-04T20:30:25.619Z,backend,
2026-07-04T20:30:25.638Z,backend,Downloading requests-2.34.2-py3-none-any.whl (73 kB)
2026-07-04T20:30:25.638Z,backend,Downloading requests-2.34.2-py3-none-any.whl (73 kB)
2026-07-04T20:30:25.638Z,backend,Downloading requests-2.34.2-py3-none-any.whl (73 kB)
2026-07-04T20:30:25.663Z,backend,Downloading certifi-2026.6.17-py3-none-any.whl (133 kB)
2026-07-04T20:30:25.663Z,backend,Downloading certifi-2026.6.17-py3-none-any.whl (133 kB)
2026-07-04T20:30:25.663Z,backend,Downloading certifi-2026.6.17-py3-none-any.whl (133 kB)
2026-07-04T20:30:25.691Z,backend,Downloading rsa-4.9.1-py3-none-any.whl (34 kB)
2026-07-04T20:30:25.691Z,backend,Downloading rsa-4.9.1-py3-none-any.whl (34 kB)
2026-07-04T20:30:25.691Z,backend,Downloading rsa-4.9.1-py3-none-any.whl (34 kB)
2026-07-04T20:30:25.711Z,backend,Downloading soupsieve-2.8.4-py3-none-any.whl (37 kB)
2026-07-04T20:30:25.711Z,backend,Downloading soupsieve-2.8.4-py3-none-any.whl (37 kB)
2026-07-04T20:30:25.711Z,backend,Downloading soupsieve-2.8.4-py3-none-any.whl (37 kB)
2026-07-04T20:30:25.732Z,backend,Downloading starlette-0.50.0-py3-none-any.whl (74 kB)
2026-07-04T20:30:25.732Z,backend,Downloading starlette-0.50.0-py3-none-any.whl (74 kB)
2026-07-04T20:30:25.732Z,backend,Downloading starlette-0.50.0-py3-none-any.whl (74 kB)
2026-07-04T20:30:25.752Z,backend,Downloading typing_extensions-4.16.0-py3-none-any.whl (45 kB)
2026-07-04T20:30:25.752Z,backend,Downloading typing_extensions-4.16.0-py3-none-any.whl (45 kB)
2026-07-04T20:30:25.752Z,backend,Downloading typing_extensions-4.16.0-py3-none-any.whl (45 kB)
2026-07-04T20:30:25.773Z,backend,Downloading typing_inspection-0.4.2-py3-none-any.whl (14 kB)
2026-07-04T20:30:25.773Z,backend,Downloading typing_inspection-0.4.2-py3-none-any.whl (14 kB)
2026-07-04T20:30:25.773Z,backend,Downloading typing_inspection-0.4.2-py3-none-any.whl (14 kB)
2026-07-04T20:30:25.789Z,backend,Downloading tzdata-2026.2-py2.py3-none-any.whl (349 kB)
2026-07-04T20:30:25.789Z,backend,Downloading tzdata-2026.2-py2.py3-none-any.whl (349 kB)
2026-07-04T20:30:25.789Z,backend,Downloading tzdata-2026.2-py2.py3-none-any.whl (349 kB)
2026-07-04T20:30:25.836Z,backend,Downloading uvloop-0.22.1-cp312-cp312-manylinux2014_x86_64.manylinux_2_17_x86_64.manylinux_2_28_x86_64.whl (4.4 MB)
2026-07-04T20:30:25.836Z,backend,Downloading uvloop-0.22.1-cp312-cp312-manylinux2014_x86_64.manylinux_2_17_x86_64.manylinux_2_28_x86_64.whl (4.4 MB)
2026-07-04T20:30:25.836Z,backend,Downloading uvloop-0.22.1-cp312-cp312-manylinux2014_x86_64.manylinux_2_17_x86_64.manylinux_2_28_x86_64.whl (4.4 MB)
2026-07-04T20:30:26.051Z,backend,━━━━━━━━━━━━━━━━━━━━━━━━━━━━━━━━━━━━━━━━ 4.4/4.4 MB 21.4 MB/s eta 0:00:00
2026-07-04T20:30:26.051Z,backend,━━━━━━━━━━━━━━━━━━━━━━━━━━━━━━━━━━━━━━━━ 4.4/4.4 MB 21.4 MB/s eta 0:00:00
2026-07-04T20:30:26.051Z,backend,━━━━━━━━━━━━━━━━━━━━━━━━━━━━━━━━━━━━━━━━ 4.4/4.4 MB 21.4 MB/s eta 0:00:00
2026-07-04T20:30:26.052Z,backend,
2026-07-04T20:30:26.052Z,backend,
2026-07-04T20:30:26.052Z,backend,
2026-07-04T20:30:26.074Z,backend,Downloading watchfiles-1.2.0-cp312-cp312-manylinux_2_17_x86_64.manylinux2014_x86_64.whl (456 kB)
2026-07-04T20:30:26.074Z,backend,Downloading watchfiles-1.2.0-cp312-cp312-manylinux_2_17_x86_64.manylinux2014_x86_64.whl (456 kB)
2026-07-04T20:30:26.074Z,backend,Downloading watchfiles-1.2.0-cp312-cp312-manylinux_2_17_x86_64.manylinux2014_x86_64.whl (456 kB)
2026-07-04T20:30:26.111Z,backend,Downloading websockets-16.0-cp312-cp312-manylinux1_x86_64.manylinux_2_28_x86_64.manylinux_2_5_x86_64.whl (184 kB)
2026-07-04T20:30:26.111Z,backend,Downloading websockets-16.0-cp312-cp312-manylinux1_x86_64.manylinux_2_28_x86_64.manylinux_2_5_x86_64.whl (184 kB)
2026-07-04T20:30:26.111Z,backend,Downloading websockets-16.0-cp312-cp312-manylinux1_x86_64.manylinux_2_28_x86_64.manylinux_2_5_x86_64.whl (184 kB)
2026-07-04T20:30:26.144Z,backend,Downloading mako-1.3.12-py3-none-any.whl (78 kB)
2026-07-04T20:30:26.144Z,backend,Downloading mako-1.3.12-py3-none-any.whl (78 kB)
2026-07-04T20:30:26.144Z,backend,Downloading mako-1.3.12-py3-none-any.whl (78 kB)
2026-07-04T20:30:26.163Z,backend,Downloading sniffio-1.3.1-py3-none-any.whl (10 kB)
2026-07-04T20:30:26.163Z,backend,Downloading sniffio-1.3.1-py3-none-any.whl (10 kB)
2026-07-04T20:30:26.163Z,backend,Downloading sniffio-1.3.1-py3-none-any.whl (10 kB)
2026-07-04T20:30:26.182Z,backend,Downloading amqp-5.3.1-py3-none-any.whl (50 kB)
2026-07-04T20:30:26.182Z,backend,Downloading amqp-5.3.1-py3-none-any.whl (50 kB)
2026-07-04T20:30:26.182Z,backend,Downloading amqp-5.3.1-py3-none-any.whl (50 kB)
2026-07-04T20:30:26.200Z,backend,Downloading cffi-2.0.0-cp312-cp312-manylinux2014_x86_64.manylinux_2_17_x86_64.whl (219 kB)
2026-07-04T20:30:26.200Z,backend,Downloading cffi-2.0.0-cp312-cp312-manylinux2014_x86_64.manylinux_2_17_x86_64.whl (219 kB)
2026-07-04T20:30:26.200Z,backend,Downloading cffi-2.0.0-cp312-cp312-manylinux2014_x86_64.manylinux_2_17_x86_64.whl (219 kB)
2026-07-04T20:30:26.240Z,backend,Downloading charset_normalizer-3.4.7-cp312-cp312-manylinux2014_x86_64.manylinux_2_17_x86_64.manylinux_2_28_x86_64.whl (216 kB)
2026-07-04T20:30:26.240Z,backend,Downloading charset_normalizer-3.4.7-cp312-cp312-manylinux2014_x86_64.manylinux_2_17_x86_64.manylinux_2_28_x86_64.whl (216 kB)
2026-07-04T20:30:26.240Z,backend,Downloading charset_normalizer-3.4.7-cp312-cp312-manylinux2014_x86_64.manylinux_2_17_x86_64.manylinux_2_28_x86_64.whl (216 kB)
2026-07-04T20:30:26.268Z,backend,Downloading deprecated-1.3.1-py2.py3-none-any.whl (11 kB)
2026-07-04T20:30:26.268Z,backend,Downloading deprecated-1.3.1-py2.py3-none-any.whl (11 kB)
2026-07-04T20:30:26.268Z,backend,Downloading deprecated-1.3.1-py2.py3-none-any.whl (11 kB)
2026-07-04T20:30:26.287Z,backend,Downloading dnspython-2.8.0-py3-none-any.whl (331 kB)
2026-07-04T20:30:26.287Z,backend,Downloading dnspython-2.8.0-py3-none-any.whl (331 kB)
2026-07-04T20:30:26.287Z,backend,Downloading dnspython-2.8.0-py3-none-any.whl (331 kB)
2026-07-04T20:30:26.323Z,backend,Downloading markupsafe-3.0.3-cp312-cp312-manylinux2014_x86_64.manylinux_2_17_x86_64.manylinux_2_28_x86_64.whl (22 kB)
2026-07-04T20:30:26.323Z,backend,Downloading markupsafe-3.0.3-cp312-cp312-manylinux2014_x86_64.manylinux_2_17_x86_64.manylinux_2_28_x86_64.whl (22 kB)
2026-07-04T20:30:26.323Z,backend,Downloading markupsafe-3.0.3-cp312-cp312-manylinux2014_x86_64.manylinux_2_17_x86_64.manylinux_2_28_x86_64.whl (22 kB)
2026-07-04T20:30:26.347Z,backend,Downloading packaging-26.2-py3-none-any.whl (100 kB)
2026-07-04T20:30:26.347Z,backend,Downloading packaging-26.2-py3-none-any.whl (100 kB)
2026-07-04T20:30:26.347Z,backend,Downloading packaging-26.2-py3-none-any.whl (100 kB)
2026-07-04T20:30:26.377Z,backend,Downloading prompt_toolkit-3.0.52-py3-none-any.whl (391 kB)
2026-07-04T20:30:26.377Z,backend,Downloading prompt_toolkit-3.0.52-py3-none-any.whl (391 kB)
2026-07-04T20:30:26.377Z,backend,Downloading prompt_toolkit-3.0.52-py3-none-any.whl (391 kB)
2026-07-04T20:30:26.416Z,backend,Downloading six-1.17.0-py2.py3-none-any.whl (11 kB)
2026-07-04T20:30:26.416Z,backend,Downloading six-1.17.0-py2.py3-none-any.whl (11 kB)
2026-07-04T20:30:26.416Z,backend,Downloading six-1.17.0-py2.py3-none-any.whl (11 kB)
2026-07-04T20:30:26.433Z,backend,Downloading urllib3-2.7.0-py3-none-any.whl (131 kB)
2026-07-04T20:30:26.433Z,backend,Downloading urllib3-2.7.0-py3-none-any.whl (131 kB)
2026-07-04T20:30:26.433Z,backend,Downloading urllib3-2.7.0-py3-none-any.whl (131 kB)
2026-07-04T20:30:26.461Z,backend,Downloading argon2_cffi_bindings-25.1.0-cp39-abi3-manylinux_2_26_x86_64.manylinux_2_28_x86_64.whl (87 kB)
2026-07-04T20:30:26.461Z,backend,Downloading argon2_cffi_bindings-25.1.0-cp39-abi3-manylinux_2_26_x86_64.manylinux_2_28_x86_64.whl (87 kB)
2026-07-04T20:30:26.461Z,backend,Downloading argon2_cffi_bindings-25.1.0-cp39-abi3-manylinux_2_26_x86_64.manylinux_2_28_x86_64.whl (87 kB)
2026-07-04T20:30:26.487Z,backend,Downloading wrapt-2.2.2-cp312-cp312-manylinux1_x86_64.manylinux_2_28_x86_64.manylinux_2_5_x86_64.whl (169 kB)
2026-07-04T20:30:26.487Z,backend,Downloading wrapt-2.2.2-cp312-cp312-manylinux1_x86_64.manylinux_2_28_x86_64.manylinux_2_5_x86_64.whl (169 kB)
2026-07-04T20:30:26.487Z,backend,Downloading wrapt-2.2.2-cp312-cp312-manylinux1_x86_64.manylinux_2_28_x86_64.manylinux_2_5_x86_64.whl (169 kB)
2026-07-04T20:30:26.512Z,backend,Downloading pycparser-3.0-py3-none-any.whl (48 kB)
2026-07-04T20:30:26.512Z,backend,Downloading pycparser-3.0-py3-none-any.whl (48 kB)
2026-07-04T20:30:26.512Z,backend,Downloading pycparser-3.0-py3-none-any.whl (48 kB)
2026-07-04T20:30:26.536Z,backend,Downloading wcwidth-0.8.2-py3-none-any.whl (323 kB)
2026-07-04T20:30:26.536Z,backend,Downloading wcwidth-0.8.2-py3-none-any.whl (323 kB)
2026-07-04T20:30:26.536Z,backend,Downloading wcwidth-0.8.2-py3-none-any.whl (323 kB)
2026-07-04T20:30:26.804Z,backend,"Installing collected packages: wrapt, websockets, wcwidth, vine, uvloop, urllib3, tzdata, typing-extensions, soupsieve, sniffio, six, redis, pyyaml, python-dotenv, pycparser, pyasn1, pwdlib, psycopg2-binary, packaging, MarkupSafe, jiter, itsdangerous, idna, httptools, h11, greenlet, docstring-parser, dnspython, distro, click, charset_normalizer, certifi, billiard, bcrypt, asyncpg, annotated-types, annotated-doc, uvicorn, typing-inspection, sqlalchemy, rsa, requests, python-dateutil, pydantic-core, prompt-toolkit, Mako, httpcore, email-validator, ecdsa, deprecated, click-plugins, click-didyoumean, cffi, beautifulsoup4, anyio, amqp, watchfiles, stripe, starlette, python-jose, pydantic, limits, kombu, httpx, cryptography, click-repl, argon2-cffi-bindings, alembic, slowapi, pydantic-settings, fastapi, celery, authlib, argon2-cffi, anthropic"
2026-07-04T20:30:26.804Z,backend,"Installing collected packages: wrapt, websockets, wcwidth, vine, uvloop, urllib3, tzdata, typing-extensions, soupsieve, sniffio, six, redis, pyyaml, python-dotenv, pycparser, pyasn1, pwdlib, psycopg2-binary, packaging, MarkupSafe, jiter, itsdangerous, idna, httptools, h11, greenlet, docstring-parser, dnspython, distro, click, charset_normalizer, certifi, billiard, bcrypt, asyncpg, annotated-types, annotated-doc, uvicorn, typing-inspection, sqlalchemy, rsa, requests, python-dateutil, pydantic-core, prompt-toolkit, Mako, httpcore, email-validator, ecdsa, deprecated, click-plugins, click-didyoumean, cffi, beautifulsoup4, anyio, amqp, watchfiles, stripe, starlette, python-jose, pydantic, limits, kombu, httpx, cryptography, click-repl, argon2-cffi-bindings, alembic, slowapi, pydantic-settings, fastapi, celery, authlib, argon2-cffi, anthropic"
2026-07-04T20:30:26.804Z,backend,"Installing collected packages: wrapt, websockets, wcwidth, vine, uvloop, urllib3, tzdata, typing-extensions, soupsieve, sniffio, six, redis, pyyaml, python-dotenv, pycparser, pyasn1, pwdlib, psycopg2-binary, packaging, MarkupSafe, jiter, itsdangerous, idna, httptools, h11, greenlet, docstring-parser, dnspython, distro, click, charset_normalizer, certifi, billiard, bcrypt, asyncpg, annotated-types, annotated-doc, uvicorn, typing-inspection, sqlalchemy, rsa, requests, python-dateutil, pydantic-core, prompt-toolkit, Mako, httpcore, email-validator, ecdsa, deprecated, click-plugins, click-didyoumean, cffi, beautifulsoup4, anyio, amqp, watchfiles, stripe, starlette, python-jose, pydantic, limits, kombu, httpx, cryptography, click-repl, argon2-cffi-bindings, alembic, slowapi, pydantic-settings, fastapi, celery, authlib, argon2-cffi, anthropic"
2026-07-04T20:30:37.282Z,backend,Successfully installed Mako-1.3.12 MarkupSafe-3.0.3 alembic-1.14.0 amqp-5.3.1 annotated-doc-0.0.4 annotated-types-0.7.0 anthropic-0.116.0 anyio-4.14.1 argon2-cffi-25.1.0 argon2-cffi-bindings-25.1.0 asyncpg-0.30.0 authlib-1.6.5 bcrypt-5.0.0 beautifulsoup4-4.14.2 billiard-4.2.4 celery-5.4.0 certifi-2026.6.17 cffi-2.0.0 charset_normalizer-3.4.7 click-8.4.2 click-didyoumean-0.3.1 click-plugins-1.1.1.2 click-repl-0.3.0 cryptography-49.0.0 deprecated-1.3.1 distro-1.9.0 dnspython-2.8.0 docstring-parser-0.18.0 ecdsa-0.19.2 email-validator-2.3.0 fastapi-0.122.0 greenlet-3.5.3 h11-0.16.0 httpcore-1.0.9 httptools-0.8.0 httpx-0.28.1 idna-3.18 itsdangerous-2.2.0 jiter-0.16.0 kombu-5.6.2 limits-5.8.0 packaging-26.2 prompt-toolkit-3.0.52 psycopg2-binary-2.9.10 pwdlib-0.3.0 pyasn1-0.6.3 pycparser-3.0 pydantic-2.12.5 pydantic-core-2.41.5 pydantic-settings-2.7.0 python-dateutil-2.9.0.post0 python-dotenv-1.2.1 python-jose-3.5.0 pyyaml-6.0.3 redis-5.2.1 requests-2.34.2 rsa-4.9.1 six-1.17.0 slowapi-0.1.9 sniffio-1.3.1 soupsieve-2.8.4 sqlalchemy-2.0.44 starlette-0.50.0 stripe-11.4.1 typing-extensions-4.16.0 typing-inspection-0.4.2 tzdata-2026.2 urllib3-2.7.0 uvicorn-0.38.0 uvloop-0.22.1 vine-5.1.0 watchfiles-1.2.0 wcwidth-0.8.2 websockets-16.0 wrapt-2.2.2
2026-07-04T20:30:37.282Z,backend,"WARNING: Running pip as the 'root' user can result in broken permissions and conflicting behaviour with the system package manager, possibly rendering your system unusable. It is recommended to use a virtual environment instead: https://pip.pypa.io/warnings/venv. Use the --root-user-action option if you know what you are doing and want to suppress this warning."
2026-07-04T20:30:37.282Z,backend,Successfully installed Mako-1.3.12 MarkupSafe-3.0.3 alembic-1.14.0 amqp-5.3.1 annotated-doc-0.0.4 annotated-types-0.7.0 anthropic-0.116.0 anyio-4.14.1 argon2-cffi-25.1.0 argon2-cffi-bindings-25.1.0 asyncpg-0.30.0 authlib-1.6.5 bcrypt-5.0.0 beautifulsoup4-4.14.2 billiard-4.2.4 celery-5.4.0 certifi-2026.6.17 cffi-2.0.0 charset_normalizer-3.4.7 click-8.4.2 click-didyoumean-0.3.1 click-plugins-1.1.1.2 click-repl-0.3.0 cryptography-49.0.0 deprecated-1.3.1 distro-1.9.0 dnspython-2.8.0 docstring-parser-0.18.0 ecdsa-0.19.2 email-validator-2.3.0 fastapi-0.122.0 greenlet-3.5.3 h11-0.16.0 httpcore-1.0.9 httptools-0.8.0 httpx-0.28.1 idna-3.18 itsdangerous-2.2.0 jiter-0.16.0 kombu-5.6.2 limits-5.8.0 packaging-26.2 prompt-toolkit-3.0.52 psycopg2-binary-2.9.10 pwdlib-0.3.0 pyasn1-0.6.3 pycparser-3.0 pydantic-2.12.5 pydantic-core-2.41.5 pydantic-settings-2.7.0 python-dateutil-2.9.0.post0 python-dotenv-1.2.1 python-jose-3.5.0 pyyaml-6.0.3 redis-5.2.1 requests-2.34.2 rsa-4.9.1 six-1.17.0 slowapi-0.1.9 sniffio-1.3.1 soupsieve-2.8.4 sqlalchemy-2.0.44 starlette-0.50.0 stripe-11.4.1 typing-extensions-4.16.0 typing-inspection-0.4.2 tzdata-2026.2 urllib3-2.7.0 uvicorn-0.38.0 uvloop-0.22.1 vine-5.1.0 watchfiles-1.2.0 wcwidth-0.8.2 websockets-16.0 wrapt-2.2.2
2026-07-04T20:30:37.282Z,backend,"WARNING: Running pip as the 'root' user can result in broken permissions and conflicting behaviour with the system package manager, possibly rendering your system unusable. It is recommended to use a virtual environment instead: https://pip.pypa.io/warnings/venv. Use the --root-user-action option if you know what you are doing and want to suppress this warning."
2026-07-04T20:30:37.282Z,backend,Successfully installed Mako-1.3.12 MarkupSafe-3.0.3 alembic-1.14.0 amqp-5.3.1 annotated-doc-0.0.4 annotated-types-0.7.0 anthropic-0.116.0 anyio-4.14.1 argon2-cffi-25.1.0 argon2-cffi-bindings-25.1.0 asyncpg-0.30.0 authlib-1.6.5 bcrypt-5.0.0 beautifulsoup4-4.14.2 billiard-4.2.4 celery-5.4.0 certifi-2026.6.17 cffi-2.0.0 charset_normalizer-3.4.7 click-8.4.2 click-didyoumean-0.3.1 click-plugins-1.1.1.2 click-repl-0.3.0 cryptography-49.0.0 deprecated-1.3.1 distro-1.9.0 dnspython-2.8.0 docstring-parser-0.18.0 ecdsa-0.19.2 email-validator-2.3.0 fastapi-0.122.0 greenlet-3.5.3 h11-0.16.0 httpcore-1.0.9 httptools-0.8.0 httpx-0.28.1 idna-3.18 itsdangerous-2.2.0 jiter-0.16.0 kombu-5.6.2 limits-5.8.0 packaging-26.2 prompt-toolkit-3.0.52 psycopg2-binary-2.9.10 pwdlib-0.3.0 pyasn1-0.6.3 pycparser-3.0 pydantic-2.12.5 pydantic-core-2.41.5 pydantic-settings-2.7.0 python-dateutil-2.9.0.post0 python-dotenv-1.2.1 python-jose-3.5.0 pyyaml-6.0.3 redis-5.2.1 requests-2.34.2 rsa-4.9.1 six-1.17.0 slowapi-0.1.9 sniffio-1.3.1 soupsieve-2.8.4 sqlalchemy-2.0.44 starlette-0.50.0 stripe-11.4.1 typing-extensions-4.16.0 typing-inspection-0.4.2 tzdata-2026.2 urllib3-2.7.0 uvicorn-0.38.0 uvloop-0.22.1 vine-5.1.0 watchfiles-1.2.0 wcwidth-0.8.2 websockets-16.0 wrapt-2.2.2
2026-07-04T20:30:37.282Z,backend,"WARNING: Running pip as the 'root' user can result in broken permissions and conflicting behaviour with the system package manager, possibly rendering your system unusable. It is recommended to use a virtual environment instead: https://pip.pypa.io/warnings/venv. Use the --root-user-action option if you know what you are doing and want to suppress this warning."
2026-07-04T20:30:37.437Z,backend,
2026-07-04T20:30:37.437Z,backend,[notice] A new release of pip is available: 25.0.1 -> 26.1.2
2026-07-04T20:30:37.437Z,backend,"[notice] To update, run: pip install --upgrade pip"
2026-07-04T20:30:37.437Z,backend,
2026-07-04T20:30:37.437Z,backend,[notice] A new release of pip is available: 25.0.1 -> 26.1.2
2026-07-04T20:30:37.437Z,backend,"[notice] To update, run: pip install --upgrade pip"
2026-07-04T20:30:37.437Z,backend,
2026-07-04T20:30:37.437Z,backend,[notice] A new release of pip is available: 25.0.1 -> 26.1.2
2026-07-04T20:30:37.437Z,backend,"[notice] To update, run: pip install --upgrade pip"
2026-07-04T20:33:33.212Z,car-deal-finder/db,2026-07-04 20:33:33.211 UTC [28] LOG:  checkpoint starting: time
2026-07-04T20:34:21.940Z,car-deal-finder/db,"2026-07-04 20:34:21.940 UTC [28] LOG:  checkpoint complete: wrote 486 buffers (3.0%); 1 WAL file(s) added, 0 removed, 0 recycled; write=48.649 s, sync=0.048 s, total=48.729 s; sync files=86, longest=0.007 s, average=0.001 s; distance=5465 kB, estimate=5465 kB; lsn=0/1EFD0B8, redo lsn=0/1EFD080"
2026-07-04T20:38:34.010Z,car-deal-finder/db,2026-07-04 20:38:34.010 UTC [28] LOG:  checkpoint starting: time
2026-07-04T20:38:37.752Z,car-deal-finder/db,"2026-07-04 20:38:37.751 UTC [28] LOG:  checkpoint complete: wrote 38 buffers (0.2%); 0 WAL file(s) added, 0 removed, 0 recycled; write=3.717 s, sync=0.013 s, total=3.742 s; sync files=30, longest=0.004 s, average=0.001 s; distance=45 kB, estimate=4923 kB; lsn=0/1F086D8, redo lsn=0/1F086A0"
2026-07-04T20:38:38.768Z,car-deal-finder/redis,1:M 04 Jul 2026 20:38:38.767 * 100 changes in 300 seconds. Saving...
2026-07-04T20:38:38.769Z,car-deal-finder/redis,1:M 04 Jul 2026 20:38:38.769 * Background saving started by pid 729
2026-07-04T20:38:38.777Z,car-deal-finder/redis,729:C 04 Jul 2026 20:38:38.776 * DB saved on disk
2026-07-04T20:38:38.777Z,car-deal-finder/redis,"729:C 04 Jul 2026 20:38:38.777 * Fork CoW for RDB: current 0 MB, peak 0 MB, average 0 MB"
2026-07-04T20:38:38.870Z,car-deal-finder/redis,1:M 04 Jul 2026 20:38:38.870 * Background saving terminated with success
2026-07-04T20:56:09.162Z,car-deal-finder/redis,1:M 04 Jul 2026 20:56:09.162 * 100 changes in 300 seconds. Saving...
2026-07-04T20:56:09.166Z,car-deal-finder/redis,1:M 04 Jul 2026 20:56:09.163 * Background saving started by pid 1964
2026-07-04T20:56:09.178Z,car-deal-finder/redis,1964:C 04 Jul 2026 20:56:09.178 * DB saved on disk
2026-07-04T20:56:09.178Z,car-deal-finder/redis,"1964:C 04 Jul 2026 20:56:09.178 * Fork CoW for RDB: current 0 MB, peak 0 MB, average 0 MB"
2026-07-04T20:56:09.265Z,car-deal-finder/redis,1:M 04 Jul 2026 20:56:09.265 * Background saving terminated with success
2026-07-04T20:58:35.000Z,car-deal-finder/db,2026-07-04 20:58:34.999 UTC [28] LOG:  checkpoint starting: time
2026-07-04T20:59:14.952Z,car-deal-finder/db,"2026-07-04 20:59:14.951 UTC [28] LOG:  checkpoint complete: wrote 399 buffers (2.4%); 0 WAL file(s) added, 0 removed, 1 recycled; write=39.847 s, sync=0.079 s, total=39.952 s; sync files=30, longest=0.011 s, average=0.003 s; distance=3499 kB, estimate=4781 kB; lsn=0/2279778, redo lsn=0/22733B8"
2026-07-04T21:03:21.038Z,car-deal-finder/redis,1:M 04 Jul 2026 21:03:21.036 * 100 changes in 300 seconds. Saving...
2026-07-04T21:03:21.038Z,car-deal-finder/redis,1:M 04 Jul 2026 21:03:21.037 * Background saving started by pid 2476
2026-07-04T21:03:21.046Z,car-deal-finder/redis,2476:C 04 Jul 2026 21:03:21.046 * DB saved on disk
2026-07-04T21:03:21.046Z,car-deal-finder/redis,"2476:C 04 Jul 2026 21:03:21.046 * Fork CoW for RDB: current 0 MB, peak 0 MB, average 0 MB"
2026-07-04T21:03:21.138Z,car-deal-finder/redis,1:M 04 Jul 2026 21:03:21.138 * Background saving terminated with success
2026-07-04T22:03:41.617Z,car-deal-finder/redis,1:M 04 Jul 2026 22:03:41.615 * 1 changes in 3600 seconds. Saving...
2026-07-04T22:03:41.618Z,car-deal-finder/redis,1:M 04 Jul 2026 22:03:41.617 * Background saving started by pid 3891
2026-07-04T22:03:41.627Z,car-deal-finder/redis,3891:C 04 Jul 2026 22:03:41.627 * DB saved on disk
2026-07-04T22:03:41.628Z,car-deal-finder/redis,"3891:C 04 Jul 2026 22:03:41.628 * Fork CoW for RDB: current 0 MB, peak 0 MB, average 0 MB"
2026-07-04T22:03:41.719Z,car-deal-finder/redis,1:M 04 Jul 2026 22:03:41.718 * Background saving terminated with success
2026-07-04T23:03:42.019Z,car-deal-finder/redis,1:M 04 Jul 2026 23:03:42.018 * 1 changes in 3600 seconds. Saving...
2026-07-04T23:03:42.020Z,car-deal-finder/redis,1:M 04 Jul 2026 23:03:42.020 * Background saving started by pid 8118
2026-07-04T23:03:42.031Z,car-deal-finder/redis,8118:C 04 Jul 2026 23:03:42.031 * DB saved on disk
2026-07-04T23:03:42.031Z,car-deal-finder/redis,"8118:C 04 Jul 2026 23:03:42.031 * Fork CoW for RDB: current 0 MB, peak 0 MB, average 0 MB"
2026-07-04T23:03:42.122Z,car-deal-finder/redis,1:M 04 Jul 2026 23:03:42.121 * Background saving terminated with success
2026-07-05T01:40:44.595Z,car-deal-finder/redis,1:M 05 Jul 2026 01:40:44.595 * 1 changes in 3600 seconds. Saving...
2026-07-05T01:40:44.596Z,car-deal-finder/redis,1:M 05 Jul 2026 01:40:44.596 * Background saving started by pid 12204
2026-07-05T01:40:44.609Z,car-deal-finder/redis,12204:C 05 Jul 2026 01:40:44.608 * DB saved on disk
2026-07-05T01:40:44.609Z,car-deal-finder/redis,"12204:C 05 Jul 2026 01:40:44.609 * Fork CoW for RDB: current 0 MB, peak 0 MB, average 0 MB"
2026-07-05T03:02:01.380Z,car-deal-finder/redis,1:M 05 Jul 2026 03:02:01.380 * Background saving terminated with success
2026-07-05T10:02:01.121Z,car-deal-finder/redis,1:M 05 Jul 2026 10:02:01.120 * 1 changes in 3600 seconds. Saving...
2026-07-05T10:02:01.121Z,car-deal-finder/redis,1:M 05 Jul 2026 10:02:01.121 * Background saving started by pid 12313
2026-07-05T10:02:01.124Z,car-deal-finder/redis,12313:C 05 Jul 2026 10:02:01.124 * DB saved on disk
2026-07-05T10:02:01.124Z,car-deal-finder/redis,"12313:C 05 Jul 2026 10:02:01.124 * Fork CoW for RDB: current 0 MB, peak 0 MB, average 0 MB"
2026-07-05T10:02:01.222Z,car-deal-finder/redis,1:M 05 Jul 2026 10:02:01.221 * Background saving terminated with success
2026-07-05T13:25:06.673Z,car-deal-finder/redis,1:M 05 Jul 2026 13:25:06.672 * 1 changes in 3600 seconds. Saving...
2026-07-05T13:25:06.674Z,car-deal-finder/redis,1:M 05 Jul 2026 13:25:06.674 * Background saving started by pid 14530
2026-07-05T13:25:06.696Z,car-deal-finder/redis,14530:C 05 Jul 2026 13:25:06.695 * DB saved on disk
2026-07-05T13:25:06.696Z,car-deal-finder/redis,"14530:C 05 Jul 2026 13:25:06.696 * Fork CoW for RDB: current 0 MB, peak 0 MB, average 0 MB"
2026-07-05T13:32:58.026Z,car-deal-finder/redis,1:M 05 Jul 2026 13:32:58.025 * Background saving terminated with success
2026-07-06T00:55:48.643Z,car-deal-finder/redis,1:M 06 Jul 2026 00:55:48.643 * 1 changes in 3600 seconds. Saving...
2026-07-06T00:55:48.644Z,car-deal-finder/redis,1:M 06 Jul 2026 00:55:48.644 * Background saving started by pid 14579
2026-07-06T00:55:48.650Z,car-deal-finder/redis,14579:C 06 Jul 2026 00:55:48.649 * DB saved on disk
2026-07-06T00:55:48.650Z,car-deal-finder/redis,"14579:C 06 Jul 2026 00:55:48.650 * Fork CoW for RDB: current 0 MB, peak 0 MB, average 0 MB"
2026-07-06T00:55:48.744Z,car-deal-finder/redis,1:M 06 Jul 2026 00:55:48.744 * Background saving terminated with success
2026-07-06T01:29:28.243Z,car-deal-finder/db,2026-07-06 01:29:28.242 UTC [28] LOG:  checkpoint starting: time
2026-07-06T01:30:07.523Z,car-deal-finder/db,"2026-07-06 01:30:07.522 UTC [28] LOG:  checkpoint complete: wrote 393 buffers (2.4%); 0 WAL file(s) added, 0 removed, 0 recycled; write=39.250 s, sync=0.016 s, total=39.281 s; sync files=23, longest=0.004 s, average=0.001 s; distance=5035 kB, estimate=5035 kB; lsn=0/278D738, redo lsn=0/275E060"
2026-07-06T01:55:49.031Z,car-deal-finder/redis,1:M 06 Jul 2026 01:55:49.031 * 1 changes in 3600 seconds. Saving...
2026-07-06T01:55:49.035Z,car-deal-finder/redis,1:M 06 Jul 2026 01:55:49.032 * Background saving started by pid 18866
2026-07-06T01:55:49.040Z,car-deal-finder/redis,18866:C 06 Jul 2026 01:55:49.040 * DB saved on disk
2026-07-06T01:55:49.040Z,car-deal-finder/redis,"18866:C 06 Jul 2026 01:55:49.040 * Fork CoW for RDB: current 0 MB, peak 0 MB, average 0 MB"
2026-07-06T01:55:49.133Z,car-deal-finder/redis,1:M 06 Jul 2026 01:55:49.133 * Background saving terminated with success
2026-07-06T02:55:50.094Z,car-deal-finder/redis,1:M 06 Jul 2026 02:55:50.093 * 1 changes in 3600 seconds. Saving...
2026-07-06T02:55:50.095Z,car-deal-finder/redis,1:M 06 Jul 2026 02:55:50.094 * Background saving started by pid 23154
2026-07-06T02:55:50.104Z,car-deal-finder/redis,23154:C 06 Jul 2026 02:55:50.104 * DB saved on disk
2026-07-06T02:55:50.104Z,car-deal-finder/redis,"23154:C 06 Jul 2026 02:55:50.104 * Fork CoW for RDB: current 0 MB, peak 0 MB, average 0 MB"
2026-07-06T02:55:50.196Z,car-deal-finder/redis,1:M 06 Jul 2026 02:55:50.195 * Background saving terminated with success
2026-07-06T03:58:40.768Z,car-deal-finder/redis,1:M 06 Jul 2026 03:58:40.767 * 1 changes in 3600 seconds. Saving...
2026-07-06T03:58:40.769Z,car-deal-finder/redis,1:M 06 Jul 2026 03:58:40.768 * Background saving started by pid 25798
2026-07-06T03:58:40.777Z,car-deal-finder/redis,25798:C 06 Jul 2026 03:58:40.777 * DB saved on disk
2026-07-06T03:58:40.778Z,car-deal-finder/redis,"25798:C 06 Jul 2026 03:58:40.777 * Fork CoW for RDB: current 0 MB, peak 0 MB, average 0 MB"
2026-07-06T03:58:40.870Z,car-deal-finder/redis,1:M 06 Jul 2026 03:58:40.870 * Background saving terminated with success
2026-07-06T04:58:41.050Z,car-deal-finder/redis,1:M 06 Jul 2026 04:58:41.048 * 1 changes in 3600 seconds. Saving...
2026-07-06T04:58:41.056Z,car-deal-finder/redis,1:M 06 Jul 2026 04:58:41.055 * Background saving started by pid 30068
2026-07-06T04:58:41.079Z,car-deal-finder/redis,30068:C 06 Jul 2026 04:58:41.079 * DB saved on disk
2026-07-06T04:58:41.080Z,car-deal-finder/redis,"30068:C 06 Jul 2026 04:58:41.080 * Fork CoW for RDB: current 0 MB, peak 0 MB, average 0 MB"
2026-07-06T04:58:41.158Z,car-deal-finder/redis,1:M 06 Jul 2026 04:58:41.158 * Background saving terminated with success
2026-07-06T06:43:38.003Z,car-deal-finder/redis,1:M 06 Jul 2026 06:43:38.003 * 1 changes in 3600 seconds. Saving...
2026-07-06T06:43:38.005Z,car-deal-finder/redis,1:M 06 Jul 2026 06:43:38.004 * Background saving started by pid 32770
2026-07-06T06:43:38.016Z,car-deal-finder/redis,32770:C 06 Jul 2026 06:43:38.016 * DB saved on disk
2026-07-06T06:43:38.016Z,car-deal-finder/redis,"32770:C 06 Jul 2026 06:43:38.016 * Fork CoW for RDB: current 0 MB, peak 0 MB, average 0 MB"
2026-07-06T06:43:38.105Z,car-deal-finder/redis,1:M 06 Jul 2026 06:43:38.105 * Background saving terminated with success
2026-07-06T07:43:39.038Z,car-deal-finder/redis,1:M 06 Jul 2026 07:43:39.036 * 1 changes in 3600 seconds. Saving...
2026-07-06T07:43:39.038Z,car-deal-finder/redis,1:M 06 Jul 2026 07:43:39.037 * Background saving started by pid 33734
2026-07-06T07:43:39.048Z,car-deal-finder/redis,33734:C 06 Jul 2026 07:43:39.048 * DB saved on disk
2026-07-06T07:43:39.049Z,car-deal-finder/redis,"33734:C 06 Jul 2026 07:43:39.048 * Fork CoW for RDB: current 0 MB, peak 0 MB, average 0 MB"
2026-07-06T07:43:39.138Z,car-deal-finder/redis,1:M 06 Jul 2026 07:43:39.138 * Background saving terminated with success
2026-07-06T07:48:24.923Z,car-deal-finder/db,2026-07-06 07:48:24.920 UTC [28] LOG:  checkpoint starting: time
2026-07-06T07:48:35.051Z,car-deal-finder/db,"2026-07-06 07:48:35.050 UTC [28] LOG:  checkpoint complete: wrote 101 buffers (0.6%); 0 WAL file(s) added, 0 removed, 0 recycled; write=10.101 s, sync=0.011 s, total=10.131 s; sync files=24, longest=0.004 s, average=0.001 s; distance=239 kB, estimate=4555 kB; lsn=0/2799E58, redo lsn=0/2799E20"
2026-07-06T07:53:24.132Z,car-deal-finder/db,2026-07-06 07:53:24.130 UTC [28] LOG:  checkpoint starting: time
2026-07-06T07:53:26.472Z,car-deal-finder/db,"2026-07-06 07:53:26.472 UTC [28] LOG:  checkpoint complete: wrote 24 buffers (0.1%); 0 WAL file(s) added, 0 removed, 0 recycled; write=2.317 s, sync=0.008 s, total=2.342 s; sync files=13, longest=0.003 s, average=0.001 s; distance=96 kB, estimate=4109 kB; lsn=0/27B1E78, redo lsn=0/27B1E40"
2026-07-06T08:16:26.929Z,car-deal-finder/redis,1:M 06 Jul 2026 08:16:26.928 * 100 changes in 300 seconds. Saving...
2026-07-06T08:16:26.930Z,car-deal-finder/redis,1:M 06 Jul 2026 08:16:26.929 * Background saving started by pid 36033
2026-07-06T08:16:26.939Z,car-deal-finder/redis,36033:C 06 Jul 2026 08:16:26.938 * DB saved on disk
2026-07-06T08:16:26.939Z,car-deal-finder/redis,"36033:C 06 Jul 2026 08:16:26.938 * Fork CoW for RDB: current 0 MB, peak 0 MB, average 0 MB"
2026-07-06T08:16:27.032Z,car-deal-finder/redis,1:M 06 Jul 2026 08:16:27.031 * Background saving terminated with success
2026-07-06T09:16:28.027Z,car-deal-finder/redis,1:M 06 Jul 2026 09:16:28.027 * 1 changes in 3600 seconds. Saving...
2026-07-06T09:16:28.028Z,car-deal-finder/redis,1:M 06 Jul 2026 09:16:28.028 * Background saving started by pid 36620
2026-07-06T09:16:28.037Z,car-deal-finder/redis,36620:C 06 Jul 2026 09:16:28.036 * DB saved on disk
2026-07-06T09:16:28.037Z,car-deal-finder/redis,"36620:C 06 Jul 2026 09:16:28.037 * Fork CoW for RDB: current 0 MB, peak 0 MB, average 0 MB"
2026-07-06T09:16:28.129Z,car-deal-finder/redis,1:M 06 Jul 2026 09:16:28.128 * Background saving terminated with success
2026-07-06T11:48:51.783Z,car-deal-finder/redis,1:M 06 Jul 2026 11:48:51.783 * 1 changes in 3600 seconds. Saving...
2026-07-06T11:48:51.786Z,car-deal-finder/redis,1:M 06 Jul 2026 11:48:51.784 * Background saving started by pid 38380
2026-07-06T11:48:51.867Z,car-deal-finder/redis,38380:C 06 Jul 2026 11:48:51.866 * DB saved on disk
2026-07-06T11:48:51.867Z,car-deal-finder/redis,"38380:C 06 Jul 2026 11:48:51.867 * Fork CoW for RDB: current 0 MB, peak 0 MB, average 0 MB"
2026-07-06T11:48:51.885Z,car-deal-finder/redis,1:M 06 Jul 2026 11:48:51.885 * Background saving terminated with success
2026-07-07T15:59:38.748Z,car-deal-finder/redis,1:M 07 Jul 2026 15:59:38.748 * 1 changes in 3600 seconds. Saving...
2026-07-07T15:59:38.749Z,car-deal-finder/redis,1:M 07 Jul 2026 15:59:38.749 * Background saving started by pid 38429
2026-07-07T15:59:38.755Z,car-deal-finder/redis,38429:C 07 Jul 2026 15:59:38.754 * DB saved on disk
2026-07-07T15:59:38.755Z,car-deal-finder/redis,"38429:C 07 Jul 2026 15:59:38.755 * Fork CoW for RDB: current 0 MB, peak 0 MB, average 0 MB"
2026-07-07T15:59:38.850Z,car-deal-finder/redis,1:M 07 Jul 2026 15:59:38.850 * Background saving terminated with success
2026-07-07T16:28:39.573Z,car-deal-finder/redis,1:M 07 Jul 2026 16:28:39.572 * 100 changes in 300 seconds. Saving...
2026-07-07T16:28:39.575Z,car-deal-finder/redis,1:M 07 Jul 2026 16:28:39.574 * Background saving started by pid 40477
2026-07-07T16:28:39.591Z,car-deal-finder/redis,40477:C 07 Jul 2026 16:28:39.590 * DB saved on disk
2026-07-07T16:28:39.591Z,car-deal-finder/redis,"40477:C 07 Jul 2026 16:28:39.591 * Fork CoW for RDB: current 0 MB, peak 0 MB, average 0 MB"
2026-07-07T16:28:39.676Z,car-deal-finder/redis,1:M 07 Jul 2026 16:28:39.676 * Background saving terminated with success
2026-07-07T16:42:17.917Z,car-deal-finder/db,2026-07-07 16:42:17.916 UTC [28] LOG:  checkpoint starting: time
2026-07-07T16:42:20.180Z,car-deal-finder/db,"2026-07-07 16:42:20.179 UTC [28] LOG:  checkpoint complete: wrote 23 buffers (0.1%); 0 WAL file(s) added, 0 removed, 0 recycled; write=2.238 s, sync=0.006 s, total=2.263 s; sync files=12, longest=0.003 s, average=0.001 s; distance=90 kB, estimate=3707 kB; lsn=0/27C8740, redo lsn=0/27C86D0"
2026-07-07T16:47:17.255Z,car-deal-finder/db,2026-07-07 16:47:17.254 UTC [28] LOG:  checkpoint starting: time
2026-07-07T16:47:19.490Z,car-deal-finder/db,"2026-07-07 16:47:19.490 UTC [28] LOG:  checkpoint complete: wrote 23 buffers (0.1%); 0 WAL file(s) added, 0 removed, 0 recycled; write=2.215 s, sync=0.010 s, total=2.236 s; sync files=12, longest=0.004 s, average=0.001 s; distance=106 kB, estimate=3347 kB; lsn=0/27E32B8, redo lsn=0/27E3280"
2026-07-07T17:01:59.741Z,car-deal-finder/redis,1:M 07 Jul 2026 17:01:59.739 * 100 changes in 300 seconds. Saving...
2026-07-07T17:01:59.745Z,car-deal-finder/redis,1:M 07 Jul 2026 17:01:59.742 * Background saving started by pid 42833
2026-07-07T17:01:59.756Z,car-deal-finder/redis,42833:C 07 Jul 2026 17:01:59.756 * DB saved on disk
2026-07-07T17:01:59.757Z,car-deal-finder/redis,"42833:C 07 Jul 2026 17:01:59.757 * Fork CoW for RDB: current 0 MB, peak 0 MB, average 0 MB"
2026-07-07T17:01:59.844Z,car-deal-finder/redis,1:M 07 Jul 2026 17:01:59.844 * Background saving terminated with success
2026-07-07T18:12:51.779Z,car-deal-finder/redis,1:M 07 Jul 2026 18:12:51.766 * 1 changes in 3600 seconds. Saving...
2026-07-07T18:12:51.781Z,car-deal-finder/redis,1:M 07 Jul 2026 18:12:51.768 * Background saving started by pid 45864
2026-07-07T18:12:51.801Z,car-deal-finder/redis,45864:C 07 Jul 2026 18:12:51.801 * DB saved on disk
2026-07-07T18:12:51.802Z,car-deal-finder/redis,"45864:C 07 Jul 2026 18:12:51.801 * Fork CoW for RDB: current 0 MB, peak 0 MB, average 0 MB"
2026-07-07T18:12:51.870Z,car-deal-finder/redis,1:M 07 Jul 2026 18:12:51.870 * Background saving terminated with success
2026-07-07T20:02:36.812Z,car-deal-finder/redis,1:M 07 Jul 2026 20:02:36.812 * 1 changes in 3600 seconds. Saving...
2026-07-07T20:02:36.813Z,car-deal-finder/redis,1:M 07 Jul 2026 20:02:36.812 * Background saving started by pid 45895
2026-07-07T20:02:36.818Z,car-deal-finder/redis,45895:C 07 Jul 2026 20:02:36.818 * DB saved on disk
2026-07-07T20:02:36.819Z,car-deal-finder/redis,"45895:C 07 Jul 2026 20:02:36.818 * Fork CoW for RDB: current 0 MB, peak 0 MB, average 0 MB"
2026-07-07T20:02:36.913Z,car-deal-finder/redis,1:M 07 Jul 2026 20:02:36.913 * Background saving terminated with success
2026-07-08T03:27:59.712Z,car-deal-finder/redis,1:M 08 Jul 2026 03:27:59.666 * 1 changes in 3600 seconds. Saving...
2026-07-08T03:27:59.712Z,car-deal-finder/redis,1:M 08 Jul 2026 03:27:59.668 * Background saving started by pid 46022
2026-07-08T03:27:59.788Z,car-deal-finder/redis,46022:C 08 Jul 2026 03:27:59.788 * DB saved on disk
2026-07-08T03:27:59.789Z,car-deal-finder/redis,"46022:C 08 Jul 2026 03:27:59.788 * Fork CoW for RDB: current 0 MB, peak 0 MB, average 0 MB"
2026-07-08T03:27:59.795Z,car-deal-finder/redis,1:M 08 Jul 2026 03:27:59.794 * Background saving terminated with success
2026-07-09T06:42:11.381Z,car-deal-finder/redis,1:M 09 Jul 2026 06:42:11.380 * 1 changes in 3600 seconds. Saving...
2026-07-09T06:42:11.383Z,car-deal-finder/redis,1:M 09 Jul 2026 06:42:11.381 * Background saving started by pid 46134
2026-07-09T06:42:11.396Z,car-deal-finder/redis,46134:C 09 Jul 2026 06:42:11.395 * DB saved on disk
2026-07-09T06:42:11.396Z,car-deal-finder/redis,"46134:C 09 Jul 2026 06:42:11.396 * Fork CoW for RDB: current 0 MB, peak 0 MB, average 0 MB"
2026-07-09T06:42:11.483Z,car-deal-finder/redis,1:M 09 Jul 2026 06:42:11.482 * Background saving terminated with success
2026-07-09T06:45:47.449Z,car-deal-finder/db,2026-07-09 06:45:47.446 UTC [28] LOG:  checkpoint starting: time
2026-07-09T06:45:47.897Z,car-deal-finder/db,"2026-07-09 06:45:47.897 UTC [28] LOG:  checkpoint complete: wrote 4 buffers (0.0%); 0 WAL file(s) added, 0 removed, 0 recycled; write=0.423 s, sync=0.005 s, total=0.454 s; sync files=2, longest=0.004 s, average=0.003 s; distance=12 kB, estimate=3014 kB; lsn=0/27E65D8, redo lsn=0/27E65A0"
2026-07-09T06:50:39.336Z,car-deal-finder/redis,1:M 09 Jul 2026 06:50:39.336 * 100 changes in 300 seconds. Saving...
2026-07-09T06:50:39.336Z,car-deal-finder/redis,1:M 09 Jul 2026 06:50:39.336 * Background saving started by pid 46746
2026-07-09T06:50:39.350Z,car-deal-finder/redis,46746:C 09 Jul 2026 06:50:39.350 * DB saved on disk
2026-07-09T06:50:39.350Z,car-deal-finder/redis,"46746:C 09 Jul 2026 06:50:39.350 * Fork CoW for RDB: current 0 MB, peak 0 MB, average 0 MB"
2026-07-09T06:50:39.437Z,car-deal-finder/redis,1:M 09 Jul 2026 06:50:39.437 * Background saving terminated with success
2026-07-09T06:50:47.965Z,car-deal-finder/db,2026-07-09 06:50:47.961 UTC [28] LOG:  checkpoint starting: time
2026-07-09T06:50:51.835Z,car-deal-finder/db,"2026-07-09 06:50:51.835 UTC [28] LOG:  checkpoint complete: wrote 39 buffers (0.2%); 0 WAL file(s) added, 0 removed, 0 recycled; write=3.841 s, sync=0.009 s, total=3.875 s; sync files=19, longest=0.004 s, average=0.001 s; distance=177 kB, estimate=2730 kB; lsn=0/2812B48, redo lsn=0/2812B10"
2026-07-09T06:55:47.911Z,car-deal-finder/db,2026-07-09 06:55:47.910 UTC [28] LOG:  checkpoint starting: time
2026-07-09T06:55:50.164Z,car-deal-finder/db,"2026-07-09 06:55:50.163 UTC [28] LOG:  checkpoint complete: wrote 23 buffers (0.1%); 0 WAL file(s) added, 0 removed, 0 recycled; write=2.229 s, sync=0.005 s, total=2.254 s; sync files=12, longest=0.002 s, average=0.001 s; distance=112 kB, estimate=2468 kB; lsn=0/282ED80, redo lsn=0/282ED48"
2026-07-09T07:37:47.754Z,backend,[internal] load build definition from Dockerfile
2026-07-09T07:37:47.754Z,backend,[internal] load build definition from Dockerfile
2026-07-09T07:37:47.754Z,backend,[internal] load build definition from Dockerfile
2026-07-09T07:37:47.762Z,backend,[internal] load build definition from Dockerfile
2026-07-09T07:37:47.762Z,backend,[internal] load build definition from Dockerfile
2026-07-09T07:37:47.762Z,backend,[internal] load build definition from Dockerfile
2026-07-09T07:37:47.810Z,backend,transferring (418 bytes)
2026-07-09T07:37:47.810Z,backend,transferring (418 bytes)
2026-07-09T07:37:47.810Z,backend,transferring (418 bytes)
2026-07-09T07:37:47.847Z,backend,[internal] load metadata for docker.io/library/python:3.12-slim
2026-07-09T07:37:47.847Z,backend,[internal] load metadata for docker.io/library/python:3.12-slim
2026-07-09T07:37:47.847Z,backend,[internal] load metadata for docker.io/library/python:3.12-slim
2026-07-09T07:37:48.864Z,backend,[internal] load .dockerignore
2026-07-09T07:37:48.864Z,backend,[internal] load .dockerignore
2026-07-09T07:37:48.864Z,backend,[internal] load .dockerignore
2026-07-09T07:37:48.865Z,backend,[internal] load .dockerignore
2026-07-09T07:37:48.865Z,backend,[internal] load .dockerignore
2026-07-09T07:37:48.865Z,backend,[internal] load .dockerignore
2026-07-09T07:37:48.922Z,backend,[internal] load build context
2026-07-09T07:37:48.922Z,backend,[internal] load build context
2026-07-09T07:37:48.922Z,backend,[internal] load build context
2026-07-09T07:37:48.922Z,backend,[internal] load build context
2026-07-09T07:37:48.923Z,backend,[1/6] FROM docker.io/library/python:3.12-slim@sha256:423ed6ab25b1921a477529254bfeeabf5855151dc2c3141699a1bfc852199fbf
2026-07-09T07:37:48.923Z,backend,[1/6] FROM docker.io/library/python:3.12-slim@sha256:423ed6ab25b1921a477529254bfeeabf5855151dc2c3141699a1bfc852199fbf
2026-07-09T07:37:48.923Z,backend,[1/6] FROM docker.io/library/python:3.12-slim@sha256:423ed6ab25b1921a477529254bfeeabf5855151dc2c3141699a1bfc852199fbf
2026-07-09T07:37:48.928Z,backend,[internal] load build context
2026-07-09T07:37:48.928Z,backend,[internal] load build context
2026-07-09T07:37:48.928Z,backend,[internal] load build context
2026-07-09T07:37:49.002Z,backend,resolve docker.io/library/python:3.12-slim@sha256:423ed6ab25b1921a477529254bfeeabf5855151dc2c3141699a1bfc852199fbf
2026-07-09T07:37:49.002Z,backend,resolve docker.io/library/python:3.12-slim@sha256:423ed6ab25b1921a477529254bfeeabf5855151dc2c3141699a1bfc852199fbf
2026-07-09T07:37:49.002Z,backend,resolve docker.io/library/python:3.12-slim@sha256:423ed6ab25b1921a477529254bfeeabf5855151dc2c3141699a1bfc852199fbf
2026-07-09T07:37:49.003Z,backend,[1/6] FROM docker.io/library/python:3.12-slim@sha256:423ed6ab25b1921a477529254bfeeabf5855151dc2c3141699a1bfc852199fbf
2026-07-09T07:37:49.003Z,backend,[1/6] FROM docker.io/library/python:3.12-slim@sha256:423ed6ab25b1921a477529254bfeeabf5855151dc2c3141699a1bfc852199fbf
2026-07-09T07:37:49.003Z,backend,[1/6] FROM docker.io/library/python:3.12-slim@sha256:423ed6ab25b1921a477529254bfeeabf5855151dc2c3141699a1bfc852199fbf
2026-07-09T07:37:50.312Z,backend,transferring (1313762 bytes)
2026-07-09T07:37:50.312Z,backend,transferring (1313762 bytes)
2026-07-09T07:37:50.312Z,backend,transferring (1313762 bytes)
2026-07-09T07:37:50.412Z,backend,[2/6] WORKDIR /app
2026-07-09T07:37:50.412Z,backend,[3/6] RUN apt-get update && apt-get install -y --no-install-recommends     gcc libpq-dev     && rm -rf /var/lib/apt/lists/*
2026-07-09T07:37:50.412Z,backend,[4/6] COPY requirements.txt .
2026-07-09T07:37:50.412Z,backend,[5/6] RUN pip install --no-cache-dir -r requirements.txt
2026-07-09T07:37:50.412Z,backend,[2/6] WORKDIR /app
2026-07-09T07:37:50.412Z,backend,[3/6] RUN apt-get update && apt-get install -y --no-install-recommends     gcc libpq-dev     && rm -rf /var/lib/apt/lists/*
2026-07-09T07:37:50.412Z,backend,[4/6] COPY requirements.txt .
2026-07-09T07:37:50.412Z,backend,[5/6] RUN pip install --no-cache-dir -r requirements.txt
2026-07-09T07:37:50.412Z,backend,[2/6] WORKDIR /app
2026-07-09T07:37:50.412Z,backend,[3/6] RUN apt-get update && apt-get install -y --no-install-recommends     gcc libpq-dev     && rm -rf /var/lib/apt/lists/*
2026-07-09T07:37:50.412Z,backend,[4/6] COPY requirements.txt .
2026-07-09T07:37:50.412Z,backend,[5/6] RUN pip install --no-cache-dir -r requirements.txt
2026-07-09T07:37:50.413Z,backend,[6/6] COPY . .
2026-07-09T07:37:50.413Z,backend,[6/6] COPY . .
2026-07-09T07:37:50.413Z,backend,[6/6] COPY . .
2026-07-09T07:38:01.786Z,backend,exporting to image
2026-07-09T07:38:01.787Z,backend,exporting to image
2026-07-09T07:38:01.789Z,backend,exporting to image
2026-07-09T07:38:08.282Z,backend,exporting layers
2026-07-09T07:38:08.282Z,backend,exporting layers
2026-07-09T07:38:08.284Z,backend,exporting layers
2026-07-09T07:38:08.320Z,backend,exporting manifest sha256:715c22175dad3acd8a1c2a60fb6d04e38b7082e458ca1c018c7b7a7ef8bcfaa2
2026-07-09T07:38:08.327Z,backend,exporting manifest sha256:77cf277d0b79645b03bff952a28f5615ceaef7a5d448f9099b8b1ffb73e0c41f
2026-07-09T07:38:08.331Z,backend,exporting manifest sha256:ea7a56c56e9ae52370e7db15c37aa4502db1027fce523da33883e343f1800538
2026-07-09T07:38:08.343Z,backend,exporting config sha256:c4c76b5bdb4809fd06e78fb60411b875e59e64b496e1811d5a65db49daa114b1
2026-07-09T07:38:08.358Z,backend,exporting config sha256:4c02af848c2501e67680285b247eaa9551b1b85ee239529d0cca3525be2cffbe
2026-07-09T07:38:08.367Z,backend,exporting config sha256:196eea6d23e02f1ab7645b0e671196aa66240e28bd2fb80072f27af49e73fb82
2026-07-09T07:38:08.423Z,backend,exporting attestation manifest sha256:fc00f585da52b6c3580290b4f228916c323d610b0aff51071a3c50531f71b366
2026-07-09T07:38:08.442Z,backend,exporting attestation manifest sha256:2b01584d35724f6282c369e7c96cb38e812f00673f7ae67a5cad3eda68720741
2026-07-09T07:38:08.445Z,backend,exporting attestation manifest sha256:5dcfe829609a97df5d583b0950852daaae41482934cf9d8e3423fb2e01609c92
2026-07-09T07:38:08.450Z,backend,exporting manifest list sha256:4bea1f8e601f2240b96ebc2f2713e35ae6409e8eb78080809faa3e5b53ddda10
2026-07-09T07:38:08.464Z,backend,naming to docker.io/library/car-deal-finder-beat:latest
2026-07-09T07:38:08.474Z,backend,exporting manifest list sha256:a28606405c013adbb21cfda121fc503b3224d1d5c837b2521ecd3360d3d242ba
2026-07-09T07:38:08.478Z,backend,exporting manifest list sha256:91305dd38371596b253431b4f8199bd13951bc61f30876d77a29c854e15face8
2026-07-09T07:38:08.480Z,backend,naming to docker.io/library/car-deal-finder-worker:latest
2026-07-09T07:38:08.486Z,backend,naming to docker.io/library/car-deal-finder-backend:latest
2026-07-09T07:38:12.592Z,backend,unpacking to docker.io/library/car-deal-finder-worker:latest
2026-07-09T07:38:12.594Z,backend,unpacking to docker.io/library/car-deal-finder-beat:latest
2026-07-09T07:38:12.596Z,backend,unpacking to docker.io/library/car-deal-finder-backend:latest
2026-07-09T07:38:24.663Z,car-deal-finder/backend,INFO  [alembic.runtime.migration] Context impl PostgresqlImpl.
2026-07-09T07:38:24.663Z,car-deal-finder/backend,INFO  [alembic.runtime.migration] Will assume transactional DDL.
2026-07-09T07:38:25.210Z,car-deal-finder/backend,INFO:     Will watch for changes in these directories: ['/app']
2026-07-09T07:38:25.211Z,car-deal-finder/backend,INFO:     Uvicorn running on http://0.0.0.0:8000 (Press CTRL+C to quit)
2026-07-09T07:38:25.211Z,car-deal-finder/backend,INFO:     Started reloader process [10] using WatchFiles
2026-07-09T07:38:27.002Z,car-deal-finder/worker,Traceback (most recent call last):
2026-07-09T07:38:27.002Z,car-deal-finder/worker,"  File ""/usr/local/bin/celery"", line 8, in <module>"
2026-07-09T07:38:27.002Z,car-deal-finder/worker,    sys.exit(main())
2026-07-09T07:38:27.002Z,car-deal-finder/beat,celery beat v5.4.0 (opalescent) is starting.
2026-07-09T07:38:27.002Z,car-deal-finder/beat,Traceback (most recent call last):
2026-07-09T07:38:27.002Z,car-deal-finder/beat,"  File ""/usr/local/bin/celery"", line 8, in <module>"
2026-07-09T07:38:27.002Z,car-deal-finder/beat,    sys.exit(main())
2026-07-09T07:38:27.003Z,car-deal-finder/worker,             ^^^^^^
2026-07-09T07:38:27.003Z,car-deal-finder/worker,"  File ""/usr/local/lib/python3.12/site-packages/celery/__main__.py"", line 15, in main"
2026-07-09T07:38:27.003Z,car-deal-finder/beat,             ^^^^^^
2026-07-09T07:38:27.003Z,car-deal-finder/beat,"  File ""/usr/local/lib/python3.12/site-packages/celery/__main__.py"", line 15, in main"
2026-07-09T07:38:27.004Z,car-deal-finder/worker,    sys.exit(_main())
2026-07-09T07:38:27.004Z,car-deal-finder/worker,             ^^^^^^^
2026-07-09T07:38:27.004Z,car-deal-finder/worker,"  File ""/usr/local/lib/python3.12/site-packages/celery/bin/celery.py"", line 236, in main"
2026-07-09T07:38:27.004Z,car-deal-finder/worker,"    return celery(auto_envvar_prefix=""CELERY"")"
2026-07-09T07:38:27.004Z,car-deal-finder/worker,           ^^^^^^^^^^^^^^^^^^^^^^^^^^^^^^^^^^^
2026-07-09T07:38:27.004Z,car-deal-finder/worker,"  File ""/usr/local/lib/python3.12/site-packages/click/core.py"", line 1569, in __call__"
2026-07-09T07:38:27.004Z,car-deal-finder/beat,    sys.exit(_main())
2026-07-09T07:38:27.004Z,car-deal-finder/beat,             ^^^^^^^
2026-07-09T07:38:27.004Z,car-deal-finder/beat,"  File ""/usr/local/lib/python3.12/site-packages/celery/bin/celery.py"", line 236, in main"
2026-07-09T07:38:27.004Z,car-deal-finder/beat,"    return celery(auto_envvar_prefix=""CELERY"")"
2026-07-09T07:38:27.004Z,car-deal-finder/beat,           ^^^^^^^^^^^^^^^^^^^^^^^^^^^^^^^^^^^
2026-07-09T07:38:27.004Z,car-deal-finder/beat,"  File ""/usr/local/lib/python3.12/site-packages/click/core.py"", line 1569, in __call__"
2026-07-09T07:38:27.006Z,car-deal-finder/worker,"    return self.main(*args, **kwargs)"
2026-07-09T07:38:27.006Z,car-deal-finder/worker,           ^^^^^^^^^^^^^^^^^^^^^^^^^^
2026-07-09T07:38:27.006Z,car-deal-finder/worker,"  File ""/usr/local/lib/python3.12/site-packages/click/core.py"", line 1490, in main"
2026-07-09T07:38:27.006Z,car-deal-finder/worker,    rv = self.invoke(ctx)
2026-07-09T07:38:27.006Z,car-deal-finder/worker,         ^^^^^^^^^^^^^^^^
2026-07-09T07:38:27.006Z,car-deal-finder/worker,"  File ""/usr/local/lib/python3.12/site-packages/click/core.py"", line 1970, in invoke"
2026-07-09T07:38:27.006Z,car-deal-finder/worker,    return _process_result(sub_ctx.command.invoke(sub_ctx))
2026-07-09T07:38:27.006Z,car-deal-finder/worker,                           ^^^^^^^^^^^^^^^^^^^^^^^^^^^^^^^
2026-07-09T07:38:27.006Z,car-deal-finder/worker,"  File ""/usr/local/lib/python3.12/site-packages/click/core.py"", line 1353, in invoke"
2026-07-09T07:38:27.006Z,car-deal-finder/worker,"    return ctx.invoke(self.callback, **ctx.params)"
2026-07-09T07:38:27.006Z,car-deal-finder/worker,           ^^^^^^^^^^^^^^^^^^^^^^^^^^^^^^^^^^^^^^^
2026-07-09T07:38:27.006Z,car-deal-finder/worker,"  File ""/usr/local/lib/python3.12/site-packages/click/core.py"", line 907, in invoke"
2026-07-09T07:38:27.006Z,car-deal-finder/beat,"    return self.main(*args, **kwargs)"
2026-07-09T07:38:27.006Z,car-deal-finder/beat,           ^^^^^^^^^^^^^^^^^^^^^^^^^^
2026-07-09T07:38:27.006Z,car-deal-finder/beat,"  File ""/usr/local/lib/python3.12/site-packages/click/core.py"", line 1490, in main"
2026-07-09T07:38:27.006Z,car-deal-finder/beat,    rv = self.invoke(ctx)
2026-07-09T07:38:27.006Z,car-deal-finder/beat,         ^^^^^^^^^^^^^^^^
2026-07-09T07:38:27.006Z,car-deal-finder/beat,"  File ""/usr/local/lib/python3.12/site-packages/click/core.py"", line 1970, in invoke"
2026-07-09T07:38:27.006Z,car-deal-finder/beat,    return _process_result(sub_ctx.command.invoke(sub_ctx))
2026-07-09T07:38:27.006Z,car-deal-finder/beat,                           ^^^^^^^^^^^^^^^^^^^^^^^^^^^^^^^
2026-07-09T07:38:27.006Z,car-deal-finder/beat,"  File ""/usr/local/lib/python3.12/site-packages/click/core.py"", line 1353, in invoke"
2026-07-09T07:38:27.007Z,car-deal-finder/worker,"    return callback(*args, **kwargs)"
2026-07-09T07:38:27.007Z,car-deal-finder/worker,           ^^^^^^^^^^^^^^^^^^^^^^^^^
2026-07-09T07:38:27.007Z,car-deal-finder/worker,"  File ""/usr/local/lib/python3.12/site-packages/click/decorators.py"", line 34, in new_func"
2026-07-09T07:38:27.007Z,car-deal-finder/beat,"    return ctx.invoke(self.callback, **ctx.params)"
2026-07-09T07:38:27.007Z,car-deal-finder/beat,           ^^^^^^^^^^^^^^^^^^^^^^^^^^^^^^^^^^^^^^^
2026-07-09T07:38:27.007Z,car-deal-finder/beat,"  File ""/usr/local/lib/python3.12/site-packages/click/core.py"", line 907, in invoke"
2026-07-09T07:38:27.007Z,car-deal-finder/beat,"    return callback(*args, **kwargs)"
2026-07-09T07:38:27.007Z,car-deal-finder/beat,           ^^^^^^^^^^^^^^^^^^^^^^^^^
2026-07-09T07:38:27.007Z,car-deal-finder/beat,"  File ""/usr/local/lib/python3.12/site-packages/click/decorators.py"", line 34, in new_func"
2026-07-09T07:38:27.008Z,car-deal-finder/worker,"    return f(get_current_context(), *args, **kwargs)"
2026-07-09T07:38:27.008Z,car-deal-finder/worker,           ^^^^^^^^^^^^^^^^^^^^^^^^^^^^^^^^^^^^^^^^^
2026-07-09T07:38:27.008Z,car-deal-finder/worker,"  File ""/usr/local/lib/python3.12/site-packages/celery/bin/base.py"", line 135, in caller"
2026-07-09T07:38:27.008Z,car-deal-finder/worker,"    return f(ctx, *args, **kwargs)"
2026-07-09T07:38:27.008Z,car-deal-finder/worker,           ^^^^^^^^^^^^^^^^^^^^^^^
2026-07-09T07:38:27.008Z,car-deal-finder/worker,"  File ""/usr/local/lib/python3.12/site-packages/celery/bin/worker.py"", line 348, in worker"
2026-07-09T07:38:27.008Z,car-deal-finder/beat,"    return f(get_current_context(), *args, **kwargs)"
2026-07-09T07:38:27.008Z,car-deal-finder/beat,           ^^^^^^^^^^^^^^^^^^^^^^^^^^^^^^^^^^^^^^^^^
2026-07-09T07:38:27.008Z,car-deal-finder/beat,"  File ""/usr/local/lib/python3.12/site-packages/celery/bin/base.py"", line 135, in caller"
2026-07-09T07:38:27.008Z,car-deal-finder/beat,"    return f(ctx, *args, **kwargs)"
2026-07-09T07:38:27.008Z,car-deal-finder/beat,           ^^^^^^^^^^^^^^^^^^^^^^^
2026-07-09T07:38:27.008Z,car-deal-finder/beat,"  File ""/usr/local/lib/python3.12/site-packages/celery/bin/beat.py"", line 72, in beat"
2026-07-09T07:38:27.009Z,car-deal-finder/worker,    worker = app.Worker(
2026-07-09T07:38:27.009Z,car-deal-finder/worker,             ^^^^^^^^^^^
2026-07-09T07:38:27.009Z,car-deal-finder/worker,"  File ""/usr/local/lib/python3.12/site-packages/celery/worker/worker.py"", line 93, in __init__"
2026-07-09T07:38:27.009Z,car-deal-finder/worker,    self.app.loader.init_worker()
2026-07-09T07:38:27.009Z,car-deal-finder/worker,"  File ""/usr/local/lib/python3.12/site-packages/celery/loaders/base.py"", line 110, in init_worker"
2026-07-09T07:38:27.009Z,car-deal-finder/beat,    return beat().run()
2026-07-09T07:38:27.009Z,car-deal-finder/beat,           ^^^^^^^^^^^^
2026-07-09T07:38:27.009Z,car-deal-finder/beat,"  File ""/usr/local/lib/python3.12/site-packages/celery/apps/beat.py"", line 82, in run"
2026-07-09T07:38:27.009Z,car-deal-finder/beat,    self.init_loader()
2026-07-09T07:38:27.009Z,car-deal-finder/beat,"  File ""/usr/local/lib/python3.12/site-packages/celery/apps/beat.py"", line 132, in init_loader"
2026-07-09T07:38:27.009Z,car-deal-finder/beat,    self.app.loader.init_worker()
2026-07-09T07:38:27.009Z,car-deal-finder/beat,"  File ""/usr/local/lib/python3.12/site-packages/celery/loaders/base.py"", line 110, in init_worker"
2026-07-09T07:38:27.010Z,car-deal-finder/worker,    self.import_default_modules()
2026-07-09T07:38:27.010Z,car-deal-finder/worker,"  File ""/usr/local/lib/python3.12/site-packages/celery/loaders/base.py"", line 105, in import_default_modules"
2026-07-09T07:38:27.010Z,car-deal-finder/worker,    return [self.import_task_module(m) for m in self.default_modules]
2026-07-09T07:38:27.010Z,car-deal-finder/beat,    self.import_default_modules()
2026-07-09T07:38:27.010Z,car-deal-finder/beat,"  File ""/usr/local/lib/python3.12/site-packages/celery/loaders/base.py"", line 105, in import_default_modules"
2026-07-09T07:38:27.010Z,car-deal-finder/beat,    return [self.import_task_module(m) for m in self.default_modules]
2026-07-09T07:38:27.010Z,car-deal-finder/beat,            ^^^^^^^^^^^^^^^^^^^^^^^^^^
2026-07-09T07:38:27.010Z,car-deal-finder/beat,"  File ""/usr/local/lib/python3.12/site-packages/celery/loaders/base.py"", line 85, in import_task_module"
2026-07-09T07:38:27.010Z,car-deal-finder/worker,            ^^^^^^^^^^^^^^^^^^^^^^^^^^
2026-07-09T07:38:27.010Z,car-deal-finder/worker,"  File ""/usr/local/lib/python3.12/site-packages/celery/loaders/base.py"", line 85, in import_task_module"
2026-07-09T07:38:27.010Z,car-deal-finder/worker,    return self.import_from_cwd(module)
2026-07-09T07:38:27.010Z,car-deal-finder/worker,           ^^^^^^^^^^^^^^^^^^^^^^^^^^^^
2026-07-09T07:38:27.010Z,car-deal-finder/worker,"  File ""/usr/local/lib/python3.12/site-packages/celery/loaders/base.py"", line 91, in import_from_cwd"
2026-07-09T07:38:27.010Z,car-deal-finder/worker,    return import_from_cwd(
2026-07-09T07:38:27.010Z,car-deal-finder/worker,           ^^^^^^^^^^^^^^^^
2026-07-09T07:38:27.010Z,car-deal-finder/worker,"  File ""/usr/local/lib/python3.12/site-packages/celery/utils/imports.py"", line 109, in import_from_cwd"
2026-07-09T07:38:27.011Z,car-deal-finder/beat,    return self.import_from_cwd(module)
2026-07-09T07:38:27.011Z,car-deal-finder/beat,           ^^^^^^^^^^^^^^^^^^^^^^^^^^^^
2026-07-09T07:38:27.011Z,car-deal-finder/beat,"  File ""/usr/local/lib/python3.12/site-packages/celery/loaders/base.py"", line 91, in import_from_cwd"
2026-07-09T07:38:27.011Z,car-deal-finder/beat,    return import_from_cwd(
2026-07-09T07:38:27.011Z,car-deal-finder/beat,           ^^^^^^^^^^^^^^^^
2026-07-09T07:38:27.011Z,car-deal-finder/beat,"  File ""/usr/local/lib/python3.12/site-packages/celery/utils/imports.py"", line 109, in import_from_cwd"
2026-07-09T07:38:27.011Z,car-deal-finder/beat,"    return imp(module, package=package)"
2026-07-09T07:38:27.011Z,car-deal-finder/beat,           ^^^^^^^^^^^^^^^^^^^^^^^^^^^^
2026-07-09T07:38:27.011Z,car-deal-finder/beat,"  File ""/usr/local/lib/python3.12/site-packages/celery/loaders/base.py"", line 88, in import_module"
2026-07-09T07:38:27.011Z,car-deal-finder/beat,"    return importlib.import_module(module, package=package)"
2026-07-09T07:38:27.011Z,car-deal-finder/beat,           ^^^^^^^^^^^^^^^^^^^^^^^^^^^^^^^^^^^^^^^^^^^^^^^^
2026-07-09T07:38:27.011Z,car-deal-finder/beat,"  File ""/usr/local/lib/python3.12/importlib/__init__.py"", line 90, in import_module"
2026-07-09T07:38:27.011Z,car-deal-finder/worker,"    return imp(module, package=package)"
2026-07-09T07:38:27.011Z,car-deal-finder/worker,           ^^^^^^^^^^^^^^^^^^^^^^^^^^^^
2026-07-09T07:38:27.011Z,car-deal-finder/worker,"  File ""/usr/local/lib/python3.12/site-packages/celery/loaders/base.py"", line 88, in import_module"
2026-07-09T07:38:27.011Z,car-deal-finder/worker,"    return importlib.import_module(module, package=package)"
2026-07-09T07:38:27.011Z,car-deal-finder/worker,           ^^^^^^^^^^^^^^^^^^^^^^^^^^^^^^^^^^^^^^^^^^^^^^^^
2026-07-09T07:38:27.011Z,car-deal-finder/worker,"  File ""/usr/local/lib/python3.12/importlib/__init__.py"", line 90, in import_module"
2026-07-09T07:38:27.012Z,car-deal-finder/beat,"    return _bootstrap._gcd_import(name[level:], package, level)"
2026-07-09T07:38:27.012Z,car-deal-finder/beat,           ^^^^^^^^^^^^^^^^^^^^^^^^^^^^^^^^^^^^^^^^^^^^^^^^^^^^
2026-07-09T07:38:27.012Z,car-deal-finder/beat,"  File ""<frozen importlib._bootstrap>"", line 1387, in _gcd_import"
2026-07-09T07:38:27.012Z,car-deal-finder/beat,"  File ""<frozen importlib._bootstrap>"", line 1360, in _find_and_load"
2026-07-09T07:38:27.012Z,car-deal-finder/beat,"  File ""<frozen importlib._bootstrap>"", line 1331, in _find_and_load_unlocked"
2026-07-09T07:38:27.012Z,car-deal-finder/beat,"  File ""<frozen importlib._bootstrap>"", line 935, in _load_unlocked"
2026-07-09T07:38:27.012Z,car-deal-finder/beat,"  File ""<frozen importlib._bootstrap_external>"", line 999, in exec_module"
2026-07-09T07:38:27.012Z,car-deal-finder/beat,"  File ""<frozen importlib._bootstrap>"", line 488, in _call_with_frames_removed"
2026-07-09T07:38:27.012Z,car-deal-finder/beat,"  File ""/app/app/tasks.py"", line 27, in <module>"
2026-07-09T07:38:27.012Z,car-deal-finder/worker,"    return _bootstrap._gcd_import(name[level:], package, level)"
2026-07-09T07:38:27.012Z,car-deal-finder/worker,           ^^^^^^^^^^^^^^^^^^^^^^^^^^^^^^^^^^^^^^^^^^^^^^^^^^^^
2026-07-09T07:38:27.012Z,car-deal-finder/worker,"  File ""<frozen importlib._bootstrap>"", line 1387, in _gcd_import"
2026-07-09T07:38:27.012Z,car-deal-finder/worker,"  File ""<frozen importlib._bootstrap>"", line 1360, in _find_and_load"
2026-07-09T07:38:27.012Z,car-deal-finder/worker,"  File ""<frozen importlib._bootstrap>"", line 1331, in _find_and_load_unlocked"
2026-07-09T07:38:27.012Z,car-deal-finder/worker,"  File ""<frozen importlib._bootstrap>"", line 935, in _load_unlocked"
2026-07-09T07:38:27.012Z,car-deal-finder/worker,"  File ""<frozen importlib._bootstrap_external>"", line 999, in exec_module"
2026-07-09T07:38:27.012Z,car-deal-finder/worker,"  File ""<frozen importlib._bootstrap>"", line 488, in _call_with_frames_removed"
2026-07-09T07:38:27.012Z,car-deal-finder/worker,"  File ""/app/app/tasks.py"", line 27, in <module>"
2026-07-09T07:38:27.016Z,car-deal-finder/beat,"    from .urlnorm import domain_of, normalize_url, url_hash"
2026-07-09T07:38:27.016Z,car-deal-finder/beat,"  File ""/app/app/urlnorm.py"", line 1"
2026-07-09T07:38:27.016Z,car-deal-finder/beat,"    """"""URL normalization for product identity."
2026-07-09T07:38:27.016Z,car-deal-finder/beat,IndentationError: unexpected indent
2026-07-09T07:38:27.016Z,car-deal-finder/worker,"    from .urlnorm import domain_of, normalize_url, url_hash"
2026-07-09T07:38:27.016Z,car-deal-finder/worker,"  File ""/app/app/urlnorm.py"", line 1"
2026-07-09T07:38:27.016Z,car-deal-finder/worker,"    """"""URL normalization for product identity."
2026-07-09T07:38:27.016Z,car-deal-finder/worker,IndentationError: unexpected indent
2026-07-09T07:38:30.787Z,car-deal-finder/worker,Traceback (most recent call last):
2026-07-09T07:38:30.787Z,car-deal-finder/worker,"  File ""/usr/local/bin/celery"", line 8, in <module>"
2026-07-09T07:38:30.787Z,car-deal-finder/worker,    sys.exit(main())
2026-07-09T07:38:30.787Z,car-deal-finder/worker,             ^^^^^^
2026-07-09T07:38:30.787Z,car-deal-finder/worker,"  File ""/usr/local/lib/python3.12/site-packages/celery/__main__.py"", line 15, in main"
2026-07-09T07:38:30.787Z,car-deal-finder/worker,    sys.exit(_main())
2026-07-09T07:38:30.787Z,car-deal-finder/worker,             ^^^^^^^
2026-07-09T07:38:30.787Z,car-deal-finder/worker,"  File ""/usr/local/lib/python3.12/site-packages/celery/bin/celery.py"", line 236, in main"
2026-07-09T07:38:30.787Z,car-deal-finder/worker,"    return celery(auto_envvar_prefix=""CELERY"")"
2026-07-09T07:38:30.787Z,car-deal-finder/worker,           ^^^^^^^^^^^^^^^^^^^^^^^^^^^^^^^^^^^
2026-07-09T07:38:30.787Z,car-deal-finder/worker,"  File ""/usr/local/lib/python3.12/site-packages/click/core.py"", line 1569, in __call__"
2026-07-09T07:38:30.788Z,car-deal-finder/worker,"    return self.main(*args, **kwargs)"
2026-07-09T07:38:30.788Z,car-deal-finder/worker,           ^^^^^^^^^^^^^^^^^^^^^^^^^^
2026-07-09T07:38:30.788Z,car-deal-finder/worker,"  File ""/usr/local/lib/python3.12/site-packages/click/core.py"", line 1490, in main"
2026-07-09T07:38:30.788Z,car-deal-finder/worker,    rv = self.invoke(ctx)
2026-07-09T07:38:30.788Z,car-deal-finder/worker,         ^^^^^^^^^^^^^^^^
2026-07-09T07:38:30.788Z,car-deal-finder/worker,"  File ""/usr/local/lib/python3.12/site-packages/click/core.py"", line 1970, in invoke"
2026-07-09T07:38:30.789Z,car-deal-finder/worker,    return _process_result(sub_ctx.command.invoke(sub_ctx))
2026-07-09T07:38:30.789Z,car-deal-finder/worker,                           ^^^^^^^^^^^^^^^^^^^^^^^^^^^^^^^
2026-07-09T07:38:30.789Z,car-deal-finder/worker,"  File ""/usr/local/lib/python3.12/site-packages/click/core.py"", line 1353, in invoke"
2026-07-09T07:38:30.789Z,car-deal-finder/worker,"    return ctx.invoke(self.callback, **ctx.params)"
2026-07-09T07:38:30.789Z,car-deal-finder/worker,           ^^^^^^^^^^^^^^^^^^^^^^^^^^^^^^^^^^^^^^^
2026-07-09T07:38:30.789Z,car-deal-finder/worker,"  File ""/usr/local/lib/python3.12/site-packages/click/core.py"", line 907, in invoke"
2026-07-09T07:38:30.790Z,car-deal-finder/worker,"    return callback(*args, **kwargs)"
2026-07-09T07:38:30.790Z,car-deal-finder/worker,           ^^^^^^^^^^^^^^^^^^^^^^^^^
2026-07-09T07:38:30.790Z,car-deal-finder/worker,"  File ""/usr/local/lib/python3.12/site-packages/click/decorators.py"", line 34, in new_func"
2026-07-09T07:38:30.790Z,car-deal-finder/worker,"    return f(get_current_context(), *args, **kwargs)"
2026-07-09T07:38:30.790Z,car-deal-finder/worker,           ^^^^^^^^^^^^^^^^^^^^^^^^^^^^^^^^^^^^^^^^^
2026-07-09T07:38:30.790Z,car-deal-finder/worker,"  File ""/usr/local/lib/python3.12/site-packages/celery/bin/base.py"", line 135, in caller"
2026-07-09T07:38:30.791Z,car-deal-finder/worker,"    return f(ctx, *args, **kwargs)"
2026-07-09T07:38:30.791Z,car-deal-finder/worker,           ^^^^^^^^^^^^^^^^^^^^^^^
2026-07-09T07:38:30.791Z,car-deal-finder/worker,"  File ""/usr/local/lib/python3.12/site-packages/celery/bin/worker.py"", line 348, in worker"
2026-07-09T07:38:30.791Z,car-deal-finder/worker,    worker = app.Worker(
2026-07-09T07:38:30.791Z,car-deal-finder/worker,             ^^^^^^^^^^^
2026-07-09T07:38:30.791Z,car-deal-finder/worker,"  File ""/usr/local/lib/python3.12/site-packages/celery/worker/worker.py"", line 93, in __init__"
2026-07-09T07:38:30.791Z,car-deal-finder/worker,    self.app.loader.init_worker()
2026-07-09T07:38:30.791Z,car-deal-finder/worker,"  File ""/usr/local/lib/python3.12/site-packages/celery/loaders/base.py"", line 110, in init_worker"
2026-07-09T07:38:30.791Z,car-deal-finder/worker,    self.import_default_modules()
2026-07-09T07:38:30.791Z,car-deal-finder/worker,"  File ""/usr/local/lib/python3.12/site-packages/celery/loaders/base.py"", line 105, in import_default_modules"
2026-07-09T07:38:30.791Z,car-deal-finder/worker,    return [self.import_task_module(m) for m in self.default_modules]
2026-07-09T07:38:30.791Z,car-deal-finder/worker,            ^^^^^^^^^^^^^^^^^^^^^^^^^^
2026-07-09T07:38:30.791Z,car-deal-finder/worker,"  File ""/usr/local/lib/python3.12/site-packages/celery/loaders/base.py"", line 85, in import_task_module"
2026-07-09T07:38:30.791Z,car-deal-finder/worker,    return self.import_from_cwd(module)
2026-07-09T07:38:30.791Z,car-deal-finder/worker,           ^^^^^^^^^^^^^^^^^^^^^^^^^^^^
2026-07-09T07:38:30.791Z,car-deal-finder/worker,"  File ""/usr/local/lib/python3.12/site-packages/celery/loaders/base.py"", line 91, in import_from_cwd"
2026-07-09T07:38:30.791Z,car-deal-finder/worker,    return import_from_cwd(
2026-07-09T07:38:30.791Z,car-deal-finder/worker,           ^^^^^^^^^^^^^^^^
2026-07-09T07:38:30.791Z,car-deal-finder/worker,"  File ""/usr/local/lib/python3.12/site-packages/celery/utils/imports.py"", line 109, in import_from_cwd"
2026-07-09T07:38:30.791Z,car-deal-finder/worker,"    return imp(module, package=package)"
2026-07-09T07:38:30.791Z,car-deal-finder/worker,           ^^^^^^^^^^^^^^^^^^^^^^^^^^^^
2026-07-09T07:38:30.791Z,car-deal-finder/worker,"  File ""/usr/local/lib/python3.12/site-packages/celery/loaders/base.py"", line 88, in import_module"
2026-07-09T07:38:30.791Z,car-deal-finder/worker,"    return importlib.import_module(module, package=package)"
2026-07-09T07:38:30.791Z,car-deal-finder/worker,           ^^^^^^^^^^^^^^^^^^^^^^^^^^^^^^^^^^^^^^^^^^^^^^^^
2026-07-09T07:38:30.791Z,car-deal-finder/worker,"  File ""/usr/local/lib/python3.12/importlib/__init__.py"", line 90, in import_module"
2026-07-09T07:38:30.792Z,car-deal-finder/worker,"    return _bootstrap._gcd_import(name[level:], package, level)"
2026-07-09T07:38:30.792Z,car-deal-finder/worker,           ^^^^^^^^^^^^^^^^^^^^^^^^^^^^^^^^^^^^^^^^^^^^^^^^^^^^
2026-07-09T07:38:30.792Z,car-deal-finder/worker,"  File ""<frozen importlib._bootstrap>"", line 1387, in _gcd_import"
2026-07-09T07:38:30.792Z,car-deal-finder/worker,"  File ""<frozen importlib._bootstrap>"", line 1360, in _find_and_load"
2026-07-09T07:38:30.792Z,car-deal-finder/worker,"  File ""<frozen importlib._bootstrap>"", line 1331, in _find_and_load_unlocked"
2026-07-09T07:38:30.792Z,car-deal-finder/worker,"  File ""<frozen importlib._bootstrap>"", line 935, in _load_unlocked"
2026-07-09T07:38:30.792Z,car-deal-finder/worker,"  File ""<frozen importlib._bootstrap_external>"", line 999, in exec_module"
2026-07-09T07:38:30.792Z,car-deal-finder/worker,"  File ""<frozen importlib._bootstrap>"", line 488, in _call_with_frames_removed"
2026-07-09T07:38:30.792Z,car-deal-finder/worker,"  File ""/app/app/tasks.py"", line 27, in <module>"
2026-07-09T07:38:30.796Z,car-deal-finder/worker,"    from .urlnorm import domain_of, normalize_url, url_hash"
2026-07-09T07:38:30.796Z,car-deal-finder/worker,"  File ""/app/app/urlnorm.py"", line 1"
2026-07-09T07:38:30.796Z,car-deal-finder/worker,"    """"""URL normalization for product identity."
2026-07-09T07:38:30.796Z,car-deal-finder/worker,IndentationError: unexpected indent
2026-07-09T07:38:30.829Z,car-deal-finder/beat,celery beat v5.4.0 (opalescent) is starting.
2026-07-09T07:38:30.829Z,car-deal-finder/beat,Traceback (most recent call last):
2026-07-09T07:38:30.829Z,car-deal-finder/beat,"  File ""/usr/local/bin/celery"", line 8, in <module>"
2026-07-09T07:38:30.829Z,car-deal-finder/beat,    sys.exit(main())
2026-07-09T07:38:30.829Z,car-deal-finder/beat,             ^^^^^^
2026-07-09T07:38:30.829Z,car-deal-finder/beat,"  File ""/usr/local/lib/python3.12/site-packages/celery/__main__.py"", line 15, in main"
2026-07-09T07:38:30.829Z,car-deal-finder/beat,    sys.exit(_main())
2026-07-09T07:38:30.829Z,car-deal-finder/beat,             ^^^^^^^
2026-07-09T07:38:30.829Z,car-deal-finder/beat,"  File ""/usr/local/lib/python3.12/site-packages/celery/bin/celery.py"", line 236, in main"
2026-07-09T07:38:30.829Z,car-deal-finder/beat,"    return celery(auto_envvar_prefix=""CELERY"")"
2026-07-09T07:38:30.829Z,car-deal-finder/beat,           ^^^^^^^^^^^^^^^^^^^^^^^^^^^^^^^^^^^
2026-07-09T07:38:30.829Z,car-deal-finder/beat,"  File ""/usr/local/lib/python3.12/site-packages/click/core.py"", line 1569, in __call__"
2026-07-09T07:38:30.829Z,car-deal-finder/beat,"    return self.main(*args, **kwargs)"
2026-07-09T07:38:30.830Z,car-deal-finder/beat,           ^^^^^^^^^^^^^^^^^^^^^^^^^^
2026-07-09T07:38:30.830Z,car-deal-finder/beat,"  File ""/usr/local/lib/python3.12/site-packages/click/core.py"", line 1490, in main"
2026-07-09T07:38:30.830Z,car-deal-finder/beat,    rv = self.invoke(ctx)
2026-07-09T07:38:30.830Z,car-deal-finder/beat,         ^^^^^^^^^^^^^^^^
2026-07-09T07:38:30.830Z,car-deal-finder/beat,"  File ""/usr/local/lib/python3.12/site-packages/click/core.py"", line 1970, in invoke"
2026-07-09T07:38:30.830Z,car-deal-finder/beat,    return _process_result(sub_ctx.command.invoke(sub_ctx))
2026-07-09T07:38:30.830Z,car-deal-finder/beat,                           ^^^^^^^^^^^^^^^^^^^^^^^^^^^^^^^
2026-07-09T07:38:30.830Z,car-deal-finder/beat,"  File ""/usr/local/lib/python3.12/site-packages/click/core.py"", line 1353, in invoke"
2026-07-09T07:38:30.830Z,car-deal-finder/beat,"    return ctx.invoke(self.callback, **ctx.params)"
2026-07-09T07:38:30.830Z,car-deal-finder/beat,           ^^^^^^^^^^^^^^^^^^^^^^^^^^^^^^^^^^^^^^^
2026-07-09T07:38:30.830Z,car-deal-finder/beat,"  File ""/usr/local/lib/python3.12/site-packages/click/core.py"", line 907, in invoke"
2026-07-09T07:38:30.831Z,car-deal-finder/beat,"    return callback(*args, **kwargs)"
2026-07-09T07:38:30.831Z,car-deal-finder/beat,           ^^^^^^^^^^^^^^^^^^^^^^^^^
2026-07-09T07:38:30.831Z,car-deal-finder/beat,"  File ""/usr/local/lib/python3.12/site-packages/click/decorators.py"", line 34, in new_func"
2026-07-09T07:38:30.831Z,car-deal-finder/beat,"    return f(get_current_context(), *args, **kwargs)"
2026-07-09T07:38:30.831Z,car-deal-finder/beat,           ^^^^^^^^^^^^^^^^^^^^^^^^^^^^^^^^^^^^^^^^^
2026-07-09T07:38:30.831Z,car-deal-finder/beat,"  File ""/usr/local/lib/python3.12/site-packages/celery/bin/base.py"", line 135, in caller"
2026-07-09T07:38:30.831Z,car-deal-finder/beat,"    return f(ctx, *args, **kwargs)"
2026-07-09T07:38:30.831Z,car-deal-finder/beat,           ^^^^^^^^^^^^^^^^^^^^^^^
2026-07-09T07:38:30.831Z,car-deal-finder/beat,"  File ""/usr/local/lib/python3.12/site-packages/celery/bin/beat.py"", line 72, in beat"
2026-07-09T07:38:30.831Z,car-deal-finder/beat,    return beat().run()
2026-07-09T07:38:30.831Z,car-deal-finder/beat,           ^^^^^^^^^^^^
2026-07-09T07:38:30.831Z,car-deal-finder/beat,"  File ""/usr/local/lib/python3.12/site-packages/celery/apps/beat.py"", line 82, in run"
2026-07-09T07:38:30.831Z,car-deal-finder/beat,    self.init_loader()
2026-07-09T07:38:30.831Z,car-deal-finder/beat,"  File ""/usr/local/lib/python3.12/site-packages/celery/apps/beat.py"", line 132, in init_loader"
2026-07-09T07:38:30.831Z,car-deal-finder/beat,    self.app.loader.init_worker()
2026-07-09T07:38:30.831Z,car-deal-finder/beat,"  File ""/usr/local/lib/python3.12/site-packages/celery/loaders/base.py"", line 110, in init_worker"
2026-07-09T07:38:30.831Z,car-deal-finder/beat,    self.import_default_modules()
2026-07-09T07:38:30.831Z,car-deal-finder/beat,"  File ""/usr/local/lib/python3.12/site-packages/celery/loaders/base.py"", line 105, in import_default_modules"
2026-07-09T07:38:30.831Z,car-deal-finder/beat,    return [self.import_task_module(m) for m in self.default_modules]
2026-07-09T07:38:30.831Z,car-deal-finder/beat,            ^^^^^^^^^^^^^^^^^^^^^^^^^^
2026-07-09T07:38:30.831Z,car-deal-finder/beat,"  File ""/usr/local/lib/python3.12/site-packages/celery/loaders/base.py"", line 85, in import_task_module"
2026-07-09T07:38:30.831Z,car-deal-finder/beat,    return self.import_from_cwd(module)
2026-07-09T07:38:30.832Z,car-deal-finder/beat,           ^^^^^^^^^^^^^^^^^^^^^^^^^^^^
2026-07-09T07:38:30.832Z,car-deal-finder/beat,"  File ""/usr/local/lib/python3.12/site-packages/celery/loaders/base.py"", line 91, in import_from_cwd"
2026-07-09T07:38:30.832Z,car-deal-finder/beat,    return import_from_cwd(
2026-07-09T07:38:30.832Z,car-deal-finder/beat,           ^^^^^^^^^^^^^^^^
2026-07-09T07:38:30.832Z,car-deal-finder/beat,"  File ""/usr/local/lib/python3.12/site-packages/celery/utils/imports.py"", line 109, in import_from_cwd"
2026-07-09T07:38:30.832Z,car-deal-finder/beat,"    return imp(module, package=package)"
2026-07-09T07:38:30.832Z,car-deal-finder/beat,           ^^^^^^^^^^^^^^^^^^^^^^^^^^^^
2026-07-09T07:38:30.832Z,car-deal-finder/beat,"  File ""/usr/local/lib/python3.12/site-packages/celery/loaders/base.py"", line 88, in import_module"
2026-07-09T07:38:30.832Z,car-deal-finder/beat,"    return importlib.import_module(module, package=package)"
2026-07-09T07:38:30.832Z,car-deal-finder/beat,           ^^^^^^^^^^^^^^^^^^^^^^^^^^^^^^^^^^^^^^^^^^^^^^^^
2026-07-09T07:38:30.832Z,car-deal-finder/beat,"  File ""/usr/local/lib/python3.12/importlib/__init__.py"", line 90, in import_module"
2026-07-09T07:38:30.832Z,car-deal-finder/beat,"    return _bootstrap._gcd_import(name[level:], package, level)"
2026-07-09T07:38:30.832Z,car-deal-finder/beat,           ^^^^^^^^^^^^^^^^^^^^^^^^^^^^^^^^^^^^^^^^^^^^^^^^^^^^
2026-07-09T07:38:30.832Z,car-deal-finder/beat,"  File ""<frozen importlib._bootstrap>"", line 1387, in _gcd_import"
2026-07-09T07:38:30.832Z,car-deal-finder/beat,"  File ""<frozen importlib._bootstrap>"", line 1360, in _find_and_load"
2026-07-09T07:38:30.832Z,car-deal-finder/beat,"  File ""<frozen importlib._bootstrap>"", line 1331, in _find_and_load_unlocked"
2026-07-09T07:38:30.832Z,car-deal-finder/beat,"  File ""<frozen importlib._bootstrap>"", line 935, in _load_unlocked"
2026-07-09T07:38:30.832Z,car-deal-finder/beat,"  File ""<frozen importlib._bootstrap_external>"", line 999, in exec_module"
2026-07-09T07:38:30.832Z,car-deal-finder/beat,"  File ""<frozen importlib._bootstrap>"", line 488, in _call_with_frames_removed"
2026-07-09T07:38:30.832Z,car-deal-finder/beat,"  File ""/app/app/tasks.py"", line 27, in <module>"
2026-07-09T07:38:30.838Z,car-deal-finder/beat,"    from .urlnorm import domain_of, normalize_url, url_hash"
2026-07-09T07:38:30.838Z,car-deal-finder/beat,"  File ""/app/app/urlnorm.py"", line 1"
2026-07-09T07:38:30.838Z,car-deal-finder/beat,"    """"""URL normalization for product identity."
2026-07-09T07:38:30.838Z,car-deal-finder/beat,IndentationError: unexpected indent
2026-07-09T07:38:30.974Z,car-deal-finder/backend,Process SpawnProcess-1:
2026-07-09T07:38:31.001Z,car-deal-finder/backend,Traceback (most recent call last):
2026-07-09T07:38:31.002Z,car-deal-finder/backend,"  File ""/usr/local/lib/python3.12/multiprocessing/process.py"", line 314, in _bootstrap"
2026-07-09T07:38:31.002Z,car-deal-finder/backend,    self.run()
2026-07-09T07:38:31.002Z,car-deal-finder/backend,"  File ""/usr/local/lib/python3.12/multiprocessing/process.py"", line 108, in run"
2026-07-09T07:38:31.002Z,car-deal-finder/backend,"    self._target(*self._args, **self._kwargs)"
2026-07-09T07:38:31.002Z,car-deal-finder/backend,"  File ""/usr/local/lib/python3.12/site-packages/uvicorn/_subprocess.py"", line 80, in subprocess_started"
2026-07-09T07:38:31.002Z,car-deal-finder/backend,    target(sockets=sockets)
2026-07-09T07:38:31.002Z,car-deal-finder/backend,"  File ""/usr/local/lib/python3.12/site-packages/uvicorn/server.py"", line 67, in run"
2026-07-09T07:38:31.002Z,car-deal-finder/backend,"    return asyncio_run(self.serve(sockets=sockets), loop_factory=self.config.get_loop_factory())"
2026-07-09T07:38:31.002Z,car-deal-finder/backend,           ^^^^^^^^^^^^^^^^^^^^^^^^^^^^^^^^^^^^^^^^^^^^^^^^^^^^^^^^^^^^^^^^^^^^^^^^^^^^^^^^^^^^^
2026-07-09T07:38:31.002Z,car-deal-finder/backend,"  File ""/usr/local/lib/python3.12/asyncio/runners.py"", line 195, in run"
2026-07-09T07:38:31.002Z,car-deal-finder/backend,    return runner.run(main)
2026-07-09T07:38:31.002Z,car-deal-finder/backend,           ^^^^^^^^^^^^^^^^
2026-07-09T07:38:31.002Z,car-deal-finder/backend,"  File ""/usr/local/lib/python3.12/asyncio/runners.py"", line 118, in run"
2026-07-09T07:38:31.002Z,car-deal-finder/backend,    return self._loop.run_until_complete(task)
2026-07-09T07:38:31.002Z,car-deal-finder/backend,           ^^^^^^^^^^^^^^^^^^^^^^^^^^^^^^^^^^^
2026-07-09T07:38:31.002Z,car-deal-finder/backend,"  File ""uvloop/loop.pyx"", line 1518, in uvloop.loop.Loop.run_until_complete"
2026-07-09T07:38:31.002Z,car-deal-finder/backend,"  File ""/usr/local/lib/python3.12/site-packages/uvicorn/server.py"", line 71, in serve"
2026-07-09T07:38:31.002Z,car-deal-finder/backend,    await self._serve(sockets)
2026-07-09T07:38:31.002Z,car-deal-finder/backend,"  File ""/usr/local/lib/python3.12/site-packages/uvicorn/server.py"", line 78, in _serve"
2026-07-09T07:38:31.002Z,car-deal-finder/backend,    config.load()
2026-07-09T07:38:31.002Z,car-deal-finder/backend,"  File ""/usr/local/lib/python3.12/site-packages/uvicorn/config.py"", line 439, in load"
2026-07-09T07:38:31.002Z,car-deal-finder/backend,    self.loaded_app = import_from_string(self.app)
2026-07-09T07:38:31.002Z,car-deal-finder/backend,                      ^^^^^^^^^^^^^^^^^^^^^^^^^^^^
2026-07-09T07:38:31.002Z,car-deal-finder/backend,"  File ""/usr/local/lib/python3.12/site-packages/uvicorn/importer.py"", line 19, in import_from_string"
2026-07-09T07:38:31.002Z,car-deal-finder/backend,    module = importlib.import_module(module_str)
2026-07-09T07:38:31.002Z,car-deal-finder/backend,             ^^^^^^^^^^^^^^^^^^^^^^^^^^^^^^^^^^^
2026-07-09T07:38:31.002Z,car-deal-finder/backend,"  File ""/usr/local/lib/python3.12/importlib/__init__.py"", line 90, in import_module"
2026-07-09T07:38:31.002Z,car-deal-finder/backend,"    return _bootstrap._gcd_import(name[level:], package, level)"
2026-07-09T07:38:31.002Z,car-deal-finder/backend,           ^^^^^^^^^^^^^^^^^^^^^^^^^^^^^^^^^^^^^^^^^^^^^^^^^^^^
2026-07-09T07:38:31.002Z,car-deal-finder/backend,"  File ""<frozen importlib._bootstrap>"", line 1387, in _gcd_import"
2026-07-09T07:38:31.002Z,car-deal-finder/backend,"  File ""<frozen importlib._bootstrap>"", line 1360, in _find_and_load"
2026-07-09T07:38:31.002Z,car-deal-finder/backend,"  File ""<frozen importlib._bootstrap>"", line 1331, in _find_and_load_unlocked"
2026-07-09T07:38:31.002Z,car-deal-finder/backend,"  File ""<frozen importlib._bootstrap>"", line 935, in _load_unlocked"
2026-07-09T07:38:31.002Z,car-deal-finder/backend,"  File ""<frozen importlib._bootstrap_external>"", line 999, in exec_module"
2026-07-09T07:38:31.002Z,car-deal-finder/backend,"  File ""<frozen importlib._bootstrap>"", line 488, in _call_with_frames_removed"
2026-07-09T07:38:31.002Z,car-deal-finder/backend,"  File ""/app/app/main.py"", line 15, in <module>"
2026-07-09T07:38:31.002Z,car-deal-finder/backend,    from .products_api import router as products_router
2026-07-09T07:38:31.002Z,car-deal-finder/backend,"  File ""/app/app/products_api.py"", line 21, in <module>"
2026-07-09T07:38:31.002Z,car-deal-finder/backend,"    from .tasks import compute_verdict_task, track_url_task"
2026-07-09T07:38:31.002Z,car-deal-finder/backend,"  File ""/app/app/tasks.py"", line 27, in <module>"
2026-07-09T07:38:31.002Z,car-deal-finder/backend,"    from .urlnorm import domain_of, normalize_url, url_hash"
2026-07-09T07:38:31.002Z,car-deal-finder/backend,"  File ""/app/app/urlnorm.py"", line 1"
2026-07-09T07:38:31.002Z,car-deal-finder/backend,"    """"""URL normalization for product identity."
2026-07-09T07:38:31.002Z,car-deal-finder/backend,IndentationError: unexpected indent
2026-07-09T07:38:33.521Z,car-deal-finder/worker,Traceback (most recent call last):
2026-07-09T07:38:33.521Z,car-deal-finder/worker,"  File ""/usr/local/bin/celery"", line 8, in <module>"
2026-07-09T07:38:33.521Z,car-deal-finder/worker,    sys.exit(main())
2026-07-09T07:38:33.521Z,car-deal-finder/worker,             ^^^^^^
2026-07-09T07:38:33.521Z,car-deal-finder/worker,"  File ""/usr/local/lib/python3.12/site-packages/celery/__main__.py"", line 15, in main"
2026-07-09T07:38:33.521Z,car-deal-finder/worker,    sys.exit(_main())
2026-07-09T07:38:33.521Z,car-deal-finder/worker,             ^^^^^^^
2026-07-09T07:38:33.521Z,car-deal-finder/worker,"  File ""/usr/local/lib/python3.12/site-packages/celery/bin/celery.py"", line 236, in main"
2026-07-09T07:38:33.521Z,car-deal-finder/worker,"    return celery(auto_envvar_prefix=""CELERY"")"
2026-07-09T07:38:33.521Z,car-deal-finder/worker,           ^^^^^^^^^^^^^^^^^^^^^^^^^^^^^^^^^^^
2026-07-09T07:38:33.521Z,car-deal-finder/worker,"  File ""/usr/local/lib/python3.12/site-packages/click/core.py"", line 1569, in __call__"
2026-07-09T07:38:33.521Z,car-deal-finder/worker,"    return self.main(*args, **kwargs)"
2026-07-09T07:38:33.521Z,car-deal-finder/worker,           ^^^^^^^^^^^^^^^^^^^^^^^^^^
2026-07-09T07:38:33.521Z,car-deal-finder/worker,"  File ""/usr/local/lib/python3.12/site-packages/click/core.py"", line 1490, in main"
2026-07-09T07:38:33.521Z,car-deal-finder/worker,    rv = self.invoke(ctx)
2026-07-09T07:38:33.521Z,car-deal-finder/worker,         ^^^^^^^^^^^^^^^^
2026-07-09T07:38:33.521Z,car-deal-finder/worker,"  File ""/usr/local/lib/python3.12/site-packages/click/core.py"", line 1970, in invoke"
2026-07-09T07:38:33.522Z,car-deal-finder/beat,celery beat v5.4.0 (opalescent) is starting.
2026-07-09T07:38:33.522Z,car-deal-finder/beat,Traceback (most recent call last):
2026-07-09T07:38:33.522Z,car-deal-finder/beat,"  File ""/usr/local/bin/celery"", line 8, in <module>"
2026-07-09T07:38:33.522Z,car-deal-finder/beat,    sys.exit(main())
2026-07-09T07:38:33.522Z,car-deal-finder/beat,             ^^^^^^
2026-07-09T07:38:33.522Z,car-deal-finder/beat,"  File ""/usr/local/lib/python3.12/site-packages/celery/__main__.py"", line 15, in main"
2026-07-09T07:38:33.522Z,car-deal-finder/beat,    sys.exit(_main())
2026-07-09T07:38:33.522Z,car-deal-finder/beat,             ^^^^^^^
2026-07-09T07:38:33.522Z,car-deal-finder/beat,"  File ""/usr/local/lib/python3.12/site-packages/celery/bin/celery.py"", line 236, in main"
2026-07-09T07:38:33.522Z,car-deal-finder/beat,"    return celery(auto_envvar_prefix=""CELERY"")"
2026-07-09T07:38:33.522Z,car-deal-finder/beat,           ^^^^^^^^^^^^^^^^^^^^^^^^^^^^^^^^^^^
2026-07-09T07:38:33.522Z,car-deal-finder/beat,"  File ""/usr/local/lib/python3.12/site-packages/click/core.py"", line 1569, in __call__"
2026-07-09T07:38:33.522Z,car-deal-finder/beat,"    return self.main(*args, **kwargs)"
2026-07-09T07:38:33.522Z,car-deal-finder/beat,           ^^^^^^^^^^^^^^^^^^^^^^^^^^
2026-07-09T07:38:33.522Z,car-deal-finder/beat,"  File ""/usr/local/lib/python3.12/site-packages/click/core.py"", line 1490, in main"
2026-07-09T07:38:33.522Z,car-deal-finder/worker,    return _process_result(sub_ctx.command.invoke(sub_ctx))
2026-07-09T07:38:33.522Z,car-deal-finder/worker,                           ^^^^^^^^^^^^^^^^^^^^^^^^^^^^^^^
2026-07-09T07:38:33.522Z,car-deal-finder/worker,"  File ""/usr/local/lib/python3.12/site-packages/click/core.py"", line 1353, in invoke"
2026-07-09T07:38:33.522Z,car-deal-finder/worker,"    return ctx.invoke(self.callback, **ctx.params)"
2026-07-09T07:38:33.522Z,car-deal-finder/worker,           ^^^^^^^^^^^^^^^^^^^^^^^^^^^^^^^^^^^^^^^
2026-07-09T07:38:33.522Z,car-deal-finder/worker,"  File ""/usr/local/lib/python3.12/site-packages/click/core.py"", line 907, in invoke"
2026-07-09T07:38:33.522Z,car-deal-finder/worker,"    return callback(*args, **kwargs)"
2026-07-09T07:38:33.522Z,car-deal-finder/worker,           ^^^^^^^^^^^^^^^^^^^^^^^^^
2026-07-09T07:38:33.522Z,car-deal-finder/worker,"  File ""/usr/local/lib/python3.12/site-packages/click/decorators.py"", line 34, in new_func"
2026-07-09T07:38:33.522Z,car-deal-finder/worker,"    return f(get_current_context(), *args, **kwargs)"
2026-07-09T07:38:33.522Z,car-deal-finder/worker,           ^^^^^^^^^^^^^^^^^^^^^^^^^^^^^^^^^^^^^^^^^
2026-07-09T07:38:33.522Z,car-deal-finder/worker,"  File ""/usr/local/lib/python3.12/site-packages/celery/bin/base.py"", line 135, in caller"
2026-07-09T07:38:33.522Z,car-deal-finder/worker,"    return f(ctx, *args, **kwargs)"
2026-07-09T07:38:33.522Z,car-deal-finder/worker,           ^^^^^^^^^^^^^^^^^^^^^^^
2026-07-09T07:38:33.522Z,car-deal-finder/worker,"  File ""/usr/local/lib/python3.12/site-packages/celery/bin/worker.py"", line 348, in worker"
2026-07-09T07:38:33.523Z,car-deal-finder/beat,    rv = self.invoke(ctx)
2026-07-09T07:38:33.523Z,car-deal-finder/beat,         ^^^^^^^^^^^^^^^^
2026-07-09T07:38:33.523Z,car-deal-finder/beat,"  File ""/usr/local/lib/python3.12/site-packages/click/core.py"", line 1970, in invoke"
2026-07-09T07:38:33.523Z,car-deal-finder/worker,    worker = app.Worker(
2026-07-09T07:38:33.523Z,car-deal-finder/worker,             ^^^^^^^^^^^
2026-07-09T07:38:33.523Z,car-deal-finder/worker,"  File ""/usr/local/lib/python3.12/site-packages/celery/worker/worker.py"", line 93, in __init__"
2026-07-09T07:38:33.523Z,car-deal-finder/worker,    self.app.loader.init_worker()
2026-07-09T07:38:33.523Z,car-deal-finder/worker,"  File ""/usr/local/lib/python3.12/site-packages/celery/loaders/base.py"", line 110, in init_worker"
2026-07-09T07:38:33.523Z,car-deal-finder/worker,    self.import_default_modules()
2026-07-09T07:38:33.523Z,car-deal-finder/worker,"  File ""/usr/local/lib/python3.12/site-packages/celery/loaders/base.py"", line 105, in import_default_modules"
2026-07-09T07:38:33.523Z,car-deal-finder/worker,    return [self.import_task_module(m) for m in self.default_modules]
2026-07-09T07:38:33.523Z,car-deal-finder/worker,            ^^^^^^^^^^^^^^^^^^^^^^^^^^
2026-07-09T07:38:33.523Z,car-deal-finder/worker,"  File ""/usr/local/lib/python3.12/site-packages/celery/loaders/base.py"", line 85, in import_task_module"
2026-07-09T07:38:33.523Z,car-deal-finder/worker,    return self.import_from_cwd(module)
2026-07-09T07:38:33.523Z,car-deal-finder/worker,           ^^^^^^^^^^^^^^^^^^^^^^^^^^^^
2026-07-09T07:38:33.523Z,car-deal-finder/worker,"  File ""/usr/local/lib/python3.12/site-packages/celery/loaders/base.py"", line 91, in import_from_cwd"
2026-07-09T07:38:33.523Z,car-deal-finder/worker,    return import_from_cwd(
2026-07-09T07:38:33.523Z,car-deal-finder/worker,           ^^^^^^^^^^^^^^^^
2026-07-09T07:38:33.523Z,car-deal-finder/worker,"  File ""/usr/local/lib/python3.12/site-packages/celery/utils/imports.py"", line 109, in import_from_cwd"
2026-07-09T07:38:33.523Z,car-deal-finder/worker,"    return imp(module, package=package)"
2026-07-09T07:38:33.523Z,car-deal-finder/worker,           ^^^^^^^^^^^^^^^^^^^^^^^^^^^^
2026-07-09T07:38:33.523Z,car-deal-finder/worker,"  File ""/usr/local/lib/python3.12/site-packages/celery/loaders/base.py"", line 88, in import_module"
2026-07-09T07:38:33.523Z,car-deal-finder/worker,"    return importlib.import_module(module, package=package)"
2026-07-09T07:38:33.523Z,car-deal-finder/worker,           ^^^^^^^^^^^^^^^^^^^^^^^^^^^^^^^^^^^^^^^^^^^^^^^^
2026-07-09T07:38:33.523Z,car-deal-finder/worker,"  File ""/usr/local/lib/python3.12/importlib/__init__.py"", line 90, in import_module"
2026-07-09T07:38:33.524Z,car-deal-finder/beat,    return _process_result(sub_ctx.command.invoke(sub_ctx))
2026-07-09T07:38:33.524Z,car-deal-finder/beat,                           ^^^^^^^^^^^^^^^^^^^^^^^^^^^^^^^
2026-07-09T07:38:33.524Z,car-deal-finder/beat,"  File ""/usr/local/lib/python3.12/site-packages/click/core.py"", line 1353, in invoke"
2026-07-09T07:38:33.524Z,car-deal-finder/beat,"    return ctx.invoke(self.callback, **ctx.params)"
2026-07-09T07:38:33.524Z,car-deal-finder/beat,           ^^^^^^^^^^^^^^^^^^^^^^^^^^^^^^^^^^^^^^^
2026-07-09T07:38:33.524Z,car-deal-finder/beat,"  File ""/usr/local/lib/python3.12/site-packages/click/core.py"", line 907, in invoke"
2026-07-09T07:38:33.524Z,car-deal-finder/beat,"    return callback(*args, **kwargs)"
2026-07-09T07:38:33.524Z,car-deal-finder/beat,           ^^^^^^^^^^^^^^^^^^^^^^^^^
2026-07-09T07:38:33.524Z,car-deal-finder/beat,"  File ""/usr/local/lib/python3.12/site-packages/click/decorators.py"", line 34, in new_func"
2026-07-09T07:38:33.524Z,car-deal-finder/beat,"    return f(get_current_context(), *args, **kwargs)"
2026-07-09T07:38:33.524Z,car-deal-finder/beat,           ^^^^^^^^^^^^^^^^^^^^^^^^^^^^^^^^^^^^^^^^^
2026-07-09T07:38:33.524Z,car-deal-finder/beat,"  File ""/usr/local/lib/python3.12/site-packages/celery/bin/base.py"", line 135, in caller"
2026-07-09T07:38:33.524Z,car-deal-finder/worker,"    return _bootstrap._gcd_import(name[level:], package, level)"
2026-07-09T07:38:33.524Z,car-deal-finder/worker,           ^^^^^^^^^^^^^^^^^^^^^^^^^^^^^^^^^^^^^^^^^^^^^^^^^^^^
2026-07-09T07:38:33.524Z,car-deal-finder/worker,"  File ""<frozen importlib._bootstrap>"", line 1387, in _gcd_import"
2026-07-09T07:38:33.524Z,car-deal-finder/worker,"  File ""<frozen importlib._bootstrap>"", line 1360, in _find_and_load"
2026-07-09T07:38:33.524Z,car-deal-finder/worker,"  File ""<frozen importlib._bootstrap>"", line 1331, in _find_and_load_unlocked"
2026-07-09T07:38:33.524Z,car-deal-finder/worker,"  File ""<frozen importlib._bootstrap>"", line 935, in _load_unlocked"
2026-07-09T07:38:33.524Z,car-deal-finder/worker,"  File ""<frozen importlib._bootstrap_external>"", line 999, in exec_module"
2026-07-09T07:38:33.524Z,car-deal-finder/worker,"  File ""<frozen importlib._bootstrap>"", line 488, in _call_with_frames_removed"
2026-07-09T07:38:33.524Z,car-deal-finder/worker,"  File ""/app/app/tasks.py"", line 27, in <module>"
2026-07-09T07:38:33.525Z,car-deal-finder/beat,"    return f(ctx, *args, **kwargs)"
2026-07-09T07:38:33.525Z,car-deal-finder/beat,           ^^^^^^^^^^^^^^^^^^^^^^^
2026-07-09T07:38:33.525Z,car-deal-finder/beat,"  File ""/usr/local/lib/python3.12/site-packages/celery/bin/beat.py"", line 72, in beat"
2026-07-09T07:38:33.526Z,car-deal-finder/beat,    return beat().run()
2026-07-09T07:38:33.526Z,car-deal-finder/beat,           ^^^^^^^^^^^^
2026-07-09T07:38:33.526Z,car-deal-finder/beat,"  File ""/usr/local/lib/python3.12/site-packages/celery/apps/beat.py"", line 82, in run"
2026-07-09T07:38:33.526Z,car-deal-finder/beat,    self.init_loader()
2026-07-09T07:38:33.526Z,car-deal-finder/beat,"  File ""/usr/local/lib/python3.12/site-packages/celery/apps/beat.py"", line 132, in init_loader"
2026-07-09T07:38:33.527Z,car-deal-finder/beat,    self.app.loader.init_worker()
2026-07-09T07:38:33.527Z,car-deal-finder/beat,"  File ""/usr/local/lib/python3.12/site-packages/celery/loaders/base.py"", line 110, in init_worker"
2026-07-09T07:38:33.527Z,car-deal-finder/beat,    self.import_default_modules()
2026-07-09T07:38:33.527Z,car-deal-finder/beat,"  File ""/usr/local/lib/python3.12/site-packages/celery/loaders/base.py"", line 105, in import_default_modules"
2026-07-09T07:38:33.527Z,car-deal-finder/beat,    return [self.import_task_module(m) for m in self.default_modules]
2026-07-09T07:38:33.527Z,car-deal-finder/beat,            ^^^^^^^^^^^^^^^^^^^^^^^^^^
2026-07-09T07:38:33.527Z,car-deal-finder/beat,"  File ""/usr/local/lib/python3.12/site-packages/celery/loaders/base.py"", line 85, in import_task_module"
2026-07-09T07:38:33.528Z,car-deal-finder/beat,    return self.import_from_cwd(module)
2026-07-09T07:38:33.528Z,car-deal-finder/beat,           ^^^^^^^^^^^^^^^^^^^^^^^^^^^^
2026-07-09T07:38:33.528Z,car-deal-finder/beat,"  File ""/usr/local/lib/python3.12/site-packages/celery/loaders/base.py"", line 91, in import_from_cwd"
2026-07-09T07:38:33.528Z,car-deal-finder/beat,    return import_from_cwd(
2026-07-09T07:38:33.528Z,car-deal-finder/beat,           ^^^^^^^^^^^^^^^^
2026-07-09T07:38:33.528Z,car-deal-finder/beat,"  File ""/usr/local/lib/python3.12/site-packages/celery/utils/imports.py"", line 109, in import_from_cwd"
2026-07-09T07:38:33.528Z,car-deal-finder/beat,"    return imp(module, package=package)"
2026-07-09T07:38:33.528Z,car-deal-finder/beat,           ^^^^^^^^^^^^^^^^^^^^^^^^^^^^
2026-07-09T07:38:33.528Z,car-deal-finder/beat,"  File ""/usr/local/lib/python3.12/site-packages/celery/loaders/base.py"", line 88, in import_module"
2026-07-09T07:38:33.528Z,car-deal-finder/beat,"    return importlib.import_module(module, package=package)"
2026-07-09T07:38:33.528Z,car-deal-finder/beat,           ^^^^^^^^^^^^^^^^^^^^^^^^^^^^^^^^^^^^^^^^^^^^^^^^
2026-07-09T07:38:33.528Z,car-deal-finder/beat,"  File ""/usr/local/lib/python3.12/importlib/__init__.py"", line 90, in import_module"
2026-07-09T07:38:33.528Z,car-deal-finder/beat,"    return _bootstrap._gcd_import(name[level:], package, level)"
2026-07-09T07:38:33.528Z,car-deal-finder/beat,           ^^^^^^^^^^^^^^^^^^^^^^^^^^^^^^^^^^^^^^^^^^^^^^^^^^^^
2026-07-09T07:38:33.528Z,car-deal-finder/beat,"  File ""<frozen importlib._bootstrap>"", line 1387, in _gcd_import"
2026-07-09T07:38:33.528Z,car-deal-finder/beat,"  File ""<frozen importlib._bootstrap>"", line 1360, in _find_and_load"
2026-07-09T07:38:33.528Z,car-deal-finder/beat,"  File ""<frozen importlib._bootstrap>"", line 1331, in _find_and_load_unlocked"
2026-07-09T07:38:33.528Z,car-deal-finder/beat,"  File ""<frozen importlib._bootstrap>"", line 935, in _load_unlocked"
2026-07-09T07:38:33.528Z,car-deal-finder/beat,"  File ""<frozen importlib._bootstrap_external>"", line 999, in exec_module"
2026-07-09T07:38:33.528Z,car-deal-finder/beat,"  File ""<frozen importlib._bootstrap>"", line 488, in _call_with_frames_removed"
2026-07-09T07:38:33.528Z,car-deal-finder/beat,"  File ""/app/app/tasks.py"", line 27, in <module>"
2026-07-09T07:38:33.530Z,car-deal-finder/worker,"    from .urlnorm import domain_of, normalize_url, url_hash"
2026-07-09T07:38:33.530Z,car-deal-finder/worker,"  File ""/app/app/urlnorm.py"", line 1"
2026-07-09T07:38:33.530Z,car-deal-finder/worker,"    """"""URL normalization for product identity."
2026-07-09T07:38:33.530Z,car-deal-finder/worker,IndentationError: unexpected indent
2026-07-09T07:38:33.532Z,car-deal-finder/beat,"    from .urlnorm import domain_of, normalize_url, url_hash"
2026-07-09T07:38:33.532Z,car-deal-finder/beat,"  File ""/app/app/urlnorm.py"", line 1"
2026-07-09T07:38:33.532Z,car-deal-finder/beat,"    """"""URL normalization for product identity."
2026-07-09T07:38:33.532Z,car-deal-finder/beat,IndentationError: unexpected indent
2026-07-09T07:38:36.647Z,car-deal-finder/worker,Traceback (most recent call last):
2026-07-09T07:38:36.647Z,car-deal-finder/worker,"  File ""/usr/local/bin/celery"", line 8, in <module>"
2026-07-09T07:38:36.647Z,car-deal-finder/worker,    sys.exit(main())
2026-07-09T07:38:36.647Z,car-deal-finder/worker,             ^^^^^^
2026-07-09T07:38:36.647Z,car-deal-finder/worker,"  File ""/usr/local/lib/python3.12/site-packages/celery/__main__.py"", line 15, in main"
2026-07-09T07:38:36.648Z,car-deal-finder/beat,celery beat v5.4.0 (opalescent) is starting.
2026-07-09T07:38:36.648Z,car-deal-finder/beat,Traceback (most recent call last):
2026-07-09T07:38:36.648Z,car-deal-finder/beat,"  File ""/usr/local/bin/celery"", line 8, in <module>"
2026-07-09T07:38:36.648Z,car-deal-finder/beat,    sys.exit(main())
2026-07-09T07:38:36.648Z,car-deal-finder/beat,             ^^^^^^
2026-07-09T07:38:36.648Z,car-deal-finder/beat,"  File ""/usr/local/lib/python3.12/site-packages/celery/__main__.py"", line 15, in main"
2026-07-09T07:38:36.648Z,car-deal-finder/beat,    sys.exit(_main())
2026-07-09T07:38:36.648Z,car-deal-finder/beat,             ^^^^^^^
2026-07-09T07:38:36.648Z,car-deal-finder/beat,"  File ""/usr/local/lib/python3.12/site-packages/celery/bin/celery.py"", line 236, in main"
2026-07-09T07:38:36.648Z,car-deal-finder/beat,"    return celery(auto_envvar_prefix=""CELERY"")"
2026-07-09T07:38:36.648Z,car-deal-finder/beat,           ^^^^^^^^^^^^^^^^^^^^^^^^^^^^^^^^^^^
2026-07-09T07:38:36.648Z,car-deal-finder/beat,"  File ""/usr/local/lib/python3.12/site-packages/click/core.py"", line 1569, in __call__"
2026-07-09T07:38:36.648Z,car-deal-finder/beat,"    return self.main(*args, **kwargs)"
2026-07-09T07:38:36.648Z,car-deal-finder/beat,           ^^^^^^^^^^^^^^^^^^^^^^^^^^
2026-07-09T07:38:36.648Z,car-deal-finder/beat,"  File ""/usr/local/lib/python3.12/site-packages/click/core.py"", line 1490, in main"
2026-07-09T07:38:36.648Z,car-deal-finder/beat,    rv = self.invoke(ctx)
2026-07-09T07:38:36.648Z,car-deal-finder/beat,         ^^^^^^^^^^^^^^^^
2026-07-09T07:38:36.648Z,car-deal-finder/beat,"  File ""/usr/local/lib/python3.12/site-packages/click/core.py"", line 1970, in invoke"
2026-07-09T07:38:36.648Z,car-deal-finder/beat,    return _process_result(sub_ctx.command.invoke(sub_ctx))
2026-07-09T07:38:36.648Z,car-deal-finder/worker,    sys.exit(_main())
2026-07-09T07:38:36.648Z,car-deal-finder/worker,             ^^^^^^^
2026-07-09T07:38:36.648Z,car-deal-finder/worker,"  File ""/usr/local/lib/python3.12/site-packages/celery/bin/celery.py"", line 236, in main"
2026-07-09T07:38:36.648Z,car-deal-finder/worker,"    return celery(auto_envvar_prefix=""CELERY"")"
2026-07-09T07:38:36.648Z,car-deal-finder/worker,           ^^^^^^^^^^^^^^^^^^^^^^^^^^^^^^^^^^^
2026-07-09T07:38:36.648Z,car-deal-finder/worker,"  File ""/usr/local/lib/python3.12/site-packages/click/core.py"", line 1569, in __call__"
2026-07-09T07:38:36.648Z,car-deal-finder/worker,"    return self.main(*args, **kwargs)"
2026-07-09T07:38:36.648Z,car-deal-finder/worker,           ^^^^^^^^^^^^^^^^^^^^^^^^^^
2026-07-09T07:38:36.648Z,car-deal-finder/worker,"  File ""/usr/local/lib/python3.12/site-packages/click/core.py"", line 1490, in main"
2026-07-09T07:38:36.649Z,car-deal-finder/beat,                           ^^^^^^^^^^^^^^^^^^^^^^^^^^^^^^^
2026-07-09T07:38:36.649Z,car-deal-finder/beat,"  File ""/usr/local/lib/python3.12/site-packages/click/core.py"", line 1353, in invoke"
2026-07-09T07:38:36.649Z,car-deal-finder/beat,"    return ctx.invoke(self.callback, **ctx.params)"
2026-07-09T07:38:36.649Z,car-deal-finder/beat,           ^^^^^^^^^^^^^^^^^^^^^^^^^^^^^^^^^^^^^^^
2026-07-09T07:38:36.649Z,car-deal-finder/beat,"  File ""/usr/local/lib/python3.12/site-packages/click/core.py"", line 907, in invoke"
2026-07-09T07:38:36.649Z,car-deal-finder/beat,"    return callback(*args, **kwargs)"
2026-07-09T07:38:36.649Z,car-deal-finder/beat,           ^^^^^^^^^^^^^^^^^^^^^^^^^
2026-07-09T07:38:36.649Z,car-deal-finder/beat,"  File ""/usr/local/lib/python3.12/site-packages/click/decorators.py"", line 34, in new_func"
2026-07-09T07:38:36.649Z,car-deal-finder/beat,"    return f(get_current_context(), *args, **kwargs)"
2026-07-09T07:38:36.649Z,car-deal-finder/beat,           ^^^^^^^^^^^^^^^^^^^^^^^^^^^^^^^^^^^^^^^^^
2026-07-09T07:38:36.649Z,car-deal-finder/beat,"  File ""/usr/local/lib/python3.12/site-packages/celery/bin/base.py"", line 135, in caller"
2026-07-09T07:38:36.649Z,car-deal-finder/beat,"    return f(ctx, *args, **kwargs)"
2026-07-09T07:38:36.649Z,car-deal-finder/beat,           ^^^^^^^^^^^^^^^^^^^^^^^
2026-07-09T07:38:36.649Z,car-deal-finder/beat,"  File ""/usr/local/lib/python3.12/site-packages/celery/bin/beat.py"", line 72, in beat"
2026-07-09T07:38:36.649Z,car-deal-finder/beat,    return beat().run()
2026-07-09T07:38:36.649Z,car-deal-finder/beat,           ^^^^^^^^^^^^
2026-07-09T07:38:36.649Z,car-deal-finder/beat,"  File ""/usr/local/lib/python3.12/site-packages/celery/apps/beat.py"", line 82, in run"
2026-07-09T07:38:36.649Z,car-deal-finder/beat,    self.init_loader()
2026-07-09T07:38:36.649Z,car-deal-finder/beat,"  File ""/usr/local/lib/python3.12/site-packages/celery/apps/beat.py"", line 132, in init_loader"
2026-07-09T07:38:36.649Z,car-deal-finder/beat,    self.app.loader.init_worker()
2026-07-09T07:38:36.649Z,car-deal-finder/beat,"  File ""/usr/local/lib/python3.12/site-packages/celery/loaders/base.py"", line 110, in init_worker"
2026-07-09T07:38:36.649Z,car-deal-finder/beat,    self.import_default_modules()
2026-07-09T07:38:36.649Z,car-deal-finder/beat,"  File ""/usr/local/lib/python3.12/site-packages/celery/loaders/base.py"", line 105, in import_default_modules"
2026-07-09T07:38:36.649Z,car-deal-finder/beat,    return [self.import_task_module(m) for m in self.default_modules]
2026-07-09T07:38:36.649Z,car-deal-finder/beat,            ^^^^^^^^^^^^^^^^^^^^^^^^^^
2026-07-09T07:38:36.649Z,car-deal-finder/beat,"  File ""/usr/local/lib/python3.12/site-packages/celery/loaders/base.py"", line 85, in import_task_module"
2026-07-09T07:38:36.649Z,car-deal-finder/beat,    return self.import_from_cwd(module)
2026-07-09T07:38:36.649Z,car-deal-finder/beat,           ^^^^^^^^^^^^^^^^^^^^^^^^^^^^
2026-07-09T07:38:36.649Z,car-deal-finder/beat,"  File ""/usr/local/lib/python3.12/site-packages/celery/loaders/base.py"", line 91, in import_from_cwd"
2026-07-09T07:38:36.649Z,car-deal-finder/beat,    return import_from_cwd(
2026-07-09T07:38:36.649Z,car-deal-finder/beat,           ^^^^^^^^^^^^^^^^
2026-07-09T07:38:36.649Z,car-deal-finder/beat,"  File ""/usr/local/lib/python3.12/site-packages/celery/utils/imports.py"", line 109, in import_from_cwd"
2026-07-09T07:38:36.649Z,car-deal-finder/beat,"    return imp(module, package=package)"
2026-07-09T07:38:36.649Z,car-deal-finder/beat,           ^^^^^^^^^^^^^^^^^^^^^^^^^^^^
2026-07-09T07:38:36.649Z,car-deal-finder/beat,"  File ""/usr/local/lib/python3.12/site-packages/celery/loaders/base.py"", line 88, in import_module"
2026-07-09T07:38:36.649Z,car-deal-finder/beat,"    return importlib.import_module(module, package=package)"
2026-07-09T07:38:36.649Z,car-deal-finder/beat,           ^^^^^^^^^^^^^^^^^^^^^^^^^^^^^^^^^^^^^^^^^^^^^^^^
2026-07-09T07:38:36.649Z,car-deal-finder/beat,"  File ""/usr/local/lib/python3.12/importlib/__init__.py"", line 90, in import_module"
2026-07-09T07:38:36.649Z,car-deal-finder/beat,"    return _bootstrap._gcd_import(name[level:], package, level)"
2026-07-09T07:38:36.649Z,car-deal-finder/beat,           ^^^^^^^^^^^^^^^^^^^^^^^^^^^^^^^^^^^^^^^^^^^^^^^^^^^^
2026-07-09T07:38:36.649Z,car-deal-finder/beat,"  File ""<frozen importlib._bootstrap>"", line 1387, in _gcd_import"
2026-07-09T07:38:36.649Z,car-deal-finder/beat,"  File ""<frozen importlib._bootstrap>"", line 1360, in _find_and_load"
2026-07-09T07:38:36.649Z,car-deal-finder/beat,"  File ""<frozen importlib._bootstrap>"", line 1331, in _find_and_load_unlocked"
2026-07-09T07:38:36.649Z,car-deal-finder/beat,"  File ""<frozen importlib._bootstrap>"", line 935, in _load_unlocked"
2026-07-09T07:38:36.649Z,car-deal-finder/beat,"  File ""<frozen importlib._bootstrap_external>"", line 999, in exec_module"
2026-07-09T07:38:36.649Z,car-deal-finder/beat,"  File ""<frozen importlib._bootstrap>"", line 488, in _call_with_frames_removed"
2026-07-09T07:38:36.649Z,car-deal-finder/beat,"  File ""/app/app/tasks.py"", line 27, in <module>"
2026-07-09T07:38:36.649Z,car-deal-finder/worker,    rv = self.invoke(ctx)
2026-07-09T07:38:36.649Z,car-deal-finder/worker,         ^^^^^^^^^^^^^^^^
2026-07-09T07:38:36.649Z,car-deal-finder/worker,"  File ""/usr/local/lib/python3.12/site-packages/click/core.py"", line 1970, in invoke"
2026-07-09T07:38:36.649Z,car-deal-finder/worker,    return _process_result(sub_ctx.command.invoke(sub_ctx))
2026-07-09T07:38:36.649Z,car-deal-finder/worker,                           ^^^^^^^^^^^^^^^^^^^^^^^^^^^^^^^
2026-07-09T07:38:36.649Z,car-deal-finder/worker,"  File ""/usr/local/lib/python3.12/site-packages/click/core.py"", line 1353, in invoke"
2026-07-09T07:38:36.649Z,car-deal-finder/worker,"    return ctx.invoke(self.callback, **ctx.params)"
2026-07-09T07:38:36.649Z,car-deal-finder/worker,           ^^^^^^^^^^^^^^^^^^^^^^^^^^^^^^^^^^^^^^^
2026-07-09T07:38:36.649Z,car-deal-finder/worker,"  File ""/usr/local/lib/python3.12/site-packages/click/core.py"", line 907, in invoke"
2026-07-09T07:38:36.649Z,car-deal-finder/worker,"    return callback(*args, **kwargs)"
2026-07-09T07:38:36.649Z,car-deal-finder/worker,           ^^^^^^^^^^^^^^^^^^^^^^^^^
2026-07-09T07:38:36.649Z,car-deal-finder/worker,"  File ""/usr/local/lib/python3.12/site-packages/click/decorators.py"", line 34, in new_func"
2026-07-09T07:38:36.649Z,car-deal-finder/worker,"    return f(get_current_context(), *args, **kwargs)"
2026-07-09T07:38:36.649Z,car-deal-finder/worker,           ^^^^^^^^^^^^^^^^^^^^^^^^^^^^^^^^^^^^^^^^^
2026-07-09T07:38:36.649Z,car-deal-finder/worker,"  File ""/usr/local/lib/python3.12/site-packages/celery/bin/base.py"", line 135, in caller"
2026-07-09T07:38:36.649Z,car-deal-finder/worker,"    return f(ctx, *args, **kwargs)"
2026-07-09T07:38:36.649Z,car-deal-finder/worker,           ^^^^^^^^^^^^^^^^^^^^^^^
2026-07-09T07:38:36.649Z,car-deal-finder/worker,"  File ""/usr/local/lib/python3.12/site-packages/celery/bin/worker.py"", line 348, in worker"
2026-07-09T07:38:36.649Z,car-deal-finder/worker,    worker = app.Worker(
2026-07-09T07:38:36.649Z,car-deal-finder/worker,             ^^^^^^^^^^^
2026-07-09T07:38:36.649Z,car-deal-finder/worker,"  File ""/usr/local/lib/python3.12/site-packages/celery/worker/worker.py"", line 93, in __init__"
2026-07-09T07:38:36.649Z,car-deal-finder/worker,    self.app.loader.init_worker()
2026-07-09T07:38:36.649Z,car-deal-finder/worker,"  File ""/usr/local/lib/python3.12/site-packages/celery/loaders/base.py"", line 110, in init_worker"
2026-07-09T07:38:36.649Z,car-deal-finder/worker,    self.import_default_modules()
2026-07-09T07:38:36.649Z,car-deal-finder/worker,"  File ""/usr/local/lib/python3.12/site-packages/celery/loaders/base.py"", line 105, in import_default_modules"
2026-07-09T07:38:36.649Z,car-deal-finder/worker,    return [self.import_task_module(m) for m in self.default_modules]
2026-07-09T07:38:36.649Z,car-deal-finder/worker,            ^^^^^^^^^^^^^^^^^^^^^^^^^^
2026-07-09T07:38:36.649Z,car-deal-finder/worker,"  File ""/usr/local/lib/python3.12/site-packages/celery/loaders/base.py"", line 85, in import_task_module"
2026-07-09T07:38:36.649Z,car-deal-finder/worker,    return self.import_from_cwd(module)
2026-07-09T07:38:36.649Z,car-deal-finder/worker,           ^^^^^^^^^^^^^^^^^^^^^^^^^^^^
2026-07-09T07:38:36.649Z,car-deal-finder/worker,"  File ""/usr/local/lib/python3.12/site-packages/celery/loaders/base.py"", line 91, in import_from_cwd"
2026-07-09T07:38:36.649Z,car-deal-finder/worker,    return import_from_cwd(
2026-07-09T07:38:36.649Z,car-deal-finder/worker,           ^^^^^^^^^^^^^^^^
2026-07-09T07:38:36.649Z,car-deal-finder/worker,"  File ""/usr/local/lib/python3.12/site-packages/celery/utils/imports.py"", line 109, in import_from_cwd"
2026-07-09T07:38:36.649Z,car-deal-finder/worker,"    return imp(module, package=package)"
2026-07-09T07:38:36.649Z,car-deal-finder/worker,           ^^^^^^^^^^^^^^^^^^^^^^^^^^^^
2026-07-09T07:38:36.649Z,car-deal-finder/worker,"  File ""/usr/local/lib/python3.12/site-packages/celery/loaders/base.py"", line 88, in import_module"
2026-07-09T07:38:36.649Z,car-deal-finder/worker,"    return importlib.import_module(module, package=package)"
2026-07-09T07:38:36.649Z,car-deal-finder/worker,           ^^^^^^^^^^^^^^^^^^^^^^^^^^^^^^^^^^^^^^^^^^^^^^^^
2026-07-09T07:38:36.649Z,car-deal-finder/worker,"  File ""/usr/local/lib/python3.12/importlib/__init__.py"", line 90, in import_module"
2026-07-09T07:38:36.649Z,car-deal-finder/worker,"    return _bootstrap._gcd_import(name[level:], package, level)"
2026-07-09T07:38:36.649Z,car-deal-finder/worker,           ^^^^^^^^^^^^^^^^^^^^^^^^^^^^^^^^^^^^^^^^^^^^^^^^^^^^
2026-07-09T07:38:36.649Z,car-deal-finder/worker,"  File ""<frozen importlib._bootstrap>"", line 1387, in _gcd_import"
2026-07-09T07:38:36.649Z,car-deal-finder/worker,"  File ""<frozen importlib._bootstrap>"", line 1360, in _find_and_load"
2026-07-09T07:38:36.649Z,car-deal-finder/worker,"  File ""<frozen importlib._bootstrap>"", line 1331, in _find_and_load_unlocked"
2026-07-09T07:38:36.649Z,car-deal-finder/worker,"  File ""<frozen importlib._bootstrap>"", line 935, in _load_unlocked"
2026-07-09T07:38:36.649Z,car-deal-finder/worker,"  File ""<frozen importlib._bootstrap_external>"", line 999, in exec_module"
2026-07-09T07:38:36.649Z,car-deal-finder/worker,"  File ""<frozen importlib._bootstrap>"", line 488, in _call_with_frames_removed"
2026-07-09T07:38:36.649Z,car-deal-finder/worker,"  File ""/app/app/tasks.py"", line 27, in <module>"
2026-07-09T07:38:36.654Z,car-deal-finder/worker,"    from .urlnorm import domain_of, normalize_url, url_hash"
2026-07-09T07:38:36.654Z,car-deal-finder/worker,"  File ""/app/app/urlnorm.py"", line 1"
2026-07-09T07:38:36.654Z,car-deal-finder/worker,"    """"""URL normalization for product identity."
2026-07-09T07:38:36.654Z,car-deal-finder/worker,IndentationError: unexpected indent
2026-07-09T07:38:36.657Z,car-deal-finder/beat,"    from .urlnorm import domain_of, normalize_url, url_hash"
2026-07-09T07:38:36.657Z,car-deal-finder/beat,"  File ""/app/app/urlnorm.py"", line 1"
2026-07-09T07:38:36.657Z,car-deal-finder/beat,"    """"""URL normalization for product identity."
2026-07-09T07:38:36.657Z,car-deal-finder/beat,IndentationError: unexpected indent
2026-07-09T07:38:39.613Z,car-deal-finder/worker,Traceback (most recent call last):
2026-07-09T07:38:39.613Z,car-deal-finder/worker,"  File ""/usr/local/bin/celery"", line 8, in <module>"
2026-07-09T07:38:39.613Z,car-deal-finder/worker,    sys.exit(main())
2026-07-09T07:38:39.613Z,car-deal-finder/worker,             ^^^^^^
2026-07-09T07:38:39.613Z,car-deal-finder/worker,"  File ""/usr/local/lib/python3.12/site-packages/celery/__main__.py"", line 15, in main"
2026-07-09T07:38:39.613Z,car-deal-finder/worker,    sys.exit(_main())
2026-07-09T07:38:39.613Z,car-deal-finder/worker,             ^^^^^^^
2026-07-09T07:38:39.613Z,car-deal-finder/worker,"  File ""/usr/local/lib/python3.12/site-packages/celery/bin/celery.py"", line 236, in main"
2026-07-09T07:38:39.613Z,car-deal-finder/worker,"    return celery(auto_envvar_prefix=""CELERY"")"
2026-07-09T07:38:39.613Z,car-deal-finder/worker,           ^^^^^^^^^^^^^^^^^^^^^^^^^^^^^^^^^^^
2026-07-09T07:38:39.613Z,car-deal-finder/worker,"  File ""/usr/local/lib/python3.12/site-packages/click/core.py"", line 1569, in __call__"
2026-07-09T07:38:39.613Z,car-deal-finder/worker,"    return self.main(*args, **kwargs)"
2026-07-09T07:38:39.613Z,car-deal-finder/worker,           ^^^^^^^^^^^^^^^^^^^^^^^^^^
2026-07-09T07:38:39.613Z,car-deal-finder/worker,"  File ""/usr/local/lib/python3.12/site-packages/click/core.py"", line 1490, in main"
2026-07-09T07:38:39.613Z,car-deal-finder/worker,    rv = self.invoke(ctx)
2026-07-09T07:38:39.613Z,car-deal-finder/worker,         ^^^^^^^^^^^^^^^^
2026-07-09T07:38:39.613Z,car-deal-finder/worker,"  File ""/usr/local/lib/python3.12/site-packages/click/core.py"", line 1970, in invoke"
2026-07-09T07:38:39.614Z,car-deal-finder/worker,    return _process_result(sub_ctx.command.invoke(sub_ctx))
2026-07-09T07:38:39.614Z,car-deal-finder/worker,                           ^^^^^^^^^^^^^^^^^^^^^^^^^^^^^^^
2026-07-09T07:38:39.614Z,car-deal-finder/worker,"  File ""/usr/local/lib/python3.12/site-packages/click/core.py"", line 1353, in invoke"
2026-07-09T07:38:39.615Z,car-deal-finder/worker,"    return ctx.invoke(self.callback, **ctx.params)"
2026-07-09T07:38:39.615Z,car-deal-finder/worker,           ^^^^^^^^^^^^^^^^^^^^^^^^^^^^^^^^^^^^^^^
2026-07-09T07:38:39.615Z,car-deal-finder/worker,"  File ""/usr/local/lib/python3.12/site-packages/click/core.py"", line 907, in invoke"
2026-07-09T07:38:39.615Z,car-deal-finder/worker,"    return callback(*args, **kwargs)"
2026-07-09T07:38:39.615Z,car-deal-finder/worker,           ^^^^^^^^^^^^^^^^^^^^^^^^^
2026-07-09T07:38:39.615Z,car-deal-finder/worker,"  File ""/usr/local/lib/python3.12/site-packages/click/decorators.py"", line 34, in new_func"
2026-07-09T07:38:39.615Z,car-deal-finder/worker,"    return f(get_current_context(), *args, **kwargs)"
2026-07-09T07:38:39.615Z,car-deal-finder/worker,           ^^^^^^^^^^^^^^^^^^^^^^^^^^^^^^^^^^^^^^^^^
2026-07-09T07:38:39.615Z,car-deal-finder/worker,"  File ""/usr/local/lib/python3.12/site-packages/celery/bin/base.py"", line 135, in caller"
2026-07-09T07:38:39.616Z,car-deal-finder/worker,"    return f(ctx, *args, **kwargs)"
2026-07-09T07:38:39.616Z,car-deal-finder/worker,           ^^^^^^^^^^^^^^^^^^^^^^^
2026-07-09T07:38:39.616Z,car-deal-finder/worker,"  File ""/usr/local/lib/python3.12/site-packages/celery/bin/worker.py"", line 348, in worker"
2026-07-09T07:38:39.617Z,car-deal-finder/worker,    worker = app.Worker(
2026-07-09T07:38:39.617Z,car-deal-finder/worker,             ^^^^^^^^^^^
2026-07-09T07:38:39.617Z,car-deal-finder/worker,"  File ""/usr/local/lib/python3.12/site-packages/celery/worker/worker.py"", line 93, in __init__"
2026-07-09T07:38:39.617Z,car-deal-finder/worker,    self.app.loader.init_worker()
2026-07-09T07:38:39.617Z,car-deal-finder/worker,"  File ""/usr/local/lib/python3.12/site-packages/celery/loaders/base.py"", line 110, in init_worker"
2026-07-09T07:38:39.617Z,car-deal-finder/worker,    self.import_default_modules()
2026-07-09T07:38:39.617Z,car-deal-finder/worker,"  File ""/usr/local/lib/python3.12/site-packages/celery/loaders/base.py"", line 105, in import_default_modules"
2026-07-09T07:38:39.617Z,car-deal-finder/worker,    return [self.import_task_module(m) for m in self.default_modules]
2026-07-09T07:38:39.617Z,car-deal-finder/worker,            ^^^^^^^^^^^^^^^^^^^^^^^^^^
2026-07-09T07:38:39.617Z,car-deal-finder/worker,"  File ""/usr/local/lib/python3.12/site-packages/celery/loaders/base.py"", line 85, in import_task_module"
2026-07-09T07:38:39.617Z,car-deal-finder/worker,    return self.import_from_cwd(module)
2026-07-09T07:38:39.617Z,car-deal-finder/worker,           ^^^^^^^^^^^^^^^^^^^^^^^^^^^^
2026-07-09T07:38:39.617Z,car-deal-finder/worker,"  File ""/usr/local/lib/python3.12/site-packages/celery/loaders/base.py"", line 91, in import_from_cwd"
2026-07-09T07:38:39.617Z,car-deal-finder/worker,    return import_from_cwd(
2026-07-09T07:38:39.617Z,car-deal-finder/worker,           ^^^^^^^^^^^^^^^^
2026-07-09T07:38:39.617Z,car-deal-finder/worker,"  File ""/usr/local/lib/python3.12/site-packages/celery/utils/imports.py"", line 109, in import_from_cwd"
2026-07-09T07:38:39.618Z,car-deal-finder/worker,"    return imp(module, package=package)"
2026-07-09T07:38:39.618Z,car-deal-finder/worker,           ^^^^^^^^^^^^^^^^^^^^^^^^^^^^
2026-07-09T07:38:39.618Z,car-deal-finder/worker,"  File ""/usr/local/lib/python3.12/site-packages/celery/loaders/base.py"", line 88, in import_module"
2026-07-09T07:38:39.619Z,car-deal-finder/worker,"    return importlib.import_module(module, package=package)"
2026-07-09T07:38:39.619Z,car-deal-finder/worker,           ^^^^^^^^^^^^^^^^^^^^^^^^^^^^^^^^^^^^^^^^^^^^^^^^
2026-07-09T07:38:39.619Z,car-deal-finder/worker,"  File ""/usr/local/lib/python3.12/importlib/__init__.py"", line 90, in import_module"
2026-07-09T07:38:39.620Z,car-deal-finder/worker,"    return _bootstrap._gcd_import(name[level:], package, level)"
2026-07-09T07:38:39.620Z,car-deal-finder/worker,           ^^^^^^^^^^^^^^^^^^^^^^^^^^^^^^^^^^^^^^^^^^^^^^^^^^^^
2026-07-09T07:38:39.620Z,car-deal-finder/worker,"  File ""<frozen importlib._bootstrap>"", line 1387, in _gcd_import"
2026-07-09T07:38:39.620Z,car-deal-finder/worker,"  File ""<frozen importlib._bootstrap>"", line 1360, in _find_and_load"
2026-07-09T07:38:39.620Z,car-deal-finder/worker,"  File ""<frozen importlib._bootstrap>"", line 1331, in _find_and_load_unlocked"
2026-07-09T07:38:39.620Z,car-deal-finder/worker,"  File ""<frozen importlib._bootstrap>"", line 935, in _load_unlocked"
2026-07-09T07:38:39.620Z,car-deal-finder/worker,"  File ""<frozen importlib._bootstrap_external>"", line 999, in exec_module"
2026-07-09T07:38:39.620Z,car-deal-finder/worker,"  File ""<frozen importlib._bootstrap>"", line 488, in _call_with_frames_removed"
2026-07-09T07:38:39.620Z,car-deal-finder/worker,"  File ""/app/app/tasks.py"", line 27, in <module>"
2026-07-09T07:38:39.621Z,car-deal-finder/beat,Traceback (most recent call last):
2026-07-09T07:38:39.621Z,car-deal-finder/beat,"  File ""/usr/local/bin/celery"", line 8, in <module>"
2026-07-09T07:38:39.621Z,car-deal-finder/beat,    sys.exit(main())
2026-07-09T07:38:39.621Z,car-deal-finder/beat,             ^^^^^^
2026-07-09T07:38:39.621Z,car-deal-finder/beat,"  File ""/usr/local/lib/python3.12/site-packages/celery/__main__.py"", line 15, in main"
2026-07-09T07:38:39.621Z,car-deal-finder/beat,    sys.exit(_main())
2026-07-09T07:38:39.621Z,car-deal-finder/beat,celery beat v5.4.0 (opalescent) is starting.
2026-07-09T07:38:39.622Z,car-deal-finder/beat,             ^^^^^^^
2026-07-09T07:38:39.622Z,car-deal-finder/beat,"  File ""/usr/local/lib/python3.12/site-packages/celery/bin/celery.py"", line 236, in main"
2026-07-09T07:38:39.622Z,car-deal-finder/beat,"    return celery(auto_envvar_prefix=""CELERY"")"
2026-07-09T07:38:39.622Z,car-deal-finder/beat,           ^^^^^^^^^^^^^^^^^^^^^^^^^^^^^^^^^^^
2026-07-09T07:38:39.622Z,car-deal-finder/beat,"  File ""/usr/local/lib/python3.12/site-packages/click/core.py"", line 1569, in __call__"
2026-07-09T07:38:39.623Z,car-deal-finder/beat,"    return self.main(*args, **kwargs)"
2026-07-09T07:38:39.623Z,car-deal-finder/beat,           ^^^^^^^^^^^^^^^^^^^^^^^^^^
2026-07-09T07:38:39.623Z,car-deal-finder/beat,"  File ""/usr/local/lib/python3.12/site-packages/click/core.py"", line 1490, in main"
2026-07-09T07:38:39.623Z,car-deal-finder/beat,    rv = self.invoke(ctx)
2026-07-09T07:38:39.623Z,car-deal-finder/beat,         ^^^^^^^^^^^^^^^^
2026-07-09T07:38:39.623Z,car-deal-finder/beat,"  File ""/usr/local/lib/python3.12/site-packages/click/core.py"", line 1970, in invoke"
2026-07-09T07:38:39.623Z,car-deal-finder/beat,    return _process_result(sub_ctx.command.invoke(sub_ctx))
2026-07-09T07:38:39.624Z,car-deal-finder/beat,                           ^^^^^^^^^^^^^^^^^^^^^^^^^^^^^^^
2026-07-09T07:38:39.624Z,car-deal-finder/beat,"  File ""/usr/local/lib/python3.12/site-packages/click/core.py"", line 1353, in invoke"
2026-07-09T07:38:39.624Z,car-deal-finder/beat,"    return ctx.invoke(self.callback, **ctx.params)"
2026-07-09T07:38:39.624Z,car-deal-finder/beat,           ^^^^^^^^^^^^^^^^^^^^^^^^^^^^^^^^^^^^^^^
2026-07-09T07:38:39.624Z,car-deal-finder/beat,"  File ""/usr/local/lib/python3.12/site-packages/click/core.py"", line 907, in invoke"
2026-07-09T07:38:39.624Z,car-deal-finder/beat,"    return callback(*args, **kwargs)"
2026-07-09T07:38:39.624Z,car-deal-finder/beat,           ^^^^^^^^^^^^^^^^^^^^^^^^^
2026-07-09T07:38:39.624Z,car-deal-finder/beat,"  File ""/usr/local/lib/python3.12/site-packages/click/decorators.py"", line 34, in new_func"
2026-07-09T07:38:39.624Z,car-deal-finder/beat,"    return f(get_current_context(), *args, **kwargs)"
2026-07-09T07:38:39.624Z,car-deal-finder/beat,           ^^^^^^^^^^^^^^^^^^^^^^^^^^^^^^^^^^^^^^^^^
2026-07-09T07:38:39.624Z,car-deal-finder/beat,"  File ""/usr/local/lib/python3.12/site-packages/celery/bin/base.py"", line 135, in caller"
2026-07-09T07:38:39.625Z,car-deal-finder/beat,"    return f(ctx, *args, **kwargs)"
2026-07-09T07:38:39.625Z,car-deal-finder/worker,"    from .urlnorm import domain_of, normalize_url, url_hash"
2026-07-09T07:38:39.626Z,car-deal-finder/beat,           ^^^^^^^^^^^^^^^^^^^^^^^
2026-07-09T07:38:39.626Z,car-deal-finder/beat,"  File ""/usr/local/lib/python3.12/site-packages/celery/bin/beat.py"", line 72, in beat"
2026-07-09T07:38:39.626Z,car-deal-finder/beat,    return beat().run()
2026-07-09T07:38:39.626Z,car-deal-finder/beat,           ^^^^^^^^^^^^
2026-07-09T07:38:39.626Z,car-deal-finder/beat,"  File ""/usr/local/lib/python3.12/site-packages/celery/apps/beat.py"", line 82, in run"
2026-07-09T07:38:39.626Z,car-deal-finder/beat,    self.init_loader()
2026-07-09T07:38:39.626Z,car-deal-finder/beat,"  File ""/usr/local/lib/python3.12/site-packages/celery/apps/beat.py"", line 132, in init_loader"
2026-07-09T07:38:39.626Z,car-deal-finder/beat,    self.app.loader.init_worker()
2026-07-09T07:38:39.626Z,car-deal-finder/beat,"  File ""/usr/local/lib/python3.12/site-packages/celery/loaders/base.py"", line 110, in init_worker"
2026-07-09T07:38:39.626Z,car-deal-finder/beat,    self.import_default_modules()
2026-07-09T07:38:39.626Z,car-deal-finder/beat,"  File ""/usr/local/lib/python3.12/site-packages/celery/loaders/base.py"", line 105, in import_default_modules"
2026-07-09T07:38:39.626Z,car-deal-finder/beat,    return [self.import_task_module(m) for m in self.default_modules]
2026-07-09T07:38:39.626Z,car-deal-finder/beat,            ^^^^^^^^^^^^^^^^^^^^^^^^^^
2026-07-09T07:38:39.626Z,car-deal-finder/beat,"  File ""/usr/local/lib/python3.12/site-packages/celery/loaders/base.py"", line 85, in import_task_module"
2026-07-09T07:38:39.626Z,car-deal-finder/beat,    return self.import_from_cwd(module)
2026-07-09T07:38:39.626Z,car-deal-finder/beat,           ^^^^^^^^^^^^^^^^^^^^^^^^^^^^
2026-07-09T07:38:39.626Z,car-deal-finder/beat,"  File ""/usr/local/lib/python3.12/site-packages/celery/loaders/base.py"", line 91, in import_from_cwd"
2026-07-09T07:38:39.626Z,car-deal-finder/beat,    return import_from_cwd(
2026-07-09T07:38:39.626Z,car-deal-finder/beat,           ^^^^^^^^^^^^^^^^
2026-07-09T07:38:39.626Z,car-deal-finder/beat,"  File ""/usr/local/lib/python3.12/site-packages/celery/utils/imports.py"", line 109, in import_from_cwd"
2026-07-09T07:38:39.626Z,car-deal-finder/beat,"    return imp(module, package=package)"
2026-07-09T07:38:39.626Z,car-deal-finder/beat,           ^^^^^^^^^^^^^^^^^^^^^^^^^^^^
2026-07-09T07:38:39.626Z,car-deal-finder/beat,"  File ""/usr/local/lib/python3.12/site-packages/celery/loaders/base.py"", line 88, in import_module"
2026-07-09T07:38:39.626Z,car-deal-finder/beat,"    return importlib.import_module(module, package=package)"
2026-07-09T07:38:39.626Z,car-deal-finder/beat,           ^^^^^^^^^^^^^^^^^^^^^^^^^^^^^^^^^^^^^^^^^^^^^^^^
2026-07-09T07:38:39.626Z,car-deal-finder/beat,"  File ""/usr/local/lib/python3.12/importlib/__init__.py"", line 90, in import_module"
2026-07-09T07:38:39.626Z,car-deal-finder/beat,"    return _bootstrap._gcd_import(name[level:], package, level)"
2026-07-09T07:38:39.626Z,car-deal-finder/beat,           ^^^^^^^^^^^^^^^^^^^^^^^^^^^^^^^^^^^^^^^^^^^^^^^^^^^^
2026-07-09T07:38:39.626Z,car-deal-finder/beat,"  File ""<frozen importlib._bootstrap>"", line 1387, in _gcd_import"
2026-07-09T07:38:39.626Z,car-deal-finder/beat,"  File ""<frozen importlib._bootstrap>"", line 1360, in _find_and_load"
2026-07-09T07:38:39.626Z,car-deal-finder/beat,"  File ""<frozen importlib._bootstrap>"", line 1331, in _find_and_load_unlocked"
2026-07-09T07:38:39.626Z,car-deal-finder/beat,"  File ""<frozen importlib._bootstrap>"", line 935, in _load_unlocked"
2026-07-09T07:38:39.626Z,car-deal-finder/beat,"  File ""<frozen importlib._bootstrap_external>"", line 999, in exec_module"
2026-07-09T07:38:39.626Z,car-deal-finder/beat,"  File ""<frozen importlib._bootstrap>"", line 488, in _call_with_frames_removed"
2026-07-09T07:38:39.626Z,car-deal-finder/beat,"  File ""/app/app/tasks.py"", line 27, in <module>"
2026-07-09T07:38:39.626Z,car-deal-finder/worker,"  File ""/app/app/urlnorm.py"", line 1"
2026-07-09T07:38:39.626Z,car-deal-finder/worker,"    """"""URL normalization for product identity."
2026-07-09T07:38:39.626Z,car-deal-finder/worker,IndentationError: unexpected indent
2026-07-09T07:38:39.632Z,car-deal-finder/beat,"    from .urlnorm import domain_of, normalize_url, url_hash"
2026-07-09T07:38:39.632Z,car-deal-finder/beat,"  File ""/app/app/urlnorm.py"", line 1"
2026-07-09T07:38:39.632Z,car-deal-finder/beat,"    """"""URL normalization for product identity."
2026-07-09T07:38:39.632Z,car-deal-finder/beat,IndentationError: unexpected indent
2026-07-09T07:38:43.776Z,car-deal-finder/beat,celery beat v5.4.0 (opalescent) is starting.
2026-07-09T07:38:43.776Z,car-deal-finder/beat,Traceback (most recent call last):
2026-07-09T07:38:43.776Z,car-deal-finder/beat,"  File ""/usr/local/bin/celery"", line 8, in <module>"
2026-07-09T07:38:43.776Z,car-deal-finder/beat,    sys.exit(main())
2026-07-09T07:38:43.776Z,car-deal-finder/beat,             ^^^^^^
2026-07-09T07:38:43.776Z,car-deal-finder/beat,"  File ""/usr/local/lib/python3.12/site-packages/celery/__main__.py"", line 15, in main"
2026-07-09T07:38:43.776Z,car-deal-finder/beat,    sys.exit(_main())
2026-07-09T07:38:43.776Z,car-deal-finder/beat,             ^^^^^^^
2026-07-09T07:38:43.776Z,car-deal-finder/beat,"  File ""/usr/local/lib/python3.12/site-packages/celery/bin/celery.py"", line 236, in main"
2026-07-09T07:38:43.776Z,car-deal-finder/beat,"    return celery(auto_envvar_prefix=""CELERY"")"
2026-07-09T07:38:43.776Z,car-deal-finder/beat,           ^^^^^^^^^^^^^^^^^^^^^^^^^^^^^^^^^^^
2026-07-09T07:38:43.776Z,car-deal-finder/beat,"  File ""/usr/local/lib/python3.12/site-packages/click/core.py"", line 1569, in __call__"
2026-07-09T07:38:43.776Z,car-deal-finder/beat,"    return self.main(*args, **kwargs)"
2026-07-09T07:38:43.776Z,car-deal-finder/beat,           ^^^^^^^^^^^^^^^^^^^^^^^^^^
2026-07-09T07:38:43.776Z,car-deal-finder/beat,"  File ""/usr/local/lib/python3.12/site-packages/click/core.py"", line 1490, in main"
2026-07-09T07:38:43.777Z,car-deal-finder/beat,    rv = self.invoke(ctx)
2026-07-09T07:38:43.777Z,car-deal-finder/beat,         ^^^^^^^^^^^^^^^^
2026-07-09T07:38:43.777Z,car-deal-finder/beat,"  File ""/usr/local/lib/python3.12/site-packages/click/core.py"", line 1970, in invoke"
2026-07-09T07:38:43.777Z,car-deal-finder/beat,    return _process_result(sub_ctx.command.invoke(sub_ctx))
2026-07-09T07:38:43.777Z,car-deal-finder/beat,                           ^^^^^^^^^^^^^^^^^^^^^^^^^^^^^^^
2026-07-09T07:38:43.777Z,car-deal-finder/beat,"  File ""/usr/local/lib/python3.12/site-packages/click/core.py"", line 1353, in invoke"
2026-07-09T07:38:43.777Z,car-deal-finder/beat,"    return ctx.invoke(self.callback, **ctx.params)"
2026-07-09T07:38:43.777Z,car-deal-finder/beat,           ^^^^^^^^^^^^^^^^^^^^^^^^^^^^^^^^^^^^^^^
2026-07-09T07:38:43.777Z,car-deal-finder/beat,"  File ""/usr/local/lib/python3.12/site-packages/click/core.py"", line 907, in invoke"
2026-07-09T07:38:43.777Z,car-deal-finder/beat,"    return callback(*args, **kwargs)"
2026-07-09T07:38:43.777Z,car-deal-finder/beat,           ^^^^^^^^^^^^^^^^^^^^^^^^^
2026-07-09T07:38:43.777Z,car-deal-finder/beat,"  File ""/usr/local/lib/python3.12/site-packages/click/decorators.py"", line 34, in new_func"
2026-07-09T07:38:43.777Z,car-deal-finder/beat,"    return f(get_current_context(), *args, **kwargs)"
2026-07-09T07:38:43.777Z,car-deal-finder/beat,           ^^^^^^^^^^^^^^^^^^^^^^^^^^^^^^^^^^^^^^^^^
2026-07-09T07:38:43.777Z,car-deal-finder/beat,"  File ""/usr/local/lib/python3.12/site-packages/celery/bin/base.py"", line 135, in caller"
2026-07-09T07:38:43.778Z,car-deal-finder/beat,"    return f(ctx, *args, **kwargs)"
2026-07-09T07:38:43.778Z,car-deal-finder/beat,           ^^^^^^^^^^^^^^^^^^^^^^^
2026-07-09T07:38:43.778Z,car-deal-finder/beat,"  File ""/usr/local/lib/python3.12/site-packages/celery/bin/beat.py"", line 72, in beat"
2026-07-09T07:38:43.778Z,car-deal-finder/beat,    return beat().run()
2026-07-09T07:38:43.778Z,car-deal-finder/beat,           ^^^^^^^^^^^^
2026-07-09T07:38:43.778Z,car-deal-finder/beat,"  File ""/usr/local/lib/python3.12/site-packages/celery/apps/beat.py"", line 82, in run"
2026-07-09T07:38:43.778Z,car-deal-finder/beat,    self.init_loader()
2026-07-09T07:38:43.778Z,car-deal-finder/beat,"  File ""/usr/local/lib/python3.12/site-packages/celery/apps/beat.py"", line 132, in init_loader"
2026-07-09T07:38:43.778Z,car-deal-finder/beat,    self.app.loader.init_worker()
2026-07-09T07:38:43.778Z,car-deal-finder/beat,"  File ""/usr/local/lib/python3.12/site-packages/celery/loaders/base.py"", line 110, in init_worker"
2026-07-09T07:38:43.778Z,car-deal-finder/beat,    self.import_default_modules()
2026-07-09T07:38:43.778Z,car-deal-finder/beat,"  File ""/usr/local/lib/python3.12/site-packages/celery/loaders/base.py"", line 105, in import_default_modules"
2026-07-09T07:38:43.778Z,car-deal-finder/beat,    return [self.import_task_module(m) for m in self.default_modules]
2026-07-09T07:38:43.778Z,car-deal-finder/beat,            ^^^^^^^^^^^^^^^^^^^^^^^^^^
2026-07-09T07:38:43.778Z,car-deal-finder/beat,"  File ""/usr/local/lib/python3.12/site-packages/celery/loaders/base.py"", line 85, in import_task_module"
2026-07-09T07:38:43.778Z,car-deal-finder/beat,    return self.import_from_cwd(module)
2026-07-09T07:38:43.778Z,car-deal-finder/beat,           ^^^^^^^^^^^^^^^^^^^^^^^^^^^^
2026-07-09T07:38:43.778Z,car-deal-finder/beat,"  File ""/usr/local/lib/python3.12/site-packages/celery/loaders/base.py"", line 91, in import_from_cwd"
2026-07-09T07:38:43.779Z,car-deal-finder/beat,    return import_from_cwd(
2026-07-09T07:38:43.779Z,car-deal-finder/beat,           ^^^^^^^^^^^^^^^^
2026-07-09T07:38:43.779Z,car-deal-finder/beat,"  File ""/usr/local/lib/python3.12/site-packages/celery/utils/imports.py"", line 109, in import_from_cwd"
2026-07-09T07:38:43.779Z,car-deal-finder/beat,"    return imp(module, package=package)"
2026-07-09T07:38:43.779Z,car-deal-finder/beat,           ^^^^^^^^^^^^^^^^^^^^^^^^^^^^
2026-07-09T07:38:43.780Z,car-deal-finder/beat,"  File ""/usr/local/lib/python3.12/site-packages/celery/loaders/base.py"", line 88, in import_module"
2026-07-09T07:38:43.780Z,car-deal-finder/beat,"    return importlib.import_module(module, package=package)"
2026-07-09T07:38:43.780Z,car-deal-finder/beat,           ^^^^^^^^^^^^^^^^^^^^^^^^^^^^^^^^^^^^^^^^^^^^^^^^
2026-07-09T07:38:43.780Z,car-deal-finder/beat,"  File ""/usr/local/lib/python3.12/importlib/__init__.py"", line 90, in import_module"
2026-07-09T07:38:43.780Z,car-deal-finder/beat,"    return _bootstrap._gcd_import(name[level:], package, level)"
2026-07-09T07:38:43.780Z,car-deal-finder/beat,           ^^^^^^^^^^^^^^^^^^^^^^^^^^^^^^^^^^^^^^^^^^^^^^^^^^^^
2026-07-09T07:38:43.780Z,car-deal-finder/beat,"  File ""<frozen importlib._bootstrap>"", line 1387, in _gcd_import"
2026-07-09T07:38:43.780Z,car-deal-finder/beat,"  File ""<frozen importlib._bootstrap>"", line 1360, in _find_and_load"
2026-07-09T07:38:43.780Z,car-deal-finder/beat,"  File ""<frozen importlib._bootstrap>"", line 1331, in _find_and_load_unlocked"
2026-07-09T07:38:43.782Z,car-deal-finder/beat,"  File ""<frozen importlib._bootstrap>"", line 935, in _load_unlocked"
2026-07-09T07:38:43.782Z,car-deal-finder/beat,"  File ""<frozen importlib._bootstrap_external>"", line 999, in exec_module"
2026-07-09T07:38:43.782Z,car-deal-finder/beat,"  File ""<frozen importlib._bootstrap>"", line 488, in _call_with_frames_removed"
2026-07-09T07:38:43.782Z,car-deal-finder/beat,"  File ""/app/app/tasks.py"", line 27, in <module>"
2026-07-09T07:38:43.790Z,car-deal-finder/beat,"    from .urlnorm import domain_of, normalize_url, url_hash"
2026-07-09T07:38:43.790Z,car-deal-finder/beat,"  File ""/app/app/urlnorm.py"", line 1"
2026-07-09T07:38:43.790Z,car-deal-finder/beat,"    """"""URL normalization for product identity."
2026-07-09T07:38:43.790Z,car-deal-finder/beat,IndentationError: unexpected indent
2026-07-09T07:38:43.819Z,car-deal-finder/worker,Traceback (most recent call last):
2026-07-09T07:38:43.819Z,car-deal-finder/worker,"  File ""/usr/local/bin/celery"", line 8, in <module>"
2026-07-09T07:38:43.819Z,car-deal-finder/worker,    sys.exit(main())
2026-07-09T07:38:43.819Z,car-deal-finder/worker,             ^^^^^^
2026-07-09T07:38:43.819Z,car-deal-finder/worker,"  File ""/usr/local/lib/python3.12/site-packages/celery/__main__.py"", line 15, in main"
2026-07-09T07:38:43.819Z,car-deal-finder/worker,    sys.exit(_main())
2026-07-09T07:38:43.819Z,car-deal-finder/worker,             ^^^^^^^
2026-07-09T07:38:43.819Z,car-deal-finder/worker,"  File ""/usr/local/lib/python3.12/site-packages/celery/bin/celery.py"", line 236, in main"
2026-07-09T07:38:43.819Z,car-deal-finder/worker,"    return celery(auto_envvar_prefix=""CELERY"")"
2026-07-09T07:38:43.819Z,car-deal-finder/worker,           ^^^^^^^^^^^^^^^^^^^^^^^^^^^^^^^^^^^
2026-07-09T07:38:43.819Z,car-deal-finder/worker,"  File ""/usr/local/lib/python3.12/site-packages/click/core.py"", line 1569, in __call__"
2026-07-09T07:38:43.819Z,car-deal-finder/worker,"    return self.main(*args, **kwargs)"
2026-07-09T07:38:43.819Z,car-deal-finder/worker,           ^^^^^^^^^^^^^^^^^^^^^^^^^^
2026-07-09T07:38:43.819Z,car-deal-finder/worker,"  File ""/usr/local/lib/python3.12/site-packages/click/core.py"", line 1490, in main"
2026-07-09T07:38:43.819Z,car-deal-finder/worker,    rv = self.invoke(ctx)
2026-07-09T07:38:43.819Z,car-deal-finder/worker,         ^^^^^^^^^^^^^^^^
2026-07-09T07:38:43.819Z,car-deal-finder/worker,"  File ""/usr/local/lib/python3.12/site-packages/click/core.py"", line 1970, in invoke"
2026-07-09T07:38:43.820Z,car-deal-finder/worker,    return _process_result(sub_ctx.command.invoke(sub_ctx))
2026-07-09T07:38:43.820Z,car-deal-finder/worker,                           ^^^^^^^^^^^^^^^^^^^^^^^^^^^^^^^
2026-07-09T07:38:43.820Z,car-deal-finder/worker,"  File ""/usr/local/lib/python3.12/site-packages/click/core.py"", line 1353, in invoke"
2026-07-09T07:38:43.820Z,car-deal-finder/worker,"    return ctx.invoke(self.callback, **ctx.params)"
2026-07-09T07:38:43.820Z,car-deal-finder/worker,           ^^^^^^^^^^^^^^^^^^^^^^^^^^^^^^^^^^^^^^^
2026-07-09T07:38:43.820Z,car-deal-finder/worker,"  File ""/usr/local/lib/python3.12/site-packages/click/core.py"", line 907, in invoke"
2026-07-09T07:38:43.820Z,car-deal-finder/worker,"    return callback(*args, **kwargs)"
2026-07-09T07:38:43.820Z,car-deal-finder/worker,           ^^^^^^^^^^^^^^^^^^^^^^^^^
2026-07-09T07:38:43.820Z,car-deal-finder/worker,"  File ""/usr/local/lib/python3.12/site-packages/click/decorators.py"", line 34, in new_func"
2026-07-09T07:38:43.820Z,car-deal-finder/worker,"    return f(get_current_context(), *args, **kwargs)"
2026-07-09T07:38:43.820Z,car-deal-finder/worker,           ^^^^^^^^^^^^^^^^^^^^^^^^^^^^^^^^^^^^^^^^^
2026-07-09T07:38:43.820Z,car-deal-finder/worker,"  File ""/usr/local/lib/python3.12/site-packages/celery/bin/base.py"", line 135, in caller"
2026-07-09T07:38:43.820Z,car-deal-finder/worker,"    return f(ctx, *args, **kwargs)"
2026-07-09T07:38:43.820Z,car-deal-finder/worker,           ^^^^^^^^^^^^^^^^^^^^^^^
2026-07-09T07:38:43.820Z,car-deal-finder/worker,"  File ""/usr/local/lib/python3.12/site-packages/celery/bin/worker.py"", line 348, in worker"
2026-07-09T07:38:43.820Z,car-deal-finder/worker,    worker = app.Worker(
2026-07-09T07:38:43.820Z,car-deal-finder/worker,             ^^^^^^^^^^^
2026-07-09T07:38:43.820Z,car-deal-finder/worker,"  File ""/usr/local/lib/python3.12/site-packages/celery/worker/worker.py"", line 93, in __init__"
2026-07-09T07:38:43.820Z,car-deal-finder/worker,    self.app.loader.init_worker()
2026-07-09T07:38:43.820Z,car-deal-finder/worker,"  File ""/usr/local/lib/python3.12/site-packages/celery/loaders/base.py"", line 110, in init_worker"
2026-07-09T07:38:43.820Z,car-deal-finder/worker,    self.import_default_modules()
2026-07-09T07:38:43.820Z,car-deal-finder/worker,"  File ""/usr/local/lib/python3.12/site-packages/celery/loaders/base.py"", line 105, in import_default_modules"
2026-07-09T07:38:43.821Z,car-deal-finder/worker,    return [self.import_task_module(m) for m in self.default_modules]
2026-07-09T07:38:43.821Z,car-deal-finder/worker,            ^^^^^^^^^^^^^^^^^^^^^^^^^^
2026-07-09T07:38:43.821Z,car-deal-finder/worker,"  File ""/usr/local/lib/python3.12/site-packages/celery/loaders/base.py"", line 85, in import_task_module"
2026-07-09T07:38:43.821Z,car-deal-finder/worker,    return self.import_from_cwd(module)
2026-07-09T07:38:43.821Z,car-deal-finder/worker,           ^^^^^^^^^^^^^^^^^^^^^^^^^^^^
2026-07-09T07:38:43.821Z,car-deal-finder/worker,"  File ""/usr/local/lib/python3.12/site-packages/celery/loaders/base.py"", line 91, in import_from_cwd"
2026-07-09T07:38:43.821Z,car-deal-finder/worker,    return import_from_cwd(
2026-07-09T07:38:43.821Z,car-deal-finder/worker,           ^^^^^^^^^^^^^^^^
2026-07-09T07:38:43.821Z,car-deal-finder/worker,"  File ""/usr/local/lib/python3.12/site-packages/celery/utils/imports.py"", line 109, in import_from_cwd"
2026-07-09T07:38:43.821Z,car-deal-finder/worker,"    return imp(module, package=package)"
2026-07-09T07:38:43.821Z,car-deal-finder/worker,           ^^^^^^^^^^^^^^^^^^^^^^^^^^^^
2026-07-09T07:38:43.821Z,car-deal-finder/worker,"  File ""/usr/local/lib/python3.12/site-packages/celery/loaders/base.py"", line 88, in import_module"
2026-07-09T07:38:43.821Z,car-deal-finder/worker,"    return importlib.import_module(module, package=package)"
2026-07-09T07:38:43.821Z,car-deal-finder/worker,           ^^^^^^^^^^^^^^^^^^^^^^^^^^^^^^^^^^^^^^^^^^^^^^^^
2026-07-09T07:38:43.821Z,car-deal-finder/worker,"  File ""/usr/local/lib/python3.12/importlib/__init__.py"", line 90, in import_module"
2026-07-09T07:38:43.821Z,car-deal-finder/worker,"    return _bootstrap._gcd_import(name[level:], package, level)"
2026-07-09T07:38:43.821Z,car-deal-finder/worker,           ^^^^^^^^^^^^^^^^^^^^^^^^^^^^^^^^^^^^^^^^^^^^^^^^^^^^
2026-07-09T07:38:43.821Z,car-deal-finder/worker,"  File ""<frozen importlib._bootstrap>"", line 1387, in _gcd_import"
2026-07-09T07:38:43.821Z,car-deal-finder/worker,"  File ""<frozen importlib._bootstrap>"", line 1360, in _find_and_load"
2026-07-09T07:38:43.821Z,car-deal-finder/worker,"  File ""<frozen importlib._bootstrap>"", line 1331, in _find_and_load_unlocked"
2026-07-09T07:38:43.821Z,car-deal-finder/worker,"  File ""<frozen importlib._bootstrap>"", line 935, in _load_unlocked"
2026-07-09T07:38:43.821Z,car-deal-finder/worker,"  File ""<frozen importlib._bootstrap_external>"", line 999, in exec_module"
2026-07-09T07:38:43.821Z,car-deal-finder/worker,"  File ""<frozen importlib._bootstrap>"", line 488, in _call_with_frames_removed"
2026-07-09T07:38:43.821Z,car-deal-finder/worker,"  File ""/app/app/tasks.py"", line 27, in <module>"
2026-07-09T07:38:43.826Z,car-deal-finder/worker,"    from .urlnorm import domain_of, normalize_url, url_hash"
2026-07-09T07:38:43.826Z,car-deal-finder/worker,"  File ""/app/app/urlnorm.py"", line 1"
2026-07-09T07:38:43.826Z,car-deal-finder/worker,"    """"""URL normalization for product identity."
2026-07-09T07:38:43.826Z,car-deal-finder/worker,IndentationError: unexpected indent
2026-07-09T07:38:49.393Z,car-deal-finder/beat,Traceback (most recent call last):
2026-07-09T07:38:49.393Z,car-deal-finder/beat,"  File ""/usr/local/bin/celery"", line 8, in <module>"
2026-07-09T07:38:49.393Z,car-deal-finder/beat,    sys.exit(main())
2026-07-09T07:38:49.393Z,car-deal-finder/worker,Traceback (most recent call last):
2026-07-09T07:38:49.393Z,car-deal-finder/worker,"  File ""/usr/local/bin/celery"", line 8, in <module>"
2026-07-09T07:38:49.394Z,car-deal-finder/beat,celery beat v5.4.0 (opalescent) is starting.
2026-07-09T07:38:49.394Z,car-deal-finder/beat,             ^^^^^^
2026-07-09T07:38:49.394Z,car-deal-finder/beat,"  File ""/usr/local/lib/python3.12/site-packages/celery/__main__.py"", line 15, in main"
2026-07-09T07:38:49.394Z,car-deal-finder/beat,    sys.exit(_main())
2026-07-09T07:38:49.394Z,car-deal-finder/beat,             ^^^^^^^
2026-07-09T07:38:49.394Z,car-deal-finder/beat,"  File ""/usr/local/lib/python3.12/site-packages/celery/bin/celery.py"", line 236, in main"
2026-07-09T07:38:49.394Z,car-deal-finder/beat,"    return celery(auto_envvar_prefix=""CELERY"")"
2026-07-09T07:38:49.394Z,car-deal-finder/beat,           ^^^^^^^^^^^^^^^^^^^^^^^^^^^^^^^^^^^
2026-07-09T07:38:49.394Z,car-deal-finder/beat,"  File ""/usr/local/lib/python3.12/site-packages/click/core.py"", line 1569, in __call__"
2026-07-09T07:38:49.395Z,car-deal-finder/worker,    sys.exit(main())
2026-07-09T07:38:49.395Z,car-deal-finder/worker,             ^^^^^^
2026-07-09T07:38:49.395Z,car-deal-finder/worker,"  File ""/usr/local/lib/python3.12/site-packages/celery/__main__.py"", line 15, in main"
2026-07-09T07:38:49.397Z,car-deal-finder/beat,"    return self.main(*args, **kwargs)"
2026-07-09T07:38:49.397Z,car-deal-finder/beat,           ^^^^^^^^^^^^^^^^^^^^^^^^^^
2026-07-09T07:38:49.397Z,car-deal-finder/beat,"  File ""/usr/local/lib/python3.12/site-packages/click/core.py"", line 1490, in main"
2026-07-09T07:38:49.397Z,car-deal-finder/worker,    sys.exit(_main())
2026-07-09T07:38:49.397Z,car-deal-finder/worker,             ^^^^^^^
2026-07-09T07:38:49.397Z,car-deal-finder/worker,"  File ""/usr/local/lib/python3.12/site-packages/celery/bin/celery.py"", line 236, in main"
2026-07-09T07:38:49.397Z,car-deal-finder/worker,"    return celery(auto_envvar_prefix=""CELERY"")"
2026-07-09T07:38:49.397Z,car-deal-finder/worker,           ^^^^^^^^^^^^^^^^^^^^^^^^^^^^^^^^^^^
2026-07-09T07:38:49.397Z,car-deal-finder/worker,"  File ""/usr/local/lib/python3.12/site-packages/click/core.py"", line 1569, in __call__"
2026-07-09T07:38:49.397Z,car-deal-finder/worker,"    return self.main(*args, **kwargs)"
2026-07-09T07:38:49.397Z,car-deal-finder/worker,           ^^^^^^^^^^^^^^^^^^^^^^^^^^
2026-07-09T07:38:49.397Z,car-deal-finder/worker,"  File ""/usr/local/lib/python3.12/site-packages/click/core.py"", line 1490, in main"
2026-07-09T07:38:49.398Z,car-deal-finder/worker,    rv = self.invoke(ctx)
2026-07-09T07:38:49.398Z,car-deal-finder/worker,         ^^^^^^^^^^^^^^^^
2026-07-09T07:38:49.398Z,car-deal-finder/worker,"  File ""/usr/local/lib/python3.12/site-packages/click/core.py"", line 1970, in invoke"
2026-07-09T07:38:49.399Z,car-deal-finder/beat,    rv = self.invoke(ctx)
2026-07-09T07:38:49.399Z,car-deal-finder/beat,         ^^^^^^^^^^^^^^^^
2026-07-09T07:38:49.399Z,car-deal-finder/beat,"  File ""/usr/local/lib/python3.12/site-packages/click/core.py"", line 1970, in invoke"
2026-07-09T07:38:49.400Z,car-deal-finder/worker,    return _process_result(sub_ctx.command.invoke(sub_ctx))
2026-07-09T07:38:49.400Z,car-deal-finder/worker,                           ^^^^^^^^^^^^^^^^^^^^^^^^^^^^^^^
2026-07-09T07:38:49.400Z,car-deal-finder/worker,"  File ""/usr/local/lib/python3.12/site-packages/click/core.py"", line 1353, in invoke"
2026-07-09T07:38:49.402Z,car-deal-finder/beat,    return _process_result(sub_ctx.command.invoke(sub_ctx))
2026-07-09T07:38:49.402Z,car-deal-finder/beat,                           ^^^^^^^^^^^^^^^^^^^^^^^^^^^^^^^
2026-07-09T07:38:49.402Z,car-deal-finder/worker,"    return ctx.invoke(self.callback, **ctx.params)"
2026-07-09T07:38:49.402Z,car-deal-finder/worker,           ^^^^^^^^^^^^^^^^^^^^^^^^^^^^^^^^^^^^^^^
2026-07-09T07:38:49.402Z,car-deal-finder/worker,"  File ""/usr/local/lib/python3.12/site-packages/click/core.py"", line 907, in invoke"
2026-07-09T07:38:49.402Z,car-deal-finder/worker,"    return callback(*args, **kwargs)"
2026-07-09T07:38:49.402Z,car-deal-finder/worker,           ^^^^^^^^^^^^^^^^^^^^^^^^^
2026-07-09T07:38:49.402Z,car-deal-finder/worker,"  File ""/usr/local/lib/python3.12/site-packages/click/decorators.py"", line 34, in new_func"
2026-07-09T07:38:49.402Z,car-deal-finder/worker,"    return f(get_current_context(), *args, **kwargs)"
2026-07-09T07:38:49.402Z,car-deal-finder/worker,           ^^^^^^^^^^^^^^^^^^^^^^^^^^^^^^^^^^^^^^^^^
2026-07-09T07:38:49.402Z,car-deal-finder/worker,"  File ""/usr/local/lib/python3.12/site-packages/celery/bin/base.py"", line 135, in caller"
2026-07-09T07:38:49.402Z,car-deal-finder/worker,"    return f(ctx, *args, **kwargs)"
2026-07-09T07:38:49.402Z,car-deal-finder/worker,           ^^^^^^^^^^^^^^^^^^^^^^^
2026-07-09T07:38:49.402Z,car-deal-finder/worker,"  File ""/usr/local/lib/python3.12/site-packages/celery/bin/worker.py"", line 348, in worker"
2026-07-09T07:38:49.403Z,car-deal-finder/beat,"  File ""/usr/local/lib/python3.12/site-packages/click/core.py"", line 1353, in invoke"
2026-07-09T07:38:49.403Z,car-deal-finder/beat,"    return ctx.invoke(self.callback, **ctx.params)"
2026-07-09T07:38:49.403Z,car-deal-finder/beat,           ^^^^^^^^^^^^^^^^^^^^^^^^^^^^^^^^^^^^^^^
2026-07-09T07:38:49.403Z,car-deal-finder/beat,"  File ""/usr/local/lib/python3.12/site-packages/click/core.py"", line 907, in invoke"
2026-07-09T07:38:49.404Z,car-deal-finder/worker,    worker = app.Worker(
2026-07-09T07:38:49.404Z,car-deal-finder/worker,             ^^^^^^^^^^^
2026-07-09T07:38:49.404Z,car-deal-finder/worker,"  File ""/usr/local/lib/python3.12/site-packages/celery/worker/worker.py"", line 93, in __init__"
2026-07-09T07:38:49.404Z,car-deal-finder/worker,    self.app.loader.init_worker()
2026-07-09T07:38:49.404Z,car-deal-finder/worker,"  File ""/usr/local/lib/python3.12/site-packages/celery/loaders/base.py"", line 110, in init_worker"
2026-07-09T07:38:49.404Z,car-deal-finder/worker,    self.import_default_modules()
2026-07-09T07:38:49.404Z,car-deal-finder/worker,"  File ""/usr/local/lib/python3.12/site-packages/celery/loaders/base.py"", line 105, in import_default_modules"
2026-07-09T07:38:49.404Z,car-deal-finder/worker,    return [self.import_task_module(m) for m in self.default_modules]
2026-07-09T07:38:49.404Z,car-deal-finder/worker,            ^^^^^^^^^^^^^^^^^^^^^^^^^^
2026-07-09T07:38:49.404Z,car-deal-finder/worker,"  File ""/usr/local/lib/python3.12/site-packages/celery/loaders/base.py"", line 85, in import_task_module"
2026-07-09T07:38:49.404Z,car-deal-finder/worker,    return self.import_from_cwd(module)
2026-07-09T07:38:49.404Z,car-deal-finder/worker,           ^^^^^^^^^^^^^^^^^^^^^^^^^^^^
2026-07-09T07:38:49.404Z,car-deal-finder/worker,"  File ""/usr/local/lib/python3.12/site-packages/celery/loaders/base.py"", line 91, in import_from_cwd"
2026-07-09T07:38:49.406Z,car-deal-finder/beat,"    return callback(*args, **kwargs)"
2026-07-09T07:38:49.406Z,car-deal-finder/beat,           ^^^^^^^^^^^^^^^^^^^^^^^^^
2026-07-09T07:38:49.406Z,car-deal-finder/beat,"  File ""/usr/local/lib/python3.12/site-packages/click/decorators.py"", line 34, in new_func"
2026-07-09T07:38:49.406Z,car-deal-finder/beat,"    return f(get_current_context(), *args, **kwargs)"
2026-07-09T07:38:49.406Z,car-deal-finder/beat,           ^^^^^^^^^^^^^^^^^^^^^^^^^^^^^^^^^^^^^^^^^
2026-07-09T07:38:49.406Z,car-deal-finder/beat,"  File ""/usr/local/lib/python3.12/site-packages/celery/bin/base.py"", line 135, in caller"
2026-07-09T07:38:49.406Z,car-deal-finder/beat,"    return f(ctx, *args, **kwargs)"
2026-07-09T07:38:49.406Z,car-deal-finder/beat,           ^^^^^^^^^^^^^^^^^^^^^^^
2026-07-09T07:38:49.406Z,car-deal-finder/beat,"  File ""/usr/local/lib/python3.12/site-packages/celery/bin/beat.py"", line 72, in beat"
2026-07-09T07:38:49.406Z,car-deal-finder/beat,    return beat().run()
2026-07-09T07:38:49.406Z,car-deal-finder/beat,           ^^^^^^^^^^^^
2026-07-09T07:38:49.406Z,car-deal-finder/beat,"  File ""/usr/local/lib/python3.12/site-packages/celery/apps/beat.py"", line 82, in run"
2026-07-09T07:38:49.407Z,car-deal-finder/beat,    self.init_loader()
2026-07-09T07:38:49.407Z,car-deal-finder/beat,"  File ""/usr/local/lib/python3.12/site-packages/celery/apps/beat.py"", line 132, in init_loader"
2026-07-09T07:38:49.407Z,car-deal-finder/beat,    self.app.loader.init_worker()
2026-07-09T07:38:49.407Z,car-deal-finder/beat,"  File ""/usr/local/lib/python3.12/site-packages/celery/loaders/base.py"", line 110, in init_worker"
2026-07-09T07:38:49.407Z,car-deal-finder/beat,    self.import_default_modules()
2026-07-09T07:38:49.407Z,car-deal-finder/beat,"  File ""/usr/local/lib/python3.12/site-packages/celery/loaders/base.py"", line 105, in import_default_modules"
2026-07-09T07:38:49.407Z,car-deal-finder/beat,    return [self.import_task_module(m) for m in self.default_modules]
2026-07-09T07:38:49.407Z,car-deal-finder/beat,            ^^^^^^^^^^^^^^^^^^^^^^^^^^
2026-07-09T07:38:49.407Z,car-deal-finder/beat,"  File ""/usr/local/lib/python3.12/site-packages/celery/loaders/base.py"", line 85, in import_task_module"
2026-07-09T07:38:49.407Z,car-deal-finder/beat,    return self.import_from_cwd(module)
2026-07-09T07:38:49.407Z,car-deal-finder/beat,           ^^^^^^^^^^^^^^^^^^^^^^^^^^^^
2026-07-09T07:38:49.407Z,car-deal-finder/beat,"  File ""/usr/local/lib/python3.12/site-packages/celery/loaders/base.py"", line 91, in import_from_cwd"
2026-07-09T07:38:49.407Z,car-deal-finder/beat,    return import_from_cwd(
2026-07-09T07:38:49.407Z,car-deal-finder/beat,           ^^^^^^^^^^^^^^^^
2026-07-09T07:38:49.407Z,car-deal-finder/beat,"  File ""/usr/local/lib/python3.12/site-packages/celery/utils/imports.py"", line 109, in import_from_cwd"
2026-07-09T07:38:49.407Z,car-deal-finder/beat,"    return imp(module, package=package)"
2026-07-09T07:38:49.407Z,car-deal-finder/beat,           ^^^^^^^^^^^^^^^^^^^^^^^^^^^^
2026-07-09T07:38:49.407Z,car-deal-finder/beat,"  File ""/usr/local/lib/python3.12/site-packages/celery/loaders/base.py"", line 88, in import_module"
2026-07-09T07:38:49.407Z,car-deal-finder/beat,"    return importlib.import_module(module, package=package)"
2026-07-09T07:38:49.407Z,car-deal-finder/beat,           ^^^^^^^^^^^^^^^^^^^^^^^^^^^^^^^^^^^^^^^^^^^^^^^^
2026-07-09T07:38:49.407Z,car-deal-finder/beat,"  File ""/usr/local/lib/python3.12/importlib/__init__.py"", line 90, in import_module"
2026-07-09T07:38:49.407Z,car-deal-finder/beat,"    return _bootstrap._gcd_import(name[level:], package, level)"
2026-07-09T07:38:49.407Z,car-deal-finder/beat,           ^^^^^^^^^^^^^^^^^^^^^^^^^^^^^^^^^^^^^^^^^^^^^^^^^^^^
2026-07-09T07:38:49.407Z,car-deal-finder/beat,"  File ""<frozen importlib._bootstrap>"", line 1387, in _gcd_import"
2026-07-09T07:38:49.407Z,car-deal-finder/beat,"  File ""<frozen importlib._bootstrap>"", line 1360, in _find_and_load"
2026-07-09T07:38:49.407Z,car-deal-finder/beat,"  File ""<frozen importlib._bootstrap>"", line 1331, in _find_and_load_unlocked"
2026-07-09T07:38:49.407Z,car-deal-finder/beat,"  File ""<frozen importlib._bootstrap>"", line 935, in _load_unlocked"
2026-07-09T07:38:49.407Z,car-deal-finder/beat,"  File ""<frozen importlib._bootstrap_external>"", line 999, in exec_module"
2026-07-09T07:38:49.407Z,car-deal-finder/beat,"  File ""<frozen importlib._bootstrap>"", line 488, in _call_with_frames_removed"
2026-07-09T07:38:49.407Z,car-deal-finder/beat,"  File ""/app/app/tasks.py"", line 27, in <module>"
2026-07-09T07:38:49.407Z,car-deal-finder/worker,    return import_from_cwd(
2026-07-09T07:38:49.407Z,car-deal-finder/worker,           ^^^^^^^^^^^^^^^^
2026-07-09T07:38:49.407Z,car-deal-finder/worker,"  File ""/usr/local/lib/python3.12/site-packages/celery/utils/imports.py"", line 109, in import_from_cwd"
2026-07-09T07:38:49.407Z,car-deal-finder/worker,"    return imp(module, package=package)"
2026-07-09T07:38:49.407Z,car-deal-finder/worker,           ^^^^^^^^^^^^^^^^^^^^^^^^^^^^
2026-07-09T07:38:49.407Z,car-deal-finder/worker,"  File ""/usr/local/lib/python3.12/site-packages/celery/loaders/base.py"", line 88, in import_module"
2026-07-09T07:38:49.407Z,car-deal-finder/worker,"    return importlib.import_module(module, package=package)"
2026-07-09T07:38:49.407Z,car-deal-finder/worker,           ^^^^^^^^^^^^^^^^^^^^^^^^^^^^^^^^^^^^^^^^^^^^^^^^
2026-07-09T07:38:49.407Z,car-deal-finder/worker,"  File ""/usr/local/lib/python3.12/importlib/__init__.py"", line 90, in import_module"
2026-07-09T07:38:49.407Z,car-deal-finder/worker,"    return _bootstrap._gcd_import(name[level:], package, level)"
2026-07-09T07:38:49.407Z,car-deal-finder/worker,           ^^^^^^^^^^^^^^^^^^^^^^^^^^^^^^^^^^^^^^^^^^^^^^^^^^^^
2026-07-09T07:38:49.407Z,car-deal-finder/worker,"  File ""<frozen importlib._bootstrap>"", line 1387, in _gcd_import"
2026-07-09T07:38:49.407Z,car-deal-finder/worker,"  File ""<frozen importlib._bootstrap>"", line 1360, in _find_and_load"
2026-07-09T07:38:49.407Z,car-deal-finder/worker,"  File ""<frozen importlib._bootstrap>"", line 1331, in _find_and_load_unlocked"
2026-07-09T07:38:49.407Z,car-deal-finder/worker,"  File ""<frozen importlib._bootstrap>"", line 935, in _load_unlocked"
2026-07-09T07:38:49.407Z,car-deal-finder/worker,"  File ""<frozen importlib._bootstrap_external>"", line 999, in exec_module"
2026-07-09T07:38:49.407Z,car-deal-finder/worker,"  File ""<frozen importlib._bootstrap>"", line 488, in _call_with_frames_removed"
2026-07-09T07:38:49.407Z,car-deal-finder/worker,"  File ""/app/app/tasks.py"", line 27, in <module>"
2026-07-09T07:38:49.413Z,car-deal-finder/beat,"    from .urlnorm import domain_of, normalize_url, url_hash"
2026-07-09T07:38:49.413Z,car-deal-finder/beat,"  File ""/app/app/urlnorm.py"", line 1"
2026-07-09T07:38:49.413Z,car-deal-finder/beat,"    """"""URL normalization for product identity."
2026-07-09T07:38:49.413Z,car-deal-finder/beat,IndentationError: unexpected indent
2026-07-09T07:38:49.413Z,car-deal-finder/worker,"    from .urlnorm import domain_of, normalize_url, url_hash"
2026-07-09T07:38:49.413Z,car-deal-finder/worker,"  File ""/app/app/urlnorm.py"", line 1"
2026-07-09T07:38:49.413Z,car-deal-finder/worker,"    """"""URL normalization for product identity."
2026-07-09T07:38:49.413Z,car-deal-finder/worker,IndentationError: unexpected indent
2026-07-09T07:38:58.342Z,car-deal-finder/worker,Traceback (most recent call last):
2026-07-09T07:38:58.343Z,car-deal-finder/beat,Traceback (most recent call last):
2026-07-09T07:38:58.343Z,car-deal-finder/beat,"  File ""/usr/local/bin/celery"", line 8, in <module>"
2026-07-09T07:38:58.343Z,car-deal-finder/beat,    sys.exit(main())
2026-07-09T07:38:58.343Z,car-deal-finder/beat,             ^^^^^^
2026-07-09T07:38:58.343Z,car-deal-finder/beat,"  File ""/usr/local/lib/python3.12/site-packages/celery/__main__.py"", line 15, in main"
2026-07-09T07:38:58.343Z,car-deal-finder/beat,    sys.exit(_main())
2026-07-09T07:38:58.343Z,car-deal-finder/beat,             ^^^^^^^
2026-07-09T07:38:58.343Z,car-deal-finder/beat,"  File ""/usr/local/lib/python3.12/site-packages/celery/bin/celery.py"", line 236, in main"
2026-07-09T07:38:58.343Z,car-deal-finder/beat,"    return celery(auto_envvar_prefix=""CELERY"")"
2026-07-09T07:38:58.343Z,car-deal-finder/beat,           ^^^^^^^^^^^^^^^^^^^^^^^^^^^^^^^^^^^
2026-07-09T07:38:58.343Z,car-deal-finder/beat,"  File ""/usr/local/lib/python3.12/site-packages/click/core.py"", line 1569, in __call__"
2026-07-09T07:38:58.343Z,car-deal-finder/beat,"    return self.main(*args, **kwargs)"
2026-07-09T07:38:58.343Z,car-deal-finder/beat,           ^^^^^^^^^^^^^^^^^^^^^^^^^^
2026-07-09T07:38:58.343Z,car-deal-finder/beat,"  File ""/usr/local/lib/python3.12/site-packages/click/core.py"", line 1490, in main"
2026-07-09T07:38:58.343Z,car-deal-finder/beat,    rv = self.invoke(ctx)
2026-07-09T07:38:58.343Z,car-deal-finder/beat,         ^^^^^^^^^^^^^^^^
2026-07-09T07:38:58.343Z,car-deal-finder/beat,"  File ""/usr/local/lib/python3.12/site-packages/click/core.py"", line 1970, in invoke"
2026-07-09T07:38:58.344Z,car-deal-finder/beat,    return _process_result(sub_ctx.command.invoke(sub_ctx))
2026-07-09T07:38:58.344Z,car-deal-finder/beat,                           ^^^^^^^^^^^^^^^^^^^^^^^^^^^^^^^
2026-07-09T07:38:58.344Z,car-deal-finder/beat,"  File ""/usr/local/lib/python3.12/site-packages/click/core.py"", line 1353, in invoke"
2026-07-09T07:38:58.344Z,car-deal-finder/beat,"    return ctx.invoke(self.callback, **ctx.params)"
2026-07-09T07:38:58.344Z,car-deal-finder/beat,           ^^^^^^^^^^^^^^^^^^^^^^^^^^^^^^^^^^^^^^^
2026-07-09T07:38:58.344Z,car-deal-finder/beat,"  File ""/usr/local/lib/python3.12/site-packages/click/core.py"", line 907, in invoke"
2026-07-09T07:38:58.344Z,car-deal-finder/beat,"    return callback(*args, **kwargs)"
2026-07-09T07:38:58.344Z,car-deal-finder/worker,"  File ""/usr/local/bin/celery"", line 8, in <module>"
2026-07-09T07:38:58.344Z,car-deal-finder/worker,    sys.exit(main())
2026-07-09T07:38:58.344Z,car-deal-finder/worker,             ^^^^^^
2026-07-09T07:38:58.344Z,car-deal-finder/worker,"  File ""/usr/local/lib/python3.12/site-packages/celery/__main__.py"", line 15, in main"
2026-07-09T07:38:58.344Z,car-deal-finder/worker,    sys.exit(_main())
2026-07-09T07:38:58.344Z,car-deal-finder/worker,             ^^^^^^^
2026-07-09T07:38:58.344Z,car-deal-finder/worker,"  File ""/usr/local/lib/python3.12/site-packages/celery/bin/celery.py"", line 236, in main"
2026-07-09T07:38:58.344Z,car-deal-finder/worker,"    return celery(auto_envvar_prefix=""CELERY"")"
2026-07-09T07:38:58.344Z,car-deal-finder/worker,           ^^^^^^^^^^^^^^^^^^^^^^^^^^^^^^^^^^^
2026-07-09T07:38:58.344Z,car-deal-finder/worker,"  File ""/usr/local/lib/python3.12/site-packages/click/core.py"", line 1569, in __call__"
2026-07-09T07:38:58.344Z,car-deal-finder/worker,"    return self.main(*args, **kwargs)"
2026-07-09T07:38:58.344Z,car-deal-finder/worker,           ^^^^^^^^^^^^^^^^^^^^^^^^^^
2026-07-09T07:38:58.344Z,car-deal-finder/worker,"  File ""/usr/local/lib/python3.12/site-packages/click/core.py"", line 1490, in main"
2026-07-09T07:38:58.344Z,car-deal-finder/worker,    rv = self.invoke(ctx)
2026-07-09T07:38:58.344Z,car-deal-finder/worker,         ^^^^^^^^^^^^^^^^
2026-07-09T07:38:58.344Z,car-deal-finder/worker,"  File ""/usr/local/lib/python3.12/site-packages/click/core.py"", line 1970, in invoke"
2026-07-09T07:38:58.344Z,car-deal-finder/worker,    return _process_result(sub_ctx.command.invoke(sub_ctx))
2026-07-09T07:38:58.344Z,car-deal-finder/worker,                           ^^^^^^^^^^^^^^^^^^^^^^^^^^^^^^^
2026-07-09T07:38:58.344Z,car-deal-finder/worker,"  File ""/usr/local/lib/python3.12/site-packages/click/core.py"", line 1353, in invoke"
2026-07-09T07:38:58.344Z,car-deal-finder/worker,"    return ctx.invoke(self.callback, **ctx.params)"
2026-07-09T07:38:58.344Z,car-deal-finder/worker,           ^^^^^^^^^^^^^^^^^^^^^^^^^^^^^^^^^^^^^^^
2026-07-09T07:38:58.344Z,car-deal-finder/worker,"  File ""/usr/local/lib/python3.12/site-packages/click/core.py"", line 907, in invoke"
2026-07-09T07:38:58.344Z,car-deal-finder/worker,"    return callback(*args, **kwargs)"
2026-07-09T07:38:58.344Z,car-deal-finder/worker,           ^^^^^^^^^^^^^^^^^^^^^^^^^
2026-07-09T07:38:58.344Z,car-deal-finder/worker,"  File ""/usr/local/lib/python3.12/site-packages/click/decorators.py"", line 34, in new_func"
2026-07-09T07:38:58.344Z,car-deal-finder/worker,"    return f(get_current_context(), *args, **kwargs)"
2026-07-09T07:38:58.344Z,car-deal-finder/worker,           ^^^^^^^^^^^^^^^^^^^^^^^^^^^^^^^^^^^^^^^^^
2026-07-09T07:38:58.344Z,car-deal-finder/worker,"  File ""/usr/local/lib/python3.12/site-packages/celery/bin/base.py"", line 135, in caller"
2026-07-09T07:38:58.344Z,car-deal-finder/worker,"    return f(ctx, *args, **kwargs)"
2026-07-09T07:38:58.344Z,car-deal-finder/worker,           ^^^^^^^^^^^^^^^^^^^^^^^
2026-07-09T07:38:58.344Z,car-deal-finder/worker,"  File ""/usr/local/lib/python3.12/site-packages/celery/bin/worker.py"", line 348, in worker"
2026-07-09T07:38:58.344Z,car-deal-finder/worker,    worker = app.Worker(
2026-07-09T07:38:58.344Z,car-deal-finder/worker,             ^^^^^^^^^^^
2026-07-09T07:38:58.344Z,car-deal-finder/worker,"  File ""/usr/local/lib/python3.12/site-packages/celery/worker/worker.py"", line 93, in __init__"
2026-07-09T07:38:58.344Z,car-deal-finder/worker,    self.app.loader.init_worker()
2026-07-09T07:38:58.344Z,car-deal-finder/worker,"  File ""/usr/local/lib/python3.12/site-packages/celery/loaders/base.py"", line 110, in init_worker"
2026-07-09T07:38:58.344Z,car-deal-finder/worker,    self.import_default_modules()
2026-07-09T07:38:58.344Z,car-deal-finder/worker,"  File ""/usr/local/lib/python3.12/site-packages/celery/loaders/base.py"", line 105, in import_default_modules"
2026-07-09T07:38:58.344Z,car-deal-finder/worker,    return [self.import_task_module(m) for m in self.default_modules]
2026-07-09T07:38:58.344Z,car-deal-finder/worker,            ^^^^^^^^^^^^^^^^^^^^^^^^^^
2026-07-09T07:38:58.344Z,car-deal-finder/worker,"  File ""/usr/local/lib/python3.12/site-packages/celery/loaders/base.py"", line 85, in import_task_module"
2026-07-09T07:38:58.344Z,car-deal-finder/worker,    return self.import_from_cwd(module)
2026-07-09T07:38:58.344Z,car-deal-finder/worker,           ^^^^^^^^^^^^^^^^^^^^^^^^^^^^
2026-07-09T07:38:58.344Z,car-deal-finder/worker,"  File ""/usr/local/lib/python3.12/site-packages/celery/loaders/base.py"", line 91, in import_from_cwd"
2026-07-09T07:38:58.344Z,car-deal-finder/worker,    return import_from_cwd(
2026-07-09T07:38:58.344Z,car-deal-finder/worker,           ^^^^^^^^^^^^^^^^
2026-07-09T07:38:58.344Z,car-deal-finder/worker,"  File ""/usr/local/lib/python3.12/site-packages/celery/utils/imports.py"", line 109, in import_from_cwd"
2026-07-09T07:38:58.344Z,car-deal-finder/worker,"    return imp(module, package=package)"
2026-07-09T07:38:58.344Z,car-deal-finder/worker,           ^^^^^^^^^^^^^^^^^^^^^^^^^^^^
2026-07-09T07:38:58.344Z,car-deal-finder/worker,"  File ""/usr/local/lib/python3.12/site-packages/celery/loaders/base.py"", line 88, in import_module"
2026-07-09T07:38:58.344Z,car-deal-finder/worker,"    return importlib.import_module(module, package=package)"
2026-07-09T07:38:58.344Z,car-deal-finder/worker,           ^^^^^^^^^^^^^^^^^^^^^^^^^^^^^^^^^^^^^^^^^^^^^^^^
2026-07-09T07:38:58.344Z,car-deal-finder/worker,"  File ""/usr/local/lib/python3.12/importlib/__init__.py"", line 90, in import_module"
2026-07-09T07:38:58.344Z,car-deal-finder/worker,"    return _bootstrap._gcd_import(name[level:], package, level)"
2026-07-09T07:38:58.344Z,car-deal-finder/worker,           ^^^^^^^^^^^^^^^^^^^^^^^^^^^^^^^^^^^^^^^^^^^^^^^^^^^^
2026-07-09T07:38:58.344Z,car-deal-finder/worker,"  File ""<frozen importlib._bootstrap>"", line 1387, in _gcd_import"
2026-07-09T07:38:58.344Z,car-deal-finder/worker,"  File ""<frozen importlib._bootstrap>"", line 1360, in _find_and_load"
2026-07-09T07:38:58.344Z,car-deal-finder/worker,"  File ""<frozen importlib._bootstrap>"", line 1331, in _find_and_load_unlocked"
2026-07-09T07:38:58.344Z,car-deal-finder/worker,"  File ""<frozen importlib._bootstrap>"", line 935, in _load_unlocked"
2026-07-09T07:38:58.344Z,car-deal-finder/worker,"  File ""<frozen importlib._bootstrap_external>"", line 999, in exec_module"
2026-07-09T07:38:58.344Z,car-deal-finder/worker,"  File ""<frozen importlib._bootstrap>"", line 488, in _call_with_frames_removed"
2026-07-09T07:38:58.344Z,car-deal-finder/worker,"  File ""/app/app/tasks.py"", line 27, in <module>"
2026-07-09T07:38:58.345Z,car-deal-finder/beat,           ^^^^^^^^^^^^^^^^^^^^^^^^^
2026-07-09T07:38:58.345Z,car-deal-finder/beat,"  File ""/usr/local/lib/python3.12/site-packages/click/decorators.py"", line 34, in new_func"
2026-07-09T07:38:58.345Z,car-deal-finder/beat,"    return f(get_current_context(), *args, **kwargs)"
2026-07-09T07:38:58.345Z,car-deal-finder/beat,           ^^^^^^^^^^^^^^^^^^^^^^^^^^^^^^^^^^^^^^^^^
2026-07-09T07:38:58.345Z,car-deal-finder/beat,"  File ""/usr/local/lib/python3.12/site-packages/celery/bin/base.py"", line 135, in caller"
2026-07-09T07:38:58.345Z,car-deal-finder/beat,"    return f(ctx, *args, **kwargs)"
2026-07-09T07:38:58.345Z,car-deal-finder/beat,           ^^^^^^^^^^^^^^^^^^^^^^^
2026-07-09T07:38:58.345Z,car-deal-finder/beat,"  File ""/usr/local/lib/python3.12/site-packages/celery/bin/beat.py"", line 72, in beat"
2026-07-09T07:38:58.345Z,car-deal-finder/beat,    return beat().run()
2026-07-09T07:38:58.345Z,car-deal-finder/beat,           ^^^^^^^^^^^^
2026-07-09T07:38:58.345Z,car-deal-finder/beat,"  File ""/usr/local/lib/python3.12/site-packages/celery/apps/beat.py"", line 82, in run"
2026-07-09T07:38:58.345Z,car-deal-finder/beat,celery beat v5.4.0 (opalescent) is starting.
2026-07-09T07:38:58.346Z,car-deal-finder/beat,    self.init_loader()
2026-07-09T07:38:58.346Z,car-deal-finder/beat,"  File ""/usr/local/lib/python3.12/site-packages/celery/apps/beat.py"", line 132, in init_loader"
2026-07-09T07:38:58.346Z,car-deal-finder/beat,    self.app.loader.init_worker()
2026-07-09T07:38:58.346Z,car-deal-finder/beat,"  File ""/usr/local/lib/python3.12/site-packages/celery/loaders/base.py"", line 110, in init_worker"
2026-07-09T07:38:58.347Z,car-deal-finder/beat,    self.import_default_modules()
2026-07-09T07:38:58.347Z,car-deal-finder/beat,"  File ""/usr/local/lib/python3.12/site-packages/celery/loaders/base.py"", line 105, in import_default_modules"
2026-07-09T07:38:58.347Z,car-deal-finder/beat,    return [self.import_task_module(m) for m in self.default_modules]
2026-07-09T07:38:58.347Z,car-deal-finder/beat,            ^^^^^^^^^^^^^^^^^^^^^^^^^^
2026-07-09T07:38:58.347Z,car-deal-finder/beat,"  File ""/usr/local/lib/python3.12/site-packages/celery/loaders/base.py"", line 85, in import_task_module"
2026-07-09T07:38:58.347Z,car-deal-finder/beat,    return self.import_from_cwd(module)
2026-07-09T07:38:58.347Z,car-deal-finder/beat,           ^^^^^^^^^^^^^^^^^^^^^^^^^^^^
2026-07-09T07:38:58.347Z,car-deal-finder/beat,"  File ""/usr/local/lib/python3.12/site-packages/celery/loaders/base.py"", line 91, in import_from_cwd"
2026-07-09T07:38:58.347Z,car-deal-finder/beat,    return import_from_cwd(
2026-07-09T07:38:58.347Z,car-deal-finder/beat,           ^^^^^^^^^^^^^^^^
2026-07-09T07:38:58.347Z,car-deal-finder/beat,"  File ""/usr/local/lib/python3.12/site-packages/celery/utils/imports.py"", line 109, in import_from_cwd"
2026-07-09T07:38:58.347Z,car-deal-finder/beat,"    return imp(module, package=package)"
2026-07-09T07:38:58.347Z,car-deal-finder/beat,           ^^^^^^^^^^^^^^^^^^^^^^^^^^^^
2026-07-09T07:38:58.347Z,car-deal-finder/beat,"  File ""/usr/local/lib/python3.12/site-packages/celery/loaders/base.py"", line 88, in import_module"
2026-07-09T07:38:58.347Z,car-deal-finder/beat,"    return importlib.import_module(module, package=package)"
2026-07-09T07:38:58.347Z,car-deal-finder/beat,           ^^^^^^^^^^^^^^^^^^^^^^^^^^^^^^^^^^^^^^^^^^^^^^^^
2026-07-09T07:38:58.347Z,car-deal-finder/beat,"  File ""/usr/local/lib/python3.12/importlib/__init__.py"", line 90, in import_module"
2026-07-09T07:38:58.347Z,car-deal-finder/beat,"    return _bootstrap._gcd_import(name[level:], package, level)"
2026-07-09T07:38:58.347Z,car-deal-finder/beat,           ^^^^^^^^^^^^^^^^^^^^^^^^^^^^^^^^^^^^^^^^^^^^^^^^^^^^
2026-07-09T07:38:58.347Z,car-deal-finder/beat,"  File ""<frozen importlib._bootstrap>"", line 1387, in _gcd_import"
2026-07-09T07:38:58.347Z,car-deal-finder/beat,"  File ""<frozen importlib._bootstrap>"", line 1360, in _find_and_load"
2026-07-09T07:38:58.347Z,car-deal-finder/beat,"  File ""<frozen importlib._bootstrap>"", line 1331, in _find_and_load_unlocked"
2026-07-09T07:38:58.347Z,car-deal-finder/beat,"  File ""<frozen importlib._bootstrap>"", line 935, in _load_unlocked"
2026-07-09T07:38:58.347Z,car-deal-finder/beat,"  File ""<frozen importlib._bootstrap_external>"", line 999, in exec_module"
2026-07-09T07:38:58.347Z,car-deal-finder/beat,"  File ""<frozen importlib._bootstrap>"", line 488, in _call_with_frames_removed"
2026-07-09T07:38:58.347Z,car-deal-finder/beat,"  File ""/app/app/tasks.py"", line 27, in <module>"
2026-07-09T07:38:58.350Z,car-deal-finder/worker,"    from .urlnorm import domain_of, normalize_url, url_hash"
2026-07-09T07:38:58.350Z,car-deal-finder/worker,"  File ""/app/app/urlnorm.py"", line 1"
2026-07-09T07:38:58.350Z,car-deal-finder/worker,"    """"""URL normalization for product identity."
2026-07-09T07:38:58.350Z,car-deal-finder/worker,IndentationError: unexpected indent
2026-07-09T07:38:58.351Z,car-deal-finder/beat,"    from .urlnorm import domain_of, normalize_url, url_hash"
2026-07-09T07:38:58.351Z,car-deal-finder/beat,"  File ""/app/app/urlnorm.py"", line 1"
2026-07-09T07:38:58.351Z,car-deal-finder/beat,"    """"""URL normalization for product identity."
2026-07-09T07:38:58.351Z,car-deal-finder/beat,IndentationError: unexpected indent
2026-07-09T07:39:13.450Z,car-deal-finder/worker,Traceback (most recent call last):
2026-07-09T07:39:13.451Z,car-deal-finder/beat,celery beat v5.4.0 (opalescent) is starting.
2026-07-09T07:39:13.451Z,car-deal-finder/beat,Traceback (most recent call last):
2026-07-09T07:39:13.451Z,car-deal-finder/worker,"  File ""/usr/local/bin/celery"", line 8, in <module>"
2026-07-09T07:39:13.451Z,car-deal-finder/worker,    sys.exit(main())
2026-07-09T07:39:13.451Z,car-deal-finder/worker,             ^^^^^^
2026-07-09T07:39:13.451Z,car-deal-finder/worker,"  File ""/usr/local/lib/python3.12/site-packages/celery/__main__.py"", line 15, in main"
2026-07-09T07:39:13.451Z,car-deal-finder/worker,    sys.exit(_main())
2026-07-09T07:39:13.451Z,car-deal-finder/worker,             ^^^^^^^
2026-07-09T07:39:13.451Z,car-deal-finder/worker,"  File ""/usr/local/lib/python3.12/site-packages/celery/bin/celery.py"", line 236, in main"
2026-07-09T07:39:13.451Z,car-deal-finder/worker,"    return celery(auto_envvar_prefix=""CELERY"")"
2026-07-09T07:39:13.451Z,car-deal-finder/worker,           ^^^^^^^^^^^^^^^^^^^^^^^^^^^^^^^^^^^
2026-07-09T07:39:13.451Z,car-deal-finder/worker,"  File ""/usr/local/lib/python3.12/site-packages/click/core.py"", line 1569, in __call__"
2026-07-09T07:39:13.451Z,car-deal-finder/worker,"    return self.main(*args, **kwargs)"
2026-07-09T07:39:13.451Z,car-deal-finder/worker,           ^^^^^^^^^^^^^^^^^^^^^^^^^^
2026-07-09T07:39:13.451Z,car-deal-finder/worker,"  File ""/usr/local/lib/python3.12/site-packages/click/core.py"", line 1490, in main"
2026-07-09T07:39:13.452Z,car-deal-finder/worker,    rv = self.invoke(ctx)
2026-07-09T07:39:13.452Z,car-deal-finder/worker,         ^^^^^^^^^^^^^^^^
2026-07-09T07:39:13.452Z,car-deal-finder/worker,"  File ""/usr/local/lib/python3.12/site-packages/click/core.py"", line 1970, in invoke"
2026-07-09T07:39:13.452Z,car-deal-finder/worker,    return _process_result(sub_ctx.command.invoke(sub_ctx))
2026-07-09T07:39:13.452Z,car-deal-finder/worker,                           ^^^^^^^^^^^^^^^^^^^^^^^^^^^^^^^
2026-07-09T07:39:13.452Z,car-deal-finder/worker,"  File ""/usr/local/lib/python3.12/site-packages/click/core.py"", line 1353, in invoke"
2026-07-09T07:39:13.452Z,car-deal-finder/worker,"    return ctx.invoke(self.callback, **ctx.params)"
2026-07-09T07:39:13.452Z,car-deal-finder/worker,           ^^^^^^^^^^^^^^^^^^^^^^^^^^^^^^^^^^^^^^^
2026-07-09T07:39:13.452Z,car-deal-finder/worker,"  File ""/usr/local/lib/python3.12/site-packages/click/core.py"", line 907, in invoke"
2026-07-09T07:39:13.452Z,car-deal-finder/worker,"    return callback(*args, **kwargs)"
2026-07-09T07:39:13.452Z,car-deal-finder/worker,           ^^^^^^^^^^^^^^^^^^^^^^^^^
2026-07-09T07:39:13.452Z,car-deal-finder/worker,"  File ""/usr/local/lib/python3.12/site-packages/click/decorators.py"", line 34, in new_func"
2026-07-09T07:39:13.452Z,car-deal-finder/worker,"    return f(get_current_context(), *args, **kwargs)"
2026-07-09T07:39:13.452Z,car-deal-finder/worker,           ^^^^^^^^^^^^^^^^^^^^^^^^^^^^^^^^^^^^^^^^^
2026-07-09T07:39:13.452Z,car-deal-finder/worker,"  File ""/usr/local/lib/python3.12/site-packages/celery/bin/base.py"", line 135, in caller"
2026-07-09T07:39:13.452Z,car-deal-finder/worker,"    return f(ctx, *args, **kwargs)"
2026-07-09T07:39:13.452Z,car-deal-finder/worker,           ^^^^^^^^^^^^^^^^^^^^^^^
2026-07-09T07:39:13.452Z,car-deal-finder/worker,"  File ""/usr/local/lib/python3.12/site-packages/celery/bin/worker.py"", line 348, in worker"
2026-07-09T07:39:13.452Z,car-deal-finder/worker,    worker = app.Worker(
2026-07-09T07:39:13.452Z,car-deal-finder/worker,             ^^^^^^^^^^^
2026-07-09T07:39:13.452Z,car-deal-finder/worker,"  File ""/usr/local/lib/python3.12/site-packages/celery/worker/worker.py"", line 93, in __init__"
2026-07-09T07:39:13.452Z,car-deal-finder/worker,    self.app.loader.init_worker()
2026-07-09T07:39:13.452Z,car-deal-finder/worker,"  File ""/usr/local/lib/python3.12/site-packages/celery/loaders/base.py"", line 110, in init_worker"
2026-07-09T07:39:13.452Z,car-deal-finder/worker,    self.import_default_modules()
2026-07-09T07:39:13.452Z,car-deal-finder/worker,"  File ""/usr/local/lib/python3.12/site-packages/celery/loaders/base.py"", line 105, in import_default_modules"
2026-07-09T07:39:13.452Z,car-deal-finder/worker,    return [self.import_task_module(m) for m in self.default_modules]
2026-07-09T07:39:13.452Z,car-deal-finder/worker,            ^^^^^^^^^^^^^^^^^^^^^^^^^^
2026-07-09T07:39:13.452Z,car-deal-finder/worker,"  File ""/usr/local/lib/python3.12/site-packages/celery/loaders/base.py"", line 85, in import_task_module"
2026-07-09T07:39:13.452Z,car-deal-finder/worker,    return self.import_from_cwd(module)
2026-07-09T07:39:13.452Z,car-deal-finder/worker,           ^^^^^^^^^^^^^^^^^^^^^^^^^^^^
2026-07-09T07:39:13.452Z,car-deal-finder/worker,"  File ""/usr/local/lib/python3.12/site-packages/celery/loaders/base.py"", line 91, in import_from_cwd"
2026-07-09T07:39:13.452Z,car-deal-finder/worker,    return import_from_cwd(
2026-07-09T07:39:13.452Z,car-deal-finder/worker,           ^^^^^^^^^^^^^^^^
2026-07-09T07:39:13.452Z,car-deal-finder/worker,"  File ""/usr/local/lib/python3.12/site-packages/celery/utils/imports.py"", line 109, in import_from_cwd"
2026-07-09T07:39:13.452Z,car-deal-finder/worker,"    return imp(module, package=package)"
2026-07-09T07:39:13.452Z,car-deal-finder/worker,           ^^^^^^^^^^^^^^^^^^^^^^^^^^^^
2026-07-09T07:39:13.452Z,car-deal-finder/worker,"  File ""/usr/local/lib/python3.12/site-packages/celery/loaders/base.py"", line 88, in import_module"
2026-07-09T07:39:13.452Z,car-deal-finder/worker,"    return importlib.import_module(module, package=package)"
2026-07-09T07:39:13.452Z,car-deal-finder/worker,           ^^^^^^^^^^^^^^^^^^^^^^^^^^^^^^^^^^^^^^^^^^^^^^^^
2026-07-09T07:39:13.452Z,car-deal-finder/worker,"  File ""/usr/local/lib/python3.12/importlib/__init__.py"", line 90, in import_module"
2026-07-09T07:39:13.452Z,car-deal-finder/worker,"    return _bootstrap._gcd_import(name[level:], package, level)"
2026-07-09T07:39:13.452Z,car-deal-finder/worker,           ^^^^^^^^^^^^^^^^^^^^^^^^^^^^^^^^^^^^^^^^^^^^^^^^^^^^
2026-07-09T07:39:13.452Z,car-deal-finder/worker,"  File ""<frozen importlib._bootstrap>"", line 1387, in _gcd_import"
2026-07-09T07:39:13.452Z,car-deal-finder/worker,"  File ""<frozen importlib._bootstrap>"", line 1360, in _find_and_load"
2026-07-09T07:39:13.452Z,car-deal-finder/worker,"  File ""<frozen importlib._bootstrap>"", line 1331, in _find_and_load_unlocked"
2026-07-09T07:39:13.452Z,car-deal-finder/worker,"  File ""<frozen importlib._bootstrap>"", line 935, in _load_unlocked"
2026-07-09T07:39:13.452Z,car-deal-finder/worker,"  File ""<frozen importlib._bootstrap_external>"", line 999, in exec_module"
2026-07-09T07:39:13.452Z,car-deal-finder/worker,"  File ""<frozen importlib._bootstrap>"", line 488, in _call_with_frames_removed"
2026-07-09T07:39:13.452Z,car-deal-finder/worker,"  File ""/app/app/tasks.py"", line 27, in <module>"
2026-07-09T07:39:13.453Z,car-deal-finder/beat,"  File ""/usr/local/bin/celery"", line 8, in <module>"
2026-07-09T07:39:13.453Z,car-deal-finder/beat,    sys.exit(main())
2026-07-09T07:39:13.453Z,car-deal-finder/beat,             ^^^^^^
2026-07-09T07:39:13.453Z,car-deal-finder/beat,"  File ""/usr/local/lib/python3.12/site-packages/celery/__main__.py"", line 15, in main"
2026-07-09T07:39:13.453Z,car-deal-finder/beat,    sys.exit(_main())
2026-07-09T07:39:13.453Z,car-deal-finder/beat,             ^^^^^^^
2026-07-09T07:39:13.453Z,car-deal-finder/beat,"  File ""/usr/local/lib/python3.12/site-packages/celery/bin/celery.py"", line 236, in main"
2026-07-09T07:39:13.453Z,car-deal-finder/beat,"    return celery(auto_envvar_prefix=""CELERY"")"
2026-07-09T07:39:13.453Z,car-deal-finder/beat,           ^^^^^^^^^^^^^^^^^^^^^^^^^^^^^^^^^^^
2026-07-09T07:39:13.453Z,car-deal-finder/beat,"  File ""/usr/local/lib/python3.12/site-packages/click/core.py"", line 1569, in __call__"
2026-07-09T07:39:13.453Z,car-deal-finder/beat,"    return self.main(*args, **kwargs)"
2026-07-09T07:39:13.453Z,car-deal-finder/beat,           ^^^^^^^^^^^^^^^^^^^^^^^^^^
2026-07-09T07:39:13.453Z,car-deal-finder/beat,"  File ""/usr/local/lib/python3.12/site-packages/click/core.py"", line 1490, in main"
2026-07-09T07:39:13.453Z,car-deal-finder/beat,    rv = self.invoke(ctx)
2026-07-09T07:39:13.453Z,car-deal-finder/beat,         ^^^^^^^^^^^^^^^^
2026-07-09T07:39:13.453Z,car-deal-finder/beat,"  File ""/usr/local/lib/python3.12/site-packages/click/core.py"", line 1970, in invoke"
2026-07-09T07:39:13.453Z,car-deal-finder/beat,    return _process_result(sub_ctx.command.invoke(sub_ctx))
2026-07-09T07:39:13.453Z,car-deal-finder/beat,                           ^^^^^^^^^^^^^^^^^^^^^^^^^^^^^^^
2026-07-09T07:39:13.453Z,car-deal-finder/beat,"  File ""/usr/local/lib/python3.12/site-packages/click/core.py"", line 1353, in invoke"
2026-07-09T07:39:13.453Z,car-deal-finder/beat,"    return ctx.invoke(self.callback, **ctx.params)"
2026-07-09T07:39:13.453Z,car-deal-finder/beat,           ^^^^^^^^^^^^^^^^^^^^^^^^^^^^^^^^^^^^^^^
2026-07-09T07:39:13.453Z,car-deal-finder/beat,"  File ""/usr/local/lib/python3.12/site-packages/click/core.py"", line 907, in invoke"
2026-07-09T07:39:13.453Z,car-deal-finder/beat,"    return callback(*args, **kwargs)"
2026-07-09T07:39:13.453Z,car-deal-finder/beat,           ^^^^^^^^^^^^^^^^^^^^^^^^^
2026-07-09T07:39:13.453Z,car-deal-finder/beat,"  File ""/usr/local/lib/python3.12/site-packages/click/decorators.py"", line 34, in new_func"
2026-07-09T07:39:13.453Z,car-deal-finder/beat,"    return f(get_current_context(), *args, **kwargs)"
2026-07-09T07:39:13.453Z,car-deal-finder/beat,           ^^^^^^^^^^^^^^^^^^^^^^^^^^^^^^^^^^^^^^^^^
2026-07-09T07:39:13.453Z,car-deal-finder/beat,"  File ""/usr/local/lib/python3.12/site-packages/celery/bin/base.py"", line 135, in caller"
2026-07-09T07:39:13.453Z,car-deal-finder/beat,"    return f(ctx, *args, **kwargs)"
2026-07-09T07:39:13.453Z,car-deal-finder/beat,           ^^^^^^^^^^^^^^^^^^^^^^^
2026-07-09T07:39:13.453Z,car-deal-finder/beat,"  File ""/usr/local/lib/python3.12/site-packages/celery/bin/beat.py"", line 72, in beat"
2026-07-09T07:39:13.453Z,car-deal-finder/beat,    return beat().run()
2026-07-09T07:39:13.453Z,car-deal-finder/beat,           ^^^^^^^^^^^^
2026-07-09T07:39:13.453Z,car-deal-finder/beat,"  File ""/usr/local/lib/python3.12/site-packages/celery/apps/beat.py"", line 82, in run"
2026-07-09T07:39:13.453Z,car-deal-finder/beat,    self.init_loader()
2026-07-09T07:39:13.453Z,car-deal-finder/beat,"  File ""/usr/local/lib/python3.12/site-packages/celery/apps/beat.py"", line 132, in init_loader"
2026-07-09T07:39:13.453Z,car-deal-finder/beat,    self.app.loader.init_worker()
2026-07-09T07:39:13.453Z,car-deal-finder/beat,"  File ""/usr/local/lib/python3.12/site-packages/celery/loaders/base.py"", line 110, in init_worker"
2026-07-09T07:39:13.453Z,car-deal-finder/beat,    self.import_default_modules()
2026-07-09T07:39:13.453Z,car-deal-finder/beat,"  File ""/usr/local/lib/python3.12/site-packages/celery/loaders/base.py"", line 105, in import_default_modules"
2026-07-09T07:39:13.453Z,car-deal-finder/beat,    return [self.import_task_module(m) for m in self.default_modules]
2026-07-09T07:39:13.453Z,car-deal-finder/beat,            ^^^^^^^^^^^^^^^^^^^^^^^^^^
2026-07-09T07:39:13.453Z,car-deal-finder/beat,"  File ""/usr/local/lib/python3.12/site-packages/celery/loaders/base.py"", line 85, in import_task_module"
2026-07-09T07:39:13.453Z,car-deal-finder/beat,    return self.import_from_cwd(module)
2026-07-09T07:39:13.453Z,car-deal-finder/beat,           ^^^^^^^^^^^^^^^^^^^^^^^^^^^^
2026-07-09T07:39:13.453Z,car-deal-finder/beat,"  File ""/usr/local/lib/python3.12/site-packages/celery/loaders/base.py"", line 91, in import_from_cwd"
2026-07-09T07:39:13.453Z,car-deal-finder/beat,    return import_from_cwd(
2026-07-09T07:39:13.453Z,car-deal-finder/beat,           ^^^^^^^^^^^^^^^^
2026-07-09T07:39:13.453Z,car-deal-finder/beat,"  File ""/usr/local/lib/python3.12/site-packages/celery/utils/imports.py"", line 109, in import_from_cwd"
2026-07-09T07:39:13.453Z,car-deal-finder/beat,"    return imp(module, package=package)"
2026-07-09T07:39:13.453Z,car-deal-finder/beat,           ^^^^^^^^^^^^^^^^^^^^^^^^^^^^
2026-07-09T07:39:13.453Z,car-deal-finder/beat,"  File ""/usr/local/lib/python3.12/site-packages/celery/loaders/base.py"", line 88, in import_module"
2026-07-09T07:39:13.453Z,car-deal-finder/beat,"    return importlib.import_module(module, package=package)"
2026-07-09T07:39:13.453Z,car-deal-finder/beat,           ^^^^^^^^^^^^^^^^^^^^^^^^^^^^^^^^^^^^^^^^^^^^^^^^
2026-07-09T07:39:13.453Z,car-deal-finder/beat,"  File ""/usr/local/lib/python3.12/importlib/__init__.py"", line 90, in import_module"
2026-07-09T07:39:13.453Z,car-deal-finder/beat,"    return _bootstrap._gcd_import(name[level:], package, level)"
2026-07-09T07:39:13.453Z,car-deal-finder/beat,           ^^^^^^^^^^^^^^^^^^^^^^^^^^^^^^^^^^^^^^^^^^^^^^^^^^^^
2026-07-09T07:39:13.453Z,car-deal-finder/beat,"  File ""<frozen importlib._bootstrap>"", line 1387, in _gcd_import"
2026-07-09T07:39:13.453Z,car-deal-finder/beat,"  File ""<frozen importlib._bootstrap>"", line 1360, in _find_and_load"
2026-07-09T07:39:13.453Z,car-deal-finder/beat,"  File ""<frozen importlib._bootstrap>"", line 1331, in _find_and_load_unlocked"
2026-07-09T07:39:13.453Z,car-deal-finder/beat,"  File ""<frozen importlib._bootstrap>"", line 935, in _load_unlocked"
2026-07-09T07:39:13.453Z,car-deal-finder/beat,"  File ""<frozen importlib._bootstrap_external>"", line 999, in exec_module"
2026-07-09T07:39:13.453Z,car-deal-finder/beat,"  File ""<frozen importlib._bootstrap>"", line 488, in _call_with_frames_removed"
2026-07-09T07:39:13.453Z,car-deal-finder/beat,"  File ""/app/app/tasks.py"", line 27, in <module>"
2026-07-09T07:39:13.460Z,car-deal-finder/worker,"    from .urlnorm import domain_of, normalize_url, url_hash"
2026-07-09T07:39:13.461Z,car-deal-finder/beat,"    from .urlnorm import domain_of, normalize_url, url_hash"
2026-07-09T07:39:13.461Z,car-deal-finder/beat,"  File ""/app/app/urlnorm.py"", line 1"
2026-07-09T07:39:13.461Z,car-deal-finder/beat,"    """"""URL normalization for product identity."
2026-07-09T07:39:13.461Z,car-deal-finder/beat,IndentationError: unexpected indent
2026-07-09T07:39:13.461Z,car-deal-finder/worker,"  File ""/app/app/urlnorm.py"", line 1"
2026-07-09T07:39:13.461Z,car-deal-finder/worker,"    """"""URL normalization for product identity."
2026-07-09T07:39:13.461Z,car-deal-finder/worker,IndentationError: unexpected indent